2025-04-24 14:26:58,818 - __main__ - INFO - Creating Optuna study: multi_ethnic_moe_20250424_142658
2025-04-24 14:26:59,366 - __main__ - INFO - Using 1 GPUs for hyperparameter optimization
2025-04-24 14:27:02,795 - __mp_main__ - INFO - Running trial 0 on device cuda:0
2025-04-24 14:27:02,795 - __mp_main__ - INFO - Loaded global parameters from ./data/global_parameters.json
2025-04-24 14:27:02,800 - __mp_main__ - INFO - Loaded DA coordinates from ./data/toronto_da.csv
2025-04-24 14:27:02,849 - csrn.data_loader.spatial_data_loader - INFO - Loaded walking matrix with shape (3742, 3742)
2025-04-24 14:27:02,897 - csrn.data_loader.spatial_data_loader - INFO - Loaded transit matrix with shape (3742, 3742)
2025-04-24 14:27:02,946 - csrn.data_loader.spatial_data_loader - INFO - Loaded proximity matrix with shape (3742, 3742)
2025-04-24 14:27:02,951 - csrn.data_loader.spatial_data_loader - INFO - Loaded DA info with 3742 entries
2025-04-24 14:27:02,953 - csrn.data_loader.spatial_data_loader - INFO - Loading multi-ethnic data files...
2025-04-24 14:27:03,032 - csrn.data_loader.spatial_data_loader - INFO - Loaded train_features: 2236 rows
2025-04-24 14:27:03,034 - csrn.data_loader.spatial_data_loader - INFO - Loaded train_pop_2001: 2236 rows
2025-04-24 14:27:03,034 - csrn.data_loader.spatial_data_loader - INFO -   - Contains 5 ethnicities: ['China', 'India', 'Philippines', 'Portugal', 'Sri Lanka']
2025-04-24 14:27:03,036 - csrn.data_loader.spatial_data_loader - INFO - Loaded train_pop_2006: 2236 rows
2025-04-24 14:27:03,036 - csrn.data_loader.spatial_data_loader - INFO -   - Contains 5 ethnicities: ['China', 'India', 'Philippines', 'Portugal', 'Sri Lanka']
2025-04-24 14:27:03,062 - csrn.data_loader.spatial_data_loader - INFO - Loaded val_features: 745 rows
2025-04-24 14:27:03,063 - csrn.data_loader.spatial_data_loader - INFO - Loaded val_pop_2001: 745 rows
2025-04-24 14:27:03,064 - csrn.data_loader.spatial_data_loader - INFO -   - Contains 5 ethnicities: ['China', 'India', 'Philippines', 'Portugal', 'Sri Lanka']
2025-04-24 14:27:03,065 - csrn.data_loader.spatial_data_loader - INFO - Loaded val_pop_2006: 745 rows
2025-04-24 14:27:03,065 - csrn.data_loader.spatial_data_loader - INFO -   - Contains 5 ethnicities: ['China', 'India', 'Philippines', 'Portugal', 'Sri Lanka']
2025-04-24 14:27:03,089 - csrn.data_loader.spatial_data_loader - INFO - Loaded test_features: 746 rows
2025-04-24 14:27:03,091 - csrn.data_loader.spatial_data_loader - INFO - Loaded test_pop_2001: 746 rows
2025-04-24 14:27:03,091 - csrn.data_loader.spatial_data_loader - INFO -   - Contains 5 ethnicities: ['China', 'India', 'Philippines', 'Portugal', 'Sri Lanka']
2025-04-24 14:27:03,092 - csrn.data_loader.spatial_data_loader - INFO - Loaded test_pop_2006: 746 rows
2025-04-24 14:27:03,092 - csrn.data_loader.spatial_data_loader - INFO -   - Contains 5 ethnicities: ['China', 'India', 'Philippines', 'Portugal', 'Sri Lanka']
2025-04-24 14:27:03,092 - csrn.data_loader.spatial_data_loader - INFO - Creating multi-ethnic spatially-aware DataLoaders...
2025-04-24 14:27:03,092 - csrn.data_loader.spatial_data_loader - INFO - Preprocessing features...
2025-04-24 14:27:03,122 - csrn.data_loader.spatial_data_loader - INFO - Feature preprocessing complete.
2025-04-24 14:27:03,125 - csrn.data_loader.spatial_data_loader - INFO - Loaded data with 5 ethnicities: ['China', 'India', 'Philippines', 'Portugal', 'Sri Lanka']
2025-04-24 14:27:03,858 - csrn.data_loader.spatial_data_loader - INFO - Loaded coordinates for 2236 DAs
2025-04-24 14:27:03,860 - csrn.data_loader.spatial_data_loader - INFO - Loaded data with 5 ethnicities: ['China', 'India', 'Philippines', 'Portugal', 'Sri Lanka']
2025-04-24 14:27:04,094 - csrn.data_loader.spatial_data_loader - INFO - Loaded coordinates for 745 DAs
2025-04-24 14:27:04,096 - csrn.data_loader.spatial_data_loader - INFO - Loaded data with 5 ethnicities: ['China', 'India', 'Philippines', 'Portugal', 'Sri Lanka']
2025-04-24 14:27:04,334 - csrn.data_loader.spatial_data_loader - INFO - Loaded coordinates for 746 DAs
2025-04-24 14:27:04,334 - csrn.data_loader.spatial_data_loader - INFO - Created DataLoaders: Train size=2236, Val size=745, Test size=746
2025-04-24 14:27:04,334 - csrn.data_loader.spatial_data_loader - INFO - Number of ethnicities: 5
2025-04-24 14:27:04,334 - __mp_main__ - INFO - Loaded data with 5 ethnicities
2025-04-24 14:27:04,459 - __mp_main__ - INFO - Using adjusted dimensions - hidden_dims: [124, 52, 24], coord_embed_dim: 12
2025-04-24 14:27:04,512 - spatial_moe_trainer - INFO - Multi-Ethnic Spatial MoE model initialized on cuda:0
2025-04-24 14:27:04,512 - spatial_moe_trainer - INFO - Model will predict 5 ethnicities: ['China', 'India', 'Philippines', 'Portugal', 'Sri Lanka']
2025-04-24 14:27:04,533 - __mp_main__ - INFO - Testing model forward pass before training...
2025-04-24 14:27:04,821 - __mp_main__ - INFO - Test forward pass successful. Output shape: torch.Size([64, 5])
2025-04-24 14:27:04,821 - spatial_moe_trainer - INFO - Starting multi-ethnic spatial MoE model training with learnable expert router...
2025-04-24 14:27:04,821 - spatial_moe_trainer - INFO - Using colonization_weight=6.41003510568888, jump_weight=9.72918866945795, decline_weight=2.636424704863906, pde_weight=3.7381801866358395
2025-04-24 14:27:29,861 - spatial_moe_trainer - INFO - Epoch 1/100 - Train Loss: 2237.9263 (Col: 2302.7133, Jump: 818.0380, Decline: 170.3657, PDE: 5341.2928, Reg: 9853.0887), Eth Losses: China: 4497.9950, India: 2648.7449, Philippines: 1565.3672... (more ethnicities), Val Loss: 1831.8515, Val MAE: 21.6454, Val R2: 0.2620
2025-04-24 14:27:53,532 - spatial_moe_trainer - INFO - Epoch 2/100 - Train Loss: 1754.7872 (Col: 1754.1616, Jump: 724.8493, Decline: 151.2620, PDE: 4574.7261, Reg: 12832.3163), Eth Losses: China: 3166.3293, India: 2355.2126, Philippines: 1369.9232... (more ethnicities), Val Loss: 1515.7308, Val MAE: 16.1542, Val R2: 0.3893
2025-04-24 14:28:17,151 - spatial_moe_trainer - INFO - Epoch 3/100 - Train Loss: 1480.4094 (Col: 1374.1593, Jump: 561.1490, Decline: 144.6352, PDE: 4255.7885, Reg: 14688.8453), Eth Losses: China: 2297.5005, India: 2113.6909, Philippines: 1294.9023... (more ethnicities), Val Loss: 1337.7458, Val MAE: 14.9573, Val R2: 0.4611
2025-04-24 14:28:40,814 - spatial_moe_trainer - INFO - Epoch 4/100 - Train Loss: 1316.5291 (Col: 1167.3375, Jump: 729.2875, Decline: 146.7337, PDE: 4018.2732, Reg: 14526.7933), Eth Losses: China: 1785.0615, India: 1873.1991, Philippines: 1269.4030... (more ethnicities), Val Loss: 1247.4437, Val MAE: 14.5413, Val R2: 0.4974
2025-04-24 14:29:04,359 - spatial_moe_trainer - INFO - Epoch 5/100 - Train Loss: 1182.7814 (Col: 1028.2862, Jump: 564.0980, Decline: 137.3567, PDE: 3912.1267, Reg: 13698.6186), Eth Losses: China: 1470.3653, India: 1687.4836, Philippines: 1186.0713... (more ethnicities), Val Loss: 1154.0141, Val MAE: 14.0665, Val R2: 0.5351
2025-04-24 14:29:28,006 - spatial_moe_trainer - INFO - Epoch 6/100 - Train Loss: 1052.0255 (Col: 907.4526, Jump: 468.4808, Decline: 134.5770, PDE: 3684.6357, Reg: 17779.2233), Eth Losses: China: 1263.9357, India: 1334.2881, Philippines: 1079.1390... (more ethnicities), Val Loss: 1102.0556, Val MAE: 14.0602, Val R2: 0.5560
2025-04-24 14:29:51,788 - spatial_moe_trainer - INFO - Epoch 7/100 - Train Loss: 946.7996 (Col: 757.5955, Jump: 452.9437, Decline: 131.7301, PDE: 3555.2839, Reg: 17405.2225), Eth Losses: China: 1196.1866, India: 967.2161, Philippines: 1042.5819... (more ethnicities), Val Loss: 1083.3859, Val MAE: 13.7624, Val R2: 0.5635
2025-04-24 14:30:15,291 - spatial_moe_trainer - INFO - Epoch 8/100 - Train Loss: 861.1281 (Col: 682.5153, Jump: 475.5352, Decline: 131.9702, PDE: 3309.8221, Reg: 16844.9843), Eth Losses: China: 1019.3326, India: 869.8620, Philippines: 935.7537... (more ethnicities), Val Loss: 927.3987, Val MAE: 13.6360, Val R2: 0.6264
2025-04-24 14:30:38,750 - spatial_moe_trainer - INFO - Epoch 9/100 - Train Loss: 827.3244 (Col: 649.8332, Jump: 383.5325, Decline: 130.6711, PDE: 3273.8225, Reg: 13996.7118), Eth Losses: China: 1090.4625, India: 759.7353, Philippines: 915.1550... (more ethnicities), Val Loss: 922.2812, Val MAE: 12.9755, Val R2: 0.6284
2025-04-24 14:31:02,240 - spatial_moe_trainer - INFO - Epoch 10/100 - Train Loss: 744.4437 (Col: 542.3839, Jump: 436.6633, Decline: 133.2095, PDE: 3129.8781, Reg: 11971.1441), Eth Losses: China: 941.2179, India: 625.3705, Philippines: 826.2767... (more ethnicities), Val Loss: 864.8485, Val MAE: 13.1307, Val R2: 0.6516
2025-04-24 14:31:25,982 - spatial_moe_trainer - INFO - Epoch 11/100 - Train Loss: 765.1580 (Col: 587.4191, Jump: 416.0263, Decline: 128.6999, PDE: 3018.5145, Reg: 13964.7687), Eth Losses: China: 957.2308, India: 860.7874, Philippines: 806.1925... (more ethnicities), Val Loss: 807.8002, Val MAE: 12.4534, Val R2: 0.6746
2025-04-24 14:31:49,523 - spatial_moe_trainer - INFO - Epoch 12/100 - Train Loss: 644.6079 (Col: 453.6313, Jump: 464.1296, Decline: 128.9129, PDE: 2886.4675, Reg: 14787.1060), Eth Losses: China: 817.0492, India: 560.3828, Philippines: 703.4424... (more ethnicities), Val Loss: 746.1308, Val MAE: 12.3475, Val R2: 0.6994
2025-04-24 14:32:13,098 - spatial_moe_trainer - INFO - Epoch 13/100 - Train Loss: 627.4489 (Col: 424.8127, Jump: 431.1484, Decline: 136.9686, PDE: 2856.9763, Reg: 13684.2654), Eth Losses: China: 768.9872, India: 632.4061, Philippines: 690.0593... (more ethnicities), Val Loss: 696.3528, Val MAE: 12.6034, Val R2: 0.7195
2025-04-24 14:32:36,652 - spatial_moe_trainer - INFO - Epoch 14/100 - Train Loss: 598.3714 (Col: 412.7456, Jump: 381.7292, Decline: 138.0127, PDE: 2667.1953, Reg: 11355.8620), Eth Losses: China: 724.5180, India: 596.9165, Philippines: 660.0403... (more ethnicities), Val Loss: 681.5389, Val MAE: 12.2651, Val R2: 0.7254
2025-04-24 14:33:00,418 - spatial_moe_trainer - INFO - Epoch 15/100 - Train Loss: 568.0042 (Col: 366.7837, Jump: 416.7601, Decline: 140.0303, PDE: 2634.2198, Reg: 14994.2502), Eth Losses: China: 701.2986, India: 603.3110, Philippines: 586.6959... (more ethnicities), Val Loss: 648.7147, Val MAE: 12.3691, Val R2: 0.7386
2025-04-24 14:33:24,153 - spatial_moe_trainer - INFO - Epoch 16/100 - Train Loss: 578.5302 (Col: 385.6536, Jump: 288.8884, Decline: 147.3330, PDE: 2697.3555, Reg: 14620.0375), Eth Losses: China: 723.5450, India: 655.9056, Philippines: 603.3251... (more ethnicities), Val Loss: 660.7498, Val MAE: 12.5545, Val R2: 0.7338
2025-04-24 14:33:47,776 - spatial_moe_trainer - INFO - Epoch 17/100 - Train Loss: 562.0535 (Col: 377.9097, Jump: 389.4994, Decline: 139.3891, PDE: 2472.9636, Reg: 10809.9794), Eth Losses: China: 772.2021, India: 583.6100, Philippines: 561.4289... (more ethnicities), Val Loss: 647.4528, Val MAE: 11.8430, Val R2: 0.7392
2025-04-24 14:34:11,454 - spatial_moe_trainer - INFO - Epoch 18/100 - Train Loss: 543.7680 (Col: 360.7114, Jump: 297.5780, Decline: 150.2485, PDE: 2431.6221, Reg: 11024.4317), Eth Losses: China: 692.8328, India: 619.7063, Philippines: 612.8833... (more ethnicities), Val Loss: 621.2328, Val MAE: 12.1799, Val R2: 0.7497
2025-04-24 14:34:35,138 - spatial_moe_trainer - INFO - Epoch 19/100 - Train Loss: 520.0079 (Col: 342.2293, Jump: 383.2655, Decline: 138.0047, PDE: 2355.4496, Reg: 14925.9376), Eth Losses: China: 663.5950, India: 572.3597, Philippines: 531.1885... (more ethnicities), Val Loss: 635.5923, Val MAE: 11.9136, Val R2: 0.7439
2025-04-24 14:34:58,656 - spatial_moe_trainer - INFO - Epoch 20/100 - Train Loss: 508.8268 (Col: 327.1734, Jump: 332.7892, Decline: 149.0658, PDE: 2348.0615, Reg: 12841.6383), Eth Losses: China: 635.5902, India: 579.1238, Philippines: 578.5582... (more ethnicities), Val Loss: 629.2198, Val MAE: 11.9371, Val R2: 0.7465
2025-04-24 14:35:22,599 - spatial_moe_trainer - INFO - Epoch 21/100 - Train Loss: 505.3703 (Col: 328.5464, Jump: 301.3020, Decline: 143.7157, PDE: 2360.3148, Reg: 11079.5596), Eth Losses: China: 663.0580, India: 593.7537, Philippines: 531.0185... (more ethnicities), Val Loss: 598.9469, Val MAE: 11.6133, Val R2: 0.7587
2025-04-24 14:35:46,430 - spatial_moe_trainer - INFO - Epoch 22/100 - Train Loss: 510.6487 (Col: 347.3818, Jump: 309.3788, Decline: 146.6119, PDE: 2233.1219, Reg: 11894.8400), Eth Losses: China: 739.5849, India: 613.8207, Philippines: 421.8273... (more ethnicities), Val Loss: 603.1975, Val MAE: 11.6667, Val R2: 0.7570
2025-04-24 14:36:10,334 - spatial_moe_trainer - INFO - Epoch 23/100 - Train Loss: 464.0918 (Col: 289.4399, Jump: 344.8203, Decline: 147.1742, PDE: 2164.0545, Reg: 10788.5513), Eth Losses: China: 612.0551, India: 510.9961, Philippines: 483.6644... (more ethnicities), Val Loss: 590.3230, Val MAE: 11.6568, Val R2: 0.7622
2025-04-24 14:36:33,957 - spatial_moe_trainer - INFO - Epoch 24/100 - Train Loss: 472.8657 (Col: 298.1732, Jump: 378.1482, Decline: 154.9344, PDE: 2201.4207, Reg: 11419.8197), Eth Losses: China: 548.6050, India: 525.3394, Philippines: 551.4822... (more ethnicities), Val Loss: 604.4906, Val MAE: 11.4568, Val R2: 0.7565
2025-04-24 14:36:57,558 - spatial_moe_trainer - INFO - Epoch 25/100 - Train Loss: 476.9787 (Col: 310.7559, Jump: 314.3789, Decline: 155.3900, PDE: 2175.9915, Reg: 9706.8642), Eth Losses: China: 750.5768, India: 532.2210, Philippines: 424.1366... (more ethnicities), Val Loss: 582.6135, Val MAE: 11.3652, Val R2: 0.7653
2025-04-24 14:37:21,137 - spatial_moe_trainer - INFO - Epoch 26/100 - Train Loss: 450.9654 (Col: 290.0401, Jump: 344.5385, Decline: 147.2932, PDE: 2050.8682, Reg: 13421.3423), Eth Losses: China: 535.6098, India: 587.0082, Philippines: 414.3646... (more ethnicities), Val Loss: 573.9007, Val MAE: 11.4649, Val R2: 0.7688
2025-04-24 14:37:44,865 - spatial_moe_trainer - INFO - Epoch 27/100 - Train Loss: 441.3527 (Col: 286.7770, Jump: 298.1937, Decline: 145.5366, PDE: 2031.8241, Reg: 10463.4816), Eth Losses: China: 558.2866, India: 534.0837, Philippines: 541.7935... (more ethnicities), Val Loss: 599.6831, Val MAE: 11.2681, Val R2: 0.7584
2025-04-24 14:38:08,620 - spatial_moe_trainer - INFO - Epoch 28/100 - Train Loss: 424.6235 (Col: 264.3001, Jump: 319.0906, Decline: 134.1020, PDE: 2014.4520, Reg: 11150.9413), Eth Losses: China: 470.6001, India: 522.2356, Philippines: 478.5553... (more ethnicities), Val Loss: 554.0870, Val MAE: 11.0565, Val R2: 0.7768
2025-04-24 14:38:32,108 - spatial_moe_trainer - INFO - Epoch 29/100 - Train Loss: 430.4060 (Col: 272.4327, Jump: 339.1211, Decline: 139.0830, PDE: 2031.8259, Reg: 9204.3470), Eth Losses: China: 549.1217, India: 524.0191, Philippines: 451.0238... (more ethnicities), Val Loss: 543.0799, Val MAE: 11.2398, Val R2: 0.7812
2025-04-24 14:38:55,717 - spatial_moe_trainer - INFO - Epoch 30/100 - Train Loss: 411.5370 (Col: 250.4450, Jump: 301.1807, Decline: 138.2257, PDE: 1915.1099, Reg: 11899.3863), Eth Losses: China: 547.6747, India: 457.9504, Philippines: 382.3931... (more ethnicities), Val Loss: 524.2420, Val MAE: 11.1247, Val R2: 0.7888
2025-04-24 14:39:19,596 - spatial_moe_trainer - INFO - Epoch 31/100 - Train Loss: 400.6142 (Col: 245.4749, Jump: 320.6673, Decline: 142.4505, PDE: 1927.3612, Reg: 10145.1129), Eth Losses: China: 552.6937, India: 459.5311, Philippines: 362.1843... (more ethnicities), Val Loss: 537.9526, Val MAE: 11.0700, Val R2: 0.7833
2025-04-24 14:39:43,324 - spatial_moe_trainer - INFO - Epoch 32/100 - Train Loss: 395.6313 (Col: 234.0418, Jump: 326.2057, Decline: 142.9748, PDE: 1907.1640, Reg: 9522.3777), Eth Losses: China: 481.1677, India: 481.5327, Philippines: 430.0396... (more ethnicities), Val Loss: 561.0591, Val MAE: 10.9561, Val R2: 0.7740
2025-04-24 14:40:07,066 - spatial_moe_trainer - INFO - Epoch 33/100 - Train Loss: 397.0996 (Col: 244.6093, Jump: 315.6544, Decline: 133.2277, PDE: 1854.0276, Reg: 9069.4761), Eth Losses: China: 490.6255, India: 511.0249, Philippines: 389.7573... (more ethnicities), Val Loss: 520.8630, Val MAE: 11.1994, Val R2: 0.7902
2025-04-24 14:40:30,669 - spatial_moe_trainer - INFO - Epoch 34/100 - Train Loss: 378.9158 (Col: 222.4259, Jump: 283.7809, Decline: 137.6084, PDE: 1814.8135, Reg: 10527.2568), Eth Losses: China: 493.8898, India: 419.8976, Philippines: 448.7042... (more ethnicities), Val Loss: 538.8240, Val MAE: 11.0630, Val R2: 0.7829
2025-04-24 14:40:54,233 - spatial_moe_trainer - INFO - Epoch 35/100 - Train Loss: 405.7993 (Col: 269.0460, Jump: 299.9649, Decline: 137.8967, PDE: 1788.3091, Reg: 10819.4853), Eth Losses: China: 654.7564, India: 458.9740, Philippines: 323.9075... (more ethnicities), Val Loss: 529.4550, Val MAE: 11.0916, Val R2: 0.7867
2025-04-24 14:41:17,856 - spatial_moe_trainer - INFO - Epoch 36/100 - Train Loss: 379.8857 (Col: 232.0107, Jump: 309.4266, Decline: 137.1326, PDE: 1782.6977, Reg: 12344.0460), Eth Losses: China: 423.7294, India: 442.5362, Philippines: 466.3775... (more ethnicities), Val Loss: 540.5701, Val MAE: 11.0587, Val R2: 0.7822
2025-04-24 14:41:41,598 - spatial_moe_trainer - INFO - Epoch 37/100 - Train Loss: 367.7247 (Col: 233.6642, Jump: 308.6348, Decline: 124.8962, PDE: 1719.4679, Reg: 8042.5845), Eth Losses: China: 529.1105, India: 396.9513, Philippines: 350.0820... (more ethnicities), Val Loss: 514.4353, Val MAE: 10.8472, Val R2: 0.7927
2025-04-24 14:42:05,341 - spatial_moe_trainer - INFO - Epoch 38/100 - Train Loss: 339.8488 (Col: 208.5603, Jump: 270.2701, Decline: 122.9763, PDE: 1625.6555, Reg: 8891.6705), Eth Losses: China: 507.8113, India: 378.0137, Philippines: 305.1989... (more ethnicities), Val Loss: 505.0548, Val MAE: 10.9833, Val R2: 0.7965
2025-04-24 14:42:29,060 - spatial_moe_trainer - INFO - Epoch 39/100 - Train Loss: 360.8992 (Col: 231.9653, Jump: 266.8897, Decline: 133.8079, PDE: 1679.8885, Reg: 7790.4346), Eth Losses: China: 486.9724, India: 362.9847, Philippines: 440.0761... (more ethnicities), Val Loss: 505.2965, Val MAE: 10.8855, Val R2: 0.7964
2025-04-24 14:42:52,922 - spatial_moe_trainer - INFO - Epoch 40/100 - Train Loss: 355.6747 (Col: 219.8744, Jump: 258.7820, Decline: 124.2984, PDE: 1706.5035, Reg: 6974.9879), Eth Losses: China: 504.1796, India: 418.3633, Philippines: 316.4321... (more ethnicities), Val Loss: 543.6383, Val MAE: 10.7313, Val R2: 0.7810
2025-04-24 14:43:16,612 - spatial_moe_trainer - INFO - Epoch 41/100 - Train Loss: 356.8595 (Col: 225.2117, Jump: 240.3738, Decline: 125.7714, PDE: 1637.4252, Reg: 7311.0139), Eth Losses: China: 520.8686, India: 369.9407, Philippines: 317.0150... (more ethnicities), Val Loss: 493.2816, Val MAE: 10.6921, Val R2: 0.8013
2025-04-24 14:43:40,294 - spatial_moe_trainer - INFO - Epoch 42/100 - Train Loss: 361.2639 (Col: 237.5984, Jump: 235.5290, Decline: 117.7961, PDE: 1621.3450, Reg: 8735.5004), Eth Losses: China: 529.4501, India: 411.9071, Philippines: 328.8397... (more ethnicities), Val Loss: 505.2635, Val MAE: 10.7655, Val R2: 0.7964
2025-04-24 14:44:03,780 - spatial_moe_trainer - INFO - Epoch 43/100 - Train Loss: 352.5967 (Col: 213.6136, Jump: 338.6056, Decline: 115.5203, PDE: 1709.3860, Reg: 9284.3318), Eth Losses: China: 506.4312, India: 422.8539, Philippines: 287.8581... (more ethnicities), Val Loss: 518.6613, Val MAE: 10.6830, Val R2: 0.7910
2025-04-24 14:44:27,400 - spatial_moe_trainer - INFO - Epoch 44/100 - Train Loss: 329.9461 (Col: 197.5080, Jump: 291.4242, Decline: 121.0733, PDE: 1616.0555, Reg: 5392.4144), Eth Losses: China: 471.5387, India: 368.2638, Philippines: 324.2202... (more ethnicities), Val Loss: 544.9323, Val MAE: 10.9540, Val R2: 0.7805
2025-04-24 14:44:51,036 - spatial_moe_trainer - INFO - Epoch 45/100 - Train Loss: 339.8973 (Col: 219.5185, Jump: 221.3733, Decline: 117.0640, PDE: 1544.0279, Reg: 6376.7371), Eth Losses: China: 512.7098, India: 364.9337, Philippines: 288.9571... (more ethnicities), Val Loss: 514.7756, Val MAE: 10.8163, Val R2: 0.7926
2025-04-24 14:45:14,704 - spatial_moe_trainer - INFO - Epoch 46/100 - Train Loss: 347.8789 (Col: 235.5906, Jump: 326.9553, Decline: 112.1142, PDE: 1485.1008, Reg: 5829.5733), Eth Losses: China: 512.5913, India: 370.5150, Philippines: 340.4029... (more ethnicities), Val Loss: 498.4917, Val MAE: 10.5678, Val R2: 0.7992
2025-04-24 14:45:38,416 - spatial_moe_trainer - INFO - Epoch 47/100 - Train Loss: 345.9128 (Col: 220.7490, Jump: 253.0775, Decline: 121.8384, PDE: 1527.2008, Reg: 7705.3932), Eth Losses: China: 575.3141, India: 379.2832, Philippines: 278.7601... (more ethnicities), Val Loss: 513.3367, Val MAE: 10.6621, Val R2: 0.7932
2025-04-24 14:46:01,927 - spatial_moe_trainer - INFO - Epoch 48/100 - Train Loss: 320.9526 (Col: 198.2816, Jump: 317.0707, Decline: 110.5801, PDE: 1480.0567, Reg: 9593.7100), Eth Losses: China: 483.8503, India: 331.2816, Philippines: 339.1607... (more ethnicities), Val Loss: 497.6553, Val MAE: 10.6190, Val R2: 0.7995
2025-04-24 14:46:25,613 - spatial_moe_trainer - INFO - Epoch 49/100 - Train Loss: 316.7710 (Col: 202.3020, Jump: 284.1913, Decline: 104.0967, PDE: 1448.1763, Reg: 6996.7911), Eth Losses: China: 551.9840, India: 326.1247, Philippines: 255.4287... (more ethnicities), Val Loss: 505.9536, Val MAE: 10.6597, Val R2: 0.7962
2025-04-24 14:46:49,392 - spatial_moe_trainer - INFO - Epoch 50/100 - Train Loss: 298.8233 (Col: 180.5164, Jump: 246.9836, Decline: 112.4696, PDE: 1413.6519, Reg: 10011.6307), Eth Losses: China: 453.4862, India: 308.0817, Philippines: 302.9202... (more ethnicities), Val Loss: 505.1439, Val MAE: 10.8074, Val R2: 0.7965
2025-04-24 14:47:13,098 - spatial_moe_trainer - INFO - Epoch 51/100 - Train Loss: 298.6211 (Col: 174.6199, Jump: 221.0019, Decline: 119.0675, PDE: 1465.4403, Reg: 9004.6406), Eth Losses: China: 438.8630, India: 334.3483, Philippines: 308.4598... (more ethnicities), Val Loss: 499.6980, Val MAE: 10.6553, Val R2: 0.7987
2025-04-24 14:47:13,098 - spatial_moe_trainer - INFO - Early stopping at epoch 51
2025-04-24 14:47:13,116 - spatial_moe_trainer - INFO - Saving metrics to ./optuna_results/trial_0/metrics
2025-04-24 14:47:13,121 - spatial_moe_trainer - INFO - Training metrics saved to ./optuna_results/trial_0/metrics/training_metrics.csv
2025-04-24 14:47:13,124 - spatial_moe_trainer - INFO - Validation metrics saved to ./optuna_results/trial_0/metrics/validation_metrics.csv
2025-04-24 14:47:13,165 - spatial_moe_trainer - INFO - Multi-Ethnic Spatial MoE model saved to ./optuna_results/trial_0/model.pt
2025-04-24 14:47:13,201 - __mp_main__ - INFO - Running trial 1 on device cuda:0
2025-04-24 14:47:13,219 - __main__ - INFO - Trial 0 completed with value: 493.281639
2025-04-24 14:47:13,325 - __mp_main__ - INFO - Using adjusted dimensions - hidden_dims: [124, 52, 24], coord_embed_dim: 12
2025-04-24 14:47:13,377 - spatial_moe_trainer - INFO - Multi-Ethnic Spatial MoE model initialized on cuda:0
2025-04-24 14:47:13,377 - spatial_moe_trainer - INFO - Model will predict 5 ethnicities: ['China', 'India', 'Philippines', 'Portugal', 'Sri Lanka']
2025-04-24 14:47:13,398 - __mp_main__ - INFO - Testing model forward pass before training...
2025-04-24 14:47:13,569 - __mp_main__ - INFO - Test forward pass successful. Output shape: torch.Size([64, 5])
2025-04-24 14:47:13,569 - spatial_moe_trainer - INFO - Starting multi-ethnic spatial MoE model training with learnable expert router...
2025-04-24 14:47:13,569 - spatial_moe_trainer - INFO - Using colonization_weight=6.41003510568888, jump_weight=9.72918866945795, decline_weight=2.636424704863906, pde_weight=3.7381801866358395
2025-04-24 14:47:37,398 - spatial_moe_trainer - INFO - Epoch 1/100 - Train Loss: 2223.9074 (Col: 2306.6739, Jump: 1070.1648, Decline: 184.9616, PDE: 5183.5802, Reg: 11717.7131), Eth Losses: China: 4644.0827, India: 2630.1324, Philippines: 1567.6622... (more ethnicities), Val Loss: 1801.1077, Val MAE: 21.3405, Val R2: 0.2744
2025-04-24 14:48:01,362 - spatial_moe_trainer - INFO - Epoch 2/100 - Train Loss: 1887.4966 (Col: 1887.9724, Jump: 788.4705, Decline: 171.1436, PDE: 4628.2729, Reg: 15315.5321), Eth Losses: China: 3774.1625, India: 2469.3750, Philippines: 1388.4662... (more ethnicities), Val Loss: 1485.4945, Val MAE: 16.7136, Val R2: 0.4015
2025-04-24 14:48:25,074 - spatial_moe_trainer - INFO - Epoch 3/100 - Train Loss: 1551.7481 (Col: 1482.2231, Jump: 790.8387, Decline: 150.4756, PDE: 4496.5723, Reg: 12724.3492), Eth Losses: China: 2515.0525, India: 2394.3342, Philippines: 1179.5687... (more ethnicities), Val Loss: 1221.5820, Val MAE: 15.1222, Val R2: 0.5079
2025-04-24 14:48:48,838 - spatial_moe_trainer - INFO - Epoch 4/100 - Train Loss: 1311.3886 (Col: 1193.7853, Jump: 750.7687, Decline: 152.0598, PDE: 4032.1087, Reg: 23599.2259), Eth Losses: China: 1709.0348, India: 2261.0743, Philippines: 1073.6835... (more ethnicities), Val Loss: 1063.6413, Val MAE: 14.6012, Val R2: 0.5715
2025-04-24 14:49:12,626 - spatial_moe_trainer - INFO - Epoch 5/100 - Train Loss: 1192.0914 (Col: 1066.6781, Jump: 690.1620, Decline: 147.7689, PDE: 3830.9537, Reg: 23930.1028), Eth Losses: China: 1341.4117, India: 2209.7978, Philippines: 1016.4877... (more ethnicities), Val Loss: 990.1157, Val MAE: 14.2221, Val R2: 0.6011
2025-04-24 14:49:36,393 - spatial_moe_trainer - INFO - Epoch 6/100 - Train Loss: 1123.9413 (Col: 996.6367, Jump: 605.2456, Decline: 140.8120, PDE: 3676.7546, Reg: 25539.7765), Eth Losses: China: 1289.2850, India: 2132.7932, Philippines: 933.3707... (more ethnicities), Val Loss: 972.4993, Val MAE: 13.8989, Val R2: 0.6082
2025-04-24 14:50:00,055 - spatial_moe_trainer - INFO - Epoch 7/100 - Train Loss: 1023.9986 (Col: 870.0485, Jump: 758.6555, Decline: 141.3103, PDE: 3464.9619, Reg: 17349.1477), Eth Losses: China: 1095.4418, India: 1944.8872, Philippines: 857.3713... (more ethnicities), Val Loss: 907.5932, Val MAE: 13.7333, Val R2: 0.6344
2025-04-24 14:50:23,889 - spatial_moe_trainer - INFO - Epoch 8/100 - Train Loss: 945.3206 (Col: 784.6352, Jump: 565.2050, Decline: 135.6616, PDE: 3276.2779, Reg: 16024.3703), Eth Losses: China: 1036.9270, India: 1852.0377, Philippines: 745.0379... (more ethnicities), Val Loss: 844.6253, Val MAE: 13.3813, Val R2: 0.6597
2025-04-24 14:50:47,595 - spatial_moe_trainer - INFO - Epoch 9/100 - Train Loss: 866.9324 (Col: 698.0904, Jump: 682.9331, Decline: 139.3325, PDE: 3138.4543, Reg: 20052.4515), Eth Losses: China: 880.7390, India: 1575.3641, Philippines: 752.5972... (more ethnicities), Val Loss: 775.2505, Val MAE: 12.8660, Val R2: 0.6877
2025-04-24 14:51:11,692 - spatial_moe_trainer - INFO - Epoch 10/100 - Train Loss: 756.1866 (Col: 568.7871, Jump: 566.6805, Decline: 137.8311, PDE: 3007.4808, Reg: 17493.7874), Eth Losses: China: 968.9645, India: 1094.6238, Philippines: 672.6745... (more ethnicities), Val Loss: 732.4833, Val MAE: 12.6157, Val R2: 0.7049
2025-04-24 14:51:35,538 - spatial_moe_trainer - INFO - Epoch 11/100 - Train Loss: 700.2565 (Col: 502.0887, Jump: 392.2189, Decline: 143.5717, PDE: 3018.3376, Reg: 20438.9090), Eth Losses: China: 1088.6760, India: 828.5660, Philippines: 565.3542... (more ethnicities), Val Loss: 731.0105, Val MAE: 12.4677, Val R2: 0.7055
2025-04-24 14:51:59,216 - spatial_moe_trainer - INFO - Epoch 12/100 - Train Loss: 681.0787 (Col: 490.4939, Jump: 518.4193, Decline: 140.7606, PDE: 2797.6074, Reg: 22819.8570), Eth Losses: China: 768.1845, India: 959.7781, Philippines: 628.1862... (more ethnicities), Val Loss: 714.3488, Val MAE: 12.5507, Val R2: 0.7122
2025-04-24 14:52:22,978 - spatial_moe_trainer - INFO - Epoch 13/100 - Train Loss: 603.5645 (Col: 400.2470, Jump: 411.1033, Decline: 151.6760, PDE: 2730.3940, Reg: 15305.5543), Eth Losses: China: 850.3684, India: 631.8315, Philippines: 590.0719... (more ethnicities), Val Loss: 713.8814, Val MAE: 12.8023, Val R2: 0.7124
2025-04-24 14:52:46,559 - spatial_moe_trainer - INFO - Epoch 14/100 - Train Loss: 589.0668 (Col: 386.6292, Jump: 381.1938, Decline: 136.3749, PDE: 2715.6648, Reg: 14718.4085), Eth Losses: China: 810.3849, India: 600.0762, Philippines: 577.4396... (more ethnicities), Val Loss: 684.1610, Val MAE: 12.4158, Val R2: 0.7244
2025-04-24 14:53:10,047 - spatial_moe_trainer - INFO - Epoch 15/100 - Train Loss: 570.9111 (Col: 362.7768, Jump: 437.4675, Decline: 144.5530, PDE: 2589.4807, Reg: 19918.4662), Eth Losses: China: 756.1356, India: 599.7935, Philippines: 551.8269... (more ethnicities), Val Loss: 688.5527, Val MAE: 12.2572, Val R2: 0.7226
2025-04-24 14:53:33,422 - spatial_moe_trainer - INFO - Epoch 16/100 - Train Loss: 557.4924 (Col: 361.0834, Jump: 399.1540, Decline: 144.7004, PDE: 2633.7301, Reg: 16809.0629), Eth Losses: China: 716.8804, India: 673.2673, Philippines: 548.6503... (more ethnicities), Val Loss: 657.5266, Val MAE: 11.8878, Val R2: 0.7351
2025-04-24 14:53:56,694 - spatial_moe_trainer - INFO - Epoch 17/100 - Train Loss: 557.6548 (Col: 380.7411, Jump: 372.1767, Decline: 134.7196, PDE: 2509.0187, Reg: 12670.9273), Eth Losses: China: 798.5951, India: 626.5707, Philippines: 521.6799... (more ethnicities), Val Loss: 683.3569, Val MAE: 11.9272, Val R2: 0.7247
2025-04-24 14:54:20,128 - spatial_moe_trainer - INFO - Epoch 18/100 - Train Loss: 572.9815 (Col: 406.2251, Jump: 419.9740, Decline: 140.6863, PDE: 2501.0521, Reg: 12813.6943), Eth Losses: China: 814.6756, India: 654.7153, Philippines: 590.2603... (more ethnicities), Val Loss: 630.0427, Val MAE: 12.1119, Val R2: 0.7462
2025-04-24 14:54:43,477 - spatial_moe_trainer - INFO - Epoch 19/100 - Train Loss: 499.2282 (Col: 305.2951, Jump: 285.3300, Decline: 146.0539, PDE: 2487.3754, Reg: 11539.4679), Eth Losses: China: 653.2511, India: 566.2624, Philippines: 431.4991... (more ethnicities), Val Loss: 653.5971, Val MAE: 11.5545, Val R2: 0.7367
2025-04-24 14:55:06,715 - spatial_moe_trainer - INFO - Epoch 20/100 - Train Loss: 463.1346 (Col: 264.6059, Jump: 376.7032, Decline: 143.7252, PDE: 2364.0466, Reg: 14548.6548), Eth Losses: China: 573.9612, India: 505.2286, Philippines: 480.5501... (more ethnicities), Val Loss: 643.8438, Val MAE: 11.5223, Val R2: 0.7406
2025-04-24 14:55:30,122 - spatial_moe_trainer - INFO - Epoch 21/100 - Train Loss: 521.5799 (Col: 357.7071, Jump: 294.0402, Decline: 139.3595, PDE: 2307.7278, Reg: 10398.8393), Eth Losses: China: 738.3179, India: 603.5007, Philippines: 445.2261... (more ethnicities), Val Loss: 615.0432, Val MAE: 11.5977, Val R2: 0.7522
2025-04-24 14:55:53,465 - spatial_moe_trainer - INFO - Epoch 22/100 - Train Loss: 473.4299 (Col: 286.5564, Jump: 395.8689, Decline: 137.1980, PDE: 2335.8059, Reg: 8929.3001), Eth Losses: China: 666.2241, India: 520.5736, Philippines: 446.3667... (more ethnicities), Val Loss: 624.7798, Val MAE: 11.4041, Val R2: 0.7483
2025-04-24 14:56:16,867 - spatial_moe_trainer - INFO - Epoch 23/100 - Train Loss: 489.0248 (Col: 330.0480, Jump: 382.6076, Decline: 139.3894, PDE: 2120.0367, Reg: 13561.1158), Eth Losses: China: 619.1804, India: 494.8822, Philippines: 533.0320... (more ethnicities), Val Loss: 603.1439, Val MAE: 11.4741, Val R2: 0.7570
2025-04-24 14:56:40,126 - spatial_moe_trainer - INFO - Epoch 24/100 - Train Loss: 455.1149 (Col: 289.4796, Jump: 317.5404, Decline: 139.8577, PDE: 2137.1574, Reg: 11926.1278), Eth Losses: China: 590.8745, India: 561.1477, Philippines: 406.0738... (more ethnicities), Val Loss: 592.7931, Val MAE: 11.3983, Val R2: 0.7612
2025-04-24 14:57:03,183 - spatial_moe_trainer - INFO - Epoch 25/100 - Train Loss: 444.4801 (Col: 285.7801, Jump: 366.2915, Decline: 143.3020, PDE: 2073.9346, Reg: 7853.8919), Eth Losses: China: 558.1445, India: 513.2081, Philippines: 423.6278... (more ethnicities), Val Loss: 601.1224, Val MAE: 11.3285, Val R2: 0.7578
2025-04-24 14:57:26,472 - spatial_moe_trainer - INFO - Epoch 26/100 - Train Loss: 461.0635 (Col: 313.0471, Jump: 356.5235, Decline: 127.4535, PDE: 2042.0738, Reg: 10255.9853), Eth Losses: China: 647.8766, India: 445.7027, Philippines: 519.0901... (more ethnicities), Val Loss: 600.4938, Val MAE: 11.2549, Val R2: 0.7581
2025-04-24 14:57:49,531 - spatial_moe_trainer - INFO - Epoch 27/100 - Train Loss: 402.5987 (Col: 233.6806, Jump: 377.3305, Decline: 140.1941, PDE: 2037.4763, Reg: 8353.1416), Eth Losses: China: 532.7942, India: 440.5765, Philippines: 368.1518... (more ethnicities), Val Loss: 575.3667, Val MAE: 11.2022, Val R2: 0.7682
2025-04-24 14:58:12,522 - spatial_moe_trainer - INFO - Epoch 28/100 - Train Loss: 434.6256 (Col: 282.6698, Jump: 332.8498, Decline: 136.1842, PDE: 2013.3072, Reg: 11220.1202), Eth Losses: China: 508.9844, India: 534.9520, Philippines: 458.7801... (more ethnicities), Val Loss: 600.6562, Val MAE: 11.1657, Val R2: 0.7580
2025-04-24 14:58:35,473 - spatial_moe_trainer - INFO - Epoch 29/100 - Train Loss: 462.1484 (Col: 320.6440, Jump: 339.4274, Decline: 134.1141, PDE: 1948.2764, Reg: 6827.5404), Eth Losses: China: 722.4628, India: 604.6384, Philippines: 334.2155... (more ethnicities), Val Loss: 594.9843, Val MAE: 11.2114, Val R2: 0.7603
2025-04-24 14:58:58,196 - spatial_moe_trainer - INFO - Epoch 30/100 - Train Loss: 408.2622 (Col: 262.3046, Jump: 275.0345, Decline: 138.8113, PDE: 1881.4531, Reg: 9013.7605), Eth Losses: China: 592.9898, India: 441.4886, Philippines: 371.6164... (more ethnicities), Val Loss: 608.2202, Val MAE: 11.1194, Val R2: 0.7550
2025-04-24 14:59:21,002 - spatial_moe_trainer - INFO - Epoch 31/100 - Train Loss: 413.8316 (Col: 272.6036, Jump: 285.1003, Decline: 129.5375, PDE: 1857.5173, Reg: 7660.5623), Eth Losses: China: 609.4093, India: 468.3970, Philippines: 341.8225... (more ethnicities), Val Loss: 583.1919, Val MAE: 10.9171, Val R2: 0.7650
2025-04-24 14:59:43,725 - spatial_moe_trainer - INFO - Epoch 32/100 - Train Loss: 430.1787 (Col: 299.9900, Jump: 270.3088, Decline: 125.7509, PDE: 1830.2939, Reg: 8493.7516), Eth Losses: China: 602.5373, India: 500.6426, Philippines: 438.7013... (more ethnicities), Val Loss: 587.0347, Val MAE: 11.1409, Val R2: 0.7635
2025-04-24 15:00:06,418 - spatial_moe_trainer - INFO - Epoch 33/100 - Train Loss: 377.9776 (Col: 243.8145, Jump: 391.1018, Decline: 136.9847, PDE: 1721.9347, Reg: 5735.6444), Eth Losses: China: 544.2848, India: 384.9163, Philippines: 323.6761... (more ethnicities), Val Loss: 585.8305, Val MAE: 10.9730, Val R2: 0.7640
2025-04-24 15:00:29,233 - spatial_moe_trainer - INFO - Epoch 34/100 - Train Loss: 445.0164 (Col: 336.5294, Jump: 275.8640, Decline: 130.1060, PDE: 1716.9396, Reg: 10565.7906), Eth Losses: China: 525.0485, India: 683.9009, Philippines: 380.8521... (more ethnicities), Val Loss: 594.9022, Val MAE: 10.9581, Val R2: 0.7603
2025-04-24 15:00:52,012 - spatial_moe_trainer - INFO - Epoch 35/100 - Train Loss: 360.0135 (Col: 212.2313, Jump: 338.7379, Decline: 132.4417, PDE: 1747.4058, Reg: 10365.5376), Eth Losses: China: 507.7623, India: 371.9515, Philippines: 327.2050... (more ethnicities), Val Loss: 594.4098, Val MAE: 11.1623, Val R2: 0.7605
2025-04-24 15:01:14,693 - spatial_moe_trainer - INFO - Epoch 36/100 - Train Loss: 362.4528 (Col: 216.2220, Jump: 248.3601, Decline: 131.1541, PDE: 1718.5678, Reg: 8617.3149), Eth Losses: China: 453.0906, India: 385.4724, Philippines: 377.6421... (more ethnicities), Val Loss: 604.5919, Val MAE: 11.0799, Val R2: 0.7564
2025-04-24 15:01:37,277 - spatial_moe_trainer - INFO - Epoch 37/100 - Train Loss: 364.9536 (Col: 220.1810, Jump: 330.4584, Decline: 134.5883, PDE: 1776.8980, Reg: 8808.5223), Eth Losses: China: 487.6772, India: 468.4701, Philippines: 304.9974... (more ethnicities), Val Loss: 598.9089, Val MAE: 11.0491, Val R2: 0.7587
2025-04-24 15:01:37,277 - spatial_moe_trainer - INFO - Early stopping at epoch 37
2025-04-24 15:01:37,300 - spatial_moe_trainer - INFO - Saving metrics to ./optuna_results/trial_1/metrics
2025-04-24 15:01:37,303 - spatial_moe_trainer - INFO - Training metrics saved to ./optuna_results/trial_1/metrics/training_metrics.csv
2025-04-24 15:01:37,305 - spatial_moe_trainer - INFO - Validation metrics saved to ./optuna_results/trial_1/metrics/validation_metrics.csv
2025-04-24 15:01:37,346 - spatial_moe_trainer - INFO - Multi-Ethnic Spatial MoE model saved to ./optuna_results/trial_1/model.pt
2025-04-24 15:01:37,381 - __mp_main__ - INFO - Running trial 2 on device cuda:0
2025-04-24 15:01:37,394 - __main__ - INFO - Trial 1 completed with value: 575.366747
2025-04-24 15:01:37,505 - __mp_main__ - INFO - Using adjusted dimensions - hidden_dims: [124, 52, 24], coord_embed_dim: 12
2025-04-24 15:01:37,554 - spatial_moe_trainer - INFO - Multi-Ethnic Spatial MoE model initialized on cuda:0
2025-04-24 15:01:37,554 - spatial_moe_trainer - INFO - Model will predict 5 ethnicities: ['China', 'India', 'Philippines', 'Portugal', 'Sri Lanka']
2025-04-24 15:01:37,575 - __mp_main__ - INFO - Testing model forward pass before training...
2025-04-24 15:01:37,736 - __mp_main__ - INFO - Test forward pass successful. Output shape: torch.Size([64, 5])
2025-04-24 15:01:37,736 - spatial_moe_trainer - INFO - Starting multi-ethnic spatial MoE model training with learnable expert router...
2025-04-24 15:01:37,736 - spatial_moe_trainer - INFO - Using colonization_weight=6.41003510568888, jump_weight=9.72918866945795, decline_weight=2.636424704863906, pde_weight=3.7381801866358395
2025-04-24 15:02:00,566 - spatial_moe_trainer - INFO - Epoch 1/100 - Train Loss: 2336.0781 (Col: 2448.9102, Jump: 860.6902, Decline: 171.1324, PDE: 5114.0060, Reg: 11047.1535), Eth Losses: China: 4801.0700, India: 2720.2041, Philippines: 1542.6170... (more ethnicities), Val Loss: 1822.8140, Val MAE: 22.4044, Val R2: 0.2656
2025-04-24 15:02:23,255 - spatial_moe_trainer - INFO - Epoch 2/100 - Train Loss: 1863.0765 (Col: 1880.6118, Jump: 845.1283, Decline: 147.1958, PDE: 4438.8934, Reg: 16758.4879), Eth Losses: China: 3754.0929, India: 2360.7316, Philippines: 1329.2632... (more ethnicities), Val Loss: 1431.5431, Val MAE: 15.6281, Val R2: 0.4233
2025-04-24 15:02:46,202 - spatial_moe_trainer - INFO - Epoch 3/100 - Train Loss: 1585.6573 (Col: 1582.5424, Jump: 768.5059, Decline: 136.7147, PDE: 4107.4558, Reg: 16713.2080), Eth Losses: China: 2793.6436, India: 2228.7243, Philippines: 1182.1451... (more ethnicities), Val Loss: 1198.1632, Val MAE: 14.7389, Val R2: 0.5173
2025-04-24 15:03:08,968 - spatial_moe_trainer - INFO - Epoch 4/100 - Train Loss: 1341.9468 (Col: 1257.7578, Jump: 544.8456, Decline: 132.0589, PDE: 3853.2825, Reg: 24488.6483), Eth Losses: China: 1964.5103, India: 2029.8308, Philippines: 1094.1183... (more ethnicities), Val Loss: 1019.2055, Val MAE: 14.2132, Val R2: 0.5894
2025-04-24 15:03:31,503 - spatial_moe_trainer - INFO - Epoch 5/100 - Train Loss: 1195.4377 (Col: 1096.8774, Jump: 482.4223, Decline: 134.9370, PDE: 3652.8986, Reg: 14312.8415), Eth Losses: China: 1492.5172, India: 1911.1030, Philippines: 987.5112... (more ethnicities), Val Loss: 970.2833, Val MAE: 13.8612, Val R2: 0.6091
2025-04-24 15:03:53,973 - spatial_moe_trainer - INFO - Epoch 6/100 - Train Loss: 1068.6500 (Col: 919.1164, Jump: 677.9656, Decline: 139.0554, PDE: 3556.7155, Reg: 16168.9091), Eth Losses: China: 1469.9871, India: 1391.5367, Philippines: 913.1553... (more ethnicities), Val Loss: 958.6123, Val MAE: 13.9979, Val R2: 0.6138
2025-04-24 15:04:16,462 - spatial_moe_trainer - INFO - Epoch 7/100 - Train Loss: 961.0008 (Col: 778.4738, Jump: 456.0717, Decline: 136.7526, PDE: 3527.1193, Reg: 16090.5532), Eth Losses: China: 1302.4192, India: 1181.9938, Philippines: 815.3048... (more ethnicities), Val Loss: 871.9168, Val MAE: 13.7054, Val R2: 0.6487
2025-04-24 15:04:38,872 - spatial_moe_trainer - INFO - Epoch 8/100 - Train Loss: 854.7594 (Col: 659.0317, Jump: 653.3503, Decline: 131.5321, PDE: 3404.4068, Reg: 19446.1685), Eth Losses: China: 1223.7975, India: 850.8766, Philippines: 752.8568... (more ethnicities), Val Loss: 867.9341, Val MAE: 13.1399, Val R2: 0.6503
2025-04-24 15:05:01,341 - spatial_moe_trainer - INFO - Epoch 9/100 - Train Loss: 794.8868 (Col: 581.0366, Jump: 645.5293, Decline: 136.6836, PDE: 3320.8164, Reg: 19782.0384), Eth Losses: China: 1107.5961, India: 824.5755, Philippines: 647.0641... (more ethnicities), Val Loss: 780.8513, Val MAE: 13.1372, Val R2: 0.6854
2025-04-24 15:05:23,882 - spatial_moe_trainer - INFO - Epoch 10/100 - Train Loss: 743.9733 (Col: 529.2124, Jump: 463.7201, Decline: 138.1263, PDE: 3208.1251, Reg: 19906.7281), Eth Losses: China: 1224.4938, India: 622.1724, Philippines: 559.2657... (more ethnicities), Val Loss: 770.8968, Val MAE: 13.1690, Val R2: 0.6894
2025-04-24 15:05:46,746 - spatial_moe_trainer - INFO - Epoch 11/100 - Train Loss: 789.4432 (Col: 613.3573, Jump: 441.7761, Decline: 137.1183, PDE: 3093.2829, Reg: 16787.1233), Eth Losses: China: 1470.7860, India: 676.6499, Philippines: 584.0186... (more ethnicities), Val Loss: 791.1710, Val MAE: 13.1613, Val R2: 0.6813
2025-04-24 15:06:09,132 - spatial_moe_trainer - INFO - Epoch 12/100 - Train Loss: 701.0210 (Col: 490.5744, Jump: 418.2208, Decline: 140.9945, PDE: 3034.8051, Reg: 18946.3470), Eth Losses: China: 991.6455, India: 681.1420, Philippines: 705.7666... (more ethnicities), Val Loss: 711.3161, Val MAE: 12.7035, Val R2: 0.7134
2025-04-24 15:06:31,541 - spatial_moe_trainer - INFO - Epoch 13/100 - Train Loss: 688.0789 (Col: 498.7837, Jump: 516.8106, Decline: 137.7311, PDE: 2910.2717, Reg: 15275.6587), Eth Losses: China: 1165.7003, India: 624.2994, Philippines: 553.3835... (more ethnicities), Val Loss: 698.3651, Val MAE: 12.4830, Val R2: 0.7186
2025-04-24 15:06:53,983 - spatial_moe_trainer - INFO - Epoch 14/100 - Train Loss: 620.8057 (Col: 412.9309, Jump: 375.7476, Decline: 134.5187, PDE: 2856.5288, Reg: 16577.9422), Eth Losses: China: 929.8573, India: 627.9815, Philippines: 512.9341... (more ethnicities), Val Loss: 655.8114, Val MAE: 12.7118, Val R2: 0.7358
2025-04-24 15:07:16,628 - spatial_moe_trainer - INFO - Epoch 15/100 - Train Loss: 601.5018 (Col: 390.5046, Jump: 418.9786, Decline: 153.9657, PDE: 2817.8671, Reg: 19390.2000), Eth Losses: China: 897.5121, India: 591.1973, Philippines: 546.8965... (more ethnicities), Val Loss: 665.0649, Val MAE: 12.3559, Val R2: 0.7321
2025-04-24 15:07:39,169 - spatial_moe_trainer - INFO - Epoch 16/100 - Train Loss: 547.8922 (Col: 337.8776, Jump: 421.6682, Decline: 138.9400, PDE: 2694.9764, Reg: 16297.0952), Eth Losses: China: 816.3483, India: 507.7331, Philippines: 489.6808... (more ethnicities), Val Loss: 642.5487, Val MAE: 12.2235, Val R2: 0.7411
2025-04-24 15:08:01,831 - spatial_moe_trainer - INFO - Epoch 17/100 - Train Loss: 588.7209 (Col: 388.5379, Jump: 346.4660, Decline: 139.2752, PDE: 2675.4864, Reg: 16981.3236), Eth Losses: China: 850.9869, India: 663.3036, Philippines: 515.9060... (more ethnicities), Val Loss: 654.7123, Val MAE: 12.0013, Val R2: 0.7362
2025-04-24 15:08:24,362 - spatial_moe_trainer - INFO - Epoch 18/100 - Train Loss: 515.1957 (Col: 305.6895, Jump: 468.9212, Decline: 156.7029, PDE: 2541.7925, Reg: 15721.3593), Eth Losses: China: 732.3233, India: 482.1286, Philippines: 499.2104... (more ethnicities), Val Loss: 635.5086, Val MAE: 12.1301, Val R2: 0.7440
2025-04-24 15:08:46,817 - spatial_moe_trainer - INFO - Epoch 19/100 - Train Loss: 520.5374 (Col: 327.0179, Jump: 348.2760, Decline: 153.5592, PDE: 2503.2887, Reg: 15175.5999), Eth Losses: China: 785.4129, India: 510.5313, Philippines: 473.4724... (more ethnicities), Val Loss: 630.0763, Val MAE: 12.0110, Val R2: 0.7462
2025-04-24 15:09:09,343 - spatial_moe_trainer - INFO - Epoch 20/100 - Train Loss: 508.2198 (Col: 314.8950, Jump: 421.5317, Decline: 147.5359, PDE: 2379.9479, Reg: 17850.4481), Eth Losses: China: 638.0468, India: 607.0073, Philippines: 509.2638... (more ethnicities), Val Loss: 622.7425, Val MAE: 11.9585, Val R2: 0.7491
2025-04-24 15:09:31,858 - spatial_moe_trainer - INFO - Epoch 21/100 - Train Loss: 518.5010 (Col: 340.6830, Jump: 357.0028, Decline: 142.4835, PDE: 2339.1318, Reg: 13734.9989), Eth Losses: China: 697.1701, India: 483.2474, Philippines: 626.4339... (more ethnicities), Val Loss: 602.0330, Val MAE: 11.9308, Val R2: 0.7575
2025-04-24 15:09:54,212 - spatial_moe_trainer - INFO - Epoch 22/100 - Train Loss: 466.1441 (Col: 276.9932, Jump: 396.9175, Decline: 144.1090, PDE: 2298.0380, Reg: 13590.3803), Eth Losses: China: 613.1218, India: 491.4774, Philippines: 458.3183... (more ethnicities), Val Loss: 613.8571, Val MAE: 11.9028, Val R2: 0.7527
2025-04-24 15:10:16,613 - spatial_moe_trainer - INFO - Epoch 23/100 - Train Loss: 450.1499 (Col: 257.5035, Jump: 379.3128, Decline: 148.8088, PDE: 2310.3419, Reg: 10050.4189), Eth Losses: China: 635.7778, India: 476.4166, Philippines: 416.1451... (more ethnicities), Val Loss: 572.3815, Val MAE: 11.5213, Val R2: 0.7694
2025-04-24 15:10:39,046 - spatial_moe_trainer - INFO - Epoch 24/100 - Train Loss: 481.4461 (Col: 310.2149, Jump: 294.6885, Decline: 150.8073, PDE: 2162.3641, Reg: 13421.5392), Eth Losses: China: 743.5771, India: 420.7339, Philippines: 493.7103... (more ethnicities), Val Loss: 629.6735, Val MAE: 11.9664, Val R2: 0.7463
2025-04-24 15:11:01,656 - spatial_moe_trainer - INFO - Epoch 25/100 - Train Loss: 459.9421 (Col: 295.2833, Jump: 361.3421, Decline: 153.5470, PDE: 2083.5476, Reg: 17468.8279), Eth Losses: China: 690.5874, India: 474.7529, Philippines: 417.1305... (more ethnicities), Val Loss: 584.2662, Val MAE: 11.6956, Val R2: 0.7646
2025-04-24 15:11:24,178 - spatial_moe_trainer - INFO - Epoch 26/100 - Train Loss: 462.6930 (Col: 292.3554, Jump: 340.5384, Decline: 154.1274, PDE: 2148.5537, Reg: 13285.1908), Eth Losses: China: 561.0206, India: 570.1274, Philippines: 459.2878... (more ethnicities), Val Loss: 581.4854, Val MAE: 11.6270, Val R2: 0.7657
2025-04-24 15:11:46,539 - spatial_moe_trainer - INFO - Epoch 27/100 - Train Loss: 450.5913 (Col: 276.7203, Jump: 329.3609, Decline: 157.4302, PDE: 2078.6312, Reg: 13512.6314), Eth Losses: China: 701.5652, India: 458.7025, Philippines: 412.9468... (more ethnicities), Val Loss: 576.3205, Val MAE: 11.5736, Val R2: 0.7678
2025-04-24 15:12:09,143 - spatial_moe_trainer - INFO - Epoch 28/100 - Train Loss: 424.1731 (Col: 255.4055, Jump: 367.1547, Decline: 149.1373, PDE: 2049.3593, Reg: 10697.1440), Eth Losses: China: 574.7086, India: 459.4654, Philippines: 438.8086... (more ethnicities), Val Loss: 563.6942, Val MAE: 11.5563, Val R2: 0.7729
2025-04-24 15:12:31,633 - spatial_moe_trainer - INFO - Epoch 29/100 - Train Loss: 411.0022 (Col: 243.7302, Jump: 354.1930, Decline: 141.9985, PDE: 1996.9058, Reg: 12893.9728), Eth Losses: China: 501.2980, India: 447.3527, Philippines: 445.1880... (more ethnicities), Val Loss: 548.7136, Val MAE: 11.5502, Val R2: 0.7789
2025-04-24 15:12:54,011 - spatial_moe_trainer - INFO - Epoch 30/100 - Train Loss: 463.6988 (Col: 324.6395, Jump: 294.5822, Decline: 137.7589, PDE: 1959.0012, Reg: 13015.1372), Eth Losses: China: 581.7185, India: 640.4399, Philippines: 404.5983... (more ethnicities), Val Loss: 560.1672, Val MAE: 11.3131, Val R2: 0.7743
2025-04-24 15:13:16,533 - spatial_moe_trainer - INFO - Epoch 31/100 - Train Loss: 422.3572 (Col: 276.2378, Jump: 336.6300, Decline: 155.8059, PDE: 1899.2202, Reg: 9248.0289), Eth Losses: China: 553.4691, India: 532.3048, Philippines: 416.9759... (more ethnicities), Val Loss: 545.0405, Val MAE: 11.3586, Val R2: 0.7804
2025-04-24 15:13:39,034 - spatial_moe_trainer - INFO - Epoch 32/100 - Train Loss: 431.2208 (Col: 283.9185, Jump: 345.1980, Decline: 160.5229, PDE: 1903.3390, Reg: 10311.9946), Eth Losses: China: 628.5439, India: 451.1445, Philippines: 420.6160... (more ethnicities), Val Loss: 549.9896, Val MAE: 11.2063, Val R2: 0.7784
2025-04-24 15:14:01,437 - spatial_moe_trainer - INFO - Epoch 33/100 - Train Loss: 408.7696 (Col: 263.1431, Jump: 299.5674, Decline: 144.9730, PDE: 1875.8868, Reg: 7803.4742), Eth Losses: China: 523.3843, India: 449.9122, Philippines: 448.8616... (more ethnicities), Val Loss: 538.1988, Val MAE: 11.0583, Val R2: 0.7832
2025-04-24 15:14:23,752 - spatial_moe_trainer - INFO - Epoch 34/100 - Train Loss: 417.4637 (Col: 271.3158, Jump: 282.1972, Decline: 142.2868, PDE: 1880.7389, Reg: 10975.3120), Eth Losses: China: 567.5872, India: 451.8087, Philippines: 403.0974... (more ethnicities), Val Loss: 567.4438, Val MAE: 11.3939, Val R2: 0.7714
2025-04-24 15:14:46,334 - spatial_moe_trainer - INFO - Epoch 35/100 - Train Loss: 384.0909 (Col: 221.0277, Jump: 317.6588, Decline: 150.7932, PDE: 1868.0280, Reg: 12949.3792), Eth Losses: China: 496.3057, India: 413.6255, Philippines: 382.1634... (more ethnicities), Val Loss: 643.0978, Val MAE: 11.3701, Val R2: 0.7409
2025-04-24 15:15:08,655 - spatial_moe_trainer - INFO - Epoch 36/100 - Train Loss: 377.6499 (Col: 228.1283, Jump: 268.9637, Decline: 149.5585, PDE: 1755.7495, Reg: 12099.8638), Eth Losses: China: 495.4530, India: 419.1522, Philippines: 373.9430... (more ethnicities), Val Loss: 628.2301, Val MAE: 11.2908, Val R2: 0.7469
2025-04-24 15:15:31,282 - spatial_moe_trainer - INFO - Epoch 37/100 - Train Loss: 377.1894 (Col: 226.9882, Jump: 267.0455, Decline: 146.7496, PDE: 1718.1486, Reg: 9649.1142), Eth Losses: China: 507.4007, India: 390.9344, Philippines: 378.9041... (more ethnicities), Val Loss: 620.8715, Val MAE: 11.3865, Val R2: 0.7499
2025-04-24 15:15:53,863 - spatial_moe_trainer - INFO - Epoch 38/100 - Train Loss: 446.3447 (Col: 314.2573, Jump: 312.8050, Decline: 163.7303, PDE: 1756.0263, Reg: 11247.4637), Eth Losses: China: 569.6990, India: 699.0772, Philippines: 400.8416... (more ethnicities), Val Loss: 617.5964, Val MAE: 11.3339, Val R2: 0.7512
2025-04-24 15:16:16,358 - spatial_moe_trainer - INFO - Epoch 39/100 - Train Loss: 369.9812 (Col: 229.0309, Jump: 232.3571, Decline: 147.3211, PDE: 1667.6780, Reg: 8947.7441), Eth Losses: China: 461.4713, India: 411.1476, Philippines: 388.7048... (more ethnicities), Val Loss: 559.3407, Val MAE: 11.1605, Val R2: 0.7747
2025-04-24 15:16:38,908 - spatial_moe_trainer - INFO - Epoch 40/100 - Train Loss: 367.2988 (Col: 229.2274, Jump: 306.1516, Decline: 151.1961, PDE: 1684.3770, Reg: 10409.3221), Eth Losses: China: 514.7445, India: 413.0344, Philippines: 338.1695... (more ethnicities), Val Loss: 594.9595, Val MAE: 11.2883, Val R2: 0.7603
2025-04-24 15:17:01,325 - spatial_moe_trainer - INFO - Epoch 41/100 - Train Loss: 358.8306 (Col: 205.5026, Jump: 268.2789, Decline: 152.8082, PDE: 1757.7972, Reg: 10567.2843), Eth Losses: China: 456.5849, India: 411.4211, Philippines: 383.5708... (more ethnicities), Val Loss: 647.9860, Val MAE: 11.2776, Val R2: 0.7389
2025-04-24 15:17:23,805 - spatial_moe_trainer - INFO - Epoch 42/100 - Train Loss: 361.4951 (Col: 219.1072, Jump: 293.2015, Decline: 158.2144, PDE: 1706.6271, Reg: 7947.5344), Eth Losses: China: 483.6958, India: 422.4105, Philippines: 362.0571... (more ethnicities), Val Loss: 604.0006, Val MAE: 11.1628, Val R2: 0.7567
2025-04-24 15:17:46,254 - spatial_moe_trainer - INFO - Epoch 43/100 - Train Loss: 331.3689 (Col: 184.3541, Jump: 294.4485, Decline: 163.4417, PDE: 1595.0382, Reg: 9988.2249), Eth Losses: China: 401.8827, India: 356.0437, Philippines: 386.7484... (more ethnicities), Val Loss: 574.8030, Val MAE: 11.1836, Val R2: 0.7684
2025-04-24 15:17:46,254 - spatial_moe_trainer - INFO - Early stopping at epoch 43
2025-04-24 15:17:46,272 - spatial_moe_trainer - INFO - Saving metrics to ./optuna_results/trial_2/metrics
2025-04-24 15:17:46,275 - spatial_moe_trainer - INFO - Training metrics saved to ./optuna_results/trial_2/metrics/training_metrics.csv
2025-04-24 15:17:46,278 - spatial_moe_trainer - INFO - Validation metrics saved to ./optuna_results/trial_2/metrics/validation_metrics.csv
2025-04-24 15:17:46,317 - spatial_moe_trainer - INFO - Multi-Ethnic Spatial MoE model saved to ./optuna_results/trial_2/model.pt
2025-04-24 15:17:46,350 - __mp_main__ - INFO - Running trial 3 on device cuda:0
2025-04-24 15:17:46,365 - __main__ - INFO - Trial 2 completed with value: 538.198811
2025-04-24 15:17:46,470 - __mp_main__ - INFO - Using adjusted dimensions - hidden_dims: [124, 52, 24], coord_embed_dim: 12
2025-04-24 15:17:46,518 - spatial_moe_trainer - INFO - Multi-Ethnic Spatial MoE model initialized on cuda:0
2025-04-24 15:17:46,518 - spatial_moe_trainer - INFO - Model will predict 5 ethnicities: ['China', 'India', 'Philippines', 'Portugal', 'Sri Lanka']
2025-04-24 15:17:46,539 - __mp_main__ - INFO - Testing model forward pass before training...
2025-04-24 15:17:46,699 - __mp_main__ - INFO - Test forward pass successful. Output shape: torch.Size([64, 5])
2025-04-24 15:17:46,699 - spatial_moe_trainer - INFO - Starting multi-ethnic spatial MoE model training with learnable expert router...
2025-04-24 15:17:46,700 - spatial_moe_trainer - INFO - Using colonization_weight=6.41003510568888, jump_weight=9.72918866945795, decline_weight=2.636424704863906, pde_weight=3.7381801866358395
2025-04-24 15:18:09,224 - spatial_moe_trainer - INFO - Epoch 1/100 - Train Loss: 2289.2608 (Col: 2293.9993, Jump: 942.6532, Decline: 185.3803, PDE: 5842.3741, Reg: 9139.2338), Eth Losses: China: 4819.2371, India: 2529.3458, Philippines: 1635.9283... (more ethnicities), Val Loss: 1883.6000, Val MAE: 21.7752, Val R2: 0.2411
2025-04-24 15:18:31,606 - spatial_moe_trainer - INFO - Epoch 2/100 - Train Loss: 1753.1675 (Col: 1676.9237, Jump: 818.3490, Decline: 167.8264, PDE: 5020.9222, Reg: 8604.9661), Eth Losses: China: 3240.1261, India: 2230.3049, Philippines: 1428.8380... (more ethnicities), Val Loss: 1311.9886, Val MAE: 15.8913, Val R2: 0.4714
2025-04-24 15:18:54,264 - spatial_moe_trainer - INFO - Epoch 3/100 - Train Loss: 1357.4855 (Col: 1223.6971, Jump: 811.8911, Decline: 154.5727, PDE: 4383.2343, Reg: 12717.8645), Eth Losses: China: 1936.6291, India: 1867.8342, Philippines: 1281.6056... (more ethnicities), Val Loss: 1081.5437, Val MAE: 15.0066, Val R2: 0.5643
2025-04-24 15:19:16,778 - spatial_moe_trainer - INFO - Epoch 4/100 - Train Loss: 1204.8672 (Col: 1025.2189, Jump: 820.7119, Decline: 148.2877, PDE: 4195.3510, Reg: 17314.4754), Eth Losses: China: 1647.4374, India: 1558.4875, Philippines: 1164.6649... (more ethnicities), Val Loss: 1006.6434, Val MAE: 14.4677, Val R2: 0.5944
2025-04-24 15:19:39,188 - spatial_moe_trainer - INFO - Epoch 5/100 - Train Loss: 1088.0979 (Col: 903.1991, Jump: 646.8989, Decline: 144.6614, PDE: 4015.1610, Reg: 15481.4637), Eth Losses: China: 1485.7379, India: 1250.3698, Philippines: 1086.3499... (more ethnicities), Val Loss: 917.0294, Val MAE: 13.6771, Val R2: 0.6306
2025-04-24 15:20:01,623 - spatial_moe_trainer - INFO - Epoch 6/100 - Train Loss: 958.6135 (Col: 745.0147, Jump: 739.8452, Decline: 133.3461, PDE: 3741.2481, Reg: 17184.4408), Eth Losses: China: 1225.9026, India: 968.0632, Philippines: 1018.5617... (more ethnicities), Val Loss: 875.5037, Val MAE: 13.3335, Val R2: 0.6473
2025-04-24 15:20:24,026 - spatial_moe_trainer - INFO - Epoch 7/100 - Train Loss: 852.5002 (Col: 640.4079, Jump: 637.8516, Decline: 144.2546, PDE: 3551.4050, Reg: 21518.8454), Eth Losses: China: 1058.1304, India: 705.7653, Philippines: 945.1364... (more ethnicities), Val Loss: 826.8869, Val MAE: 13.3221, Val R2: 0.6669
2025-04-24 15:20:46,519 - spatial_moe_trainer - INFO - Epoch 8/100 - Train Loss: 852.4545 (Col: 645.7947, Jump: 597.0599, Decline: 144.8681, PDE: 3483.9641, Reg: 19246.9153), Eth Losses: China: 1163.1012, India: 731.3709, Philippines: 873.2270... (more ethnicities), Val Loss: 800.6600, Val MAE: 13.1078, Val R2: 0.6774
2025-04-24 15:21:09,054 - spatial_moe_trainer - INFO - Epoch 9/100 - Train Loss: 767.6417 (Col: 547.7055, Jump: 485.1287, Decline: 134.8995, PDE: 3288.5168, Reg: 21343.6901), Eth Losses: China: 988.4219, India: 617.7880, Philippines: 852.6839... (more ethnicities), Val Loss: 760.8200, Val MAE: 12.7860, Val R2: 0.6935
2025-04-24 15:21:31,426 - spatial_moe_trainer - INFO - Epoch 10/100 - Train Loss: 788.7571 (Col: 599.0315, Jump: 564.9114, Decline: 142.3799, PDE: 3162.5469, Reg: 22337.6285), Eth Losses: China: 1066.6393, India: 787.9037, Philippines: 762.7072... (more ethnicities), Val Loss: 729.9269, Val MAE: 12.9572, Val R2: 0.7059
2025-04-24 15:21:54,246 - spatial_moe_trainer - INFO - Epoch 11/100 - Train Loss: 703.4052 (Col: 487.0499, Jump: 410.8693, Decline: 137.6420, PDE: 3085.1234, Reg: 16712.2452), Eth Losses: China: 1040.9997, India: 538.3310, Philippines: 697.7514... (more ethnicities), Val Loss: 716.9225, Val MAE: 12.5815, Val R2: 0.7112
2025-04-24 15:22:16,784 - spatial_moe_trainer - INFO - Epoch 12/100 - Train Loss: 674.6435 (Col: 484.5037, Jump: 409.3904, Decline: 133.4317, PDE: 2792.7337, Reg: 18333.7171), Eth Losses: China: 913.7898, India: 552.5355, Philippines: 742.7752... (more ethnicities), Val Loss: 745.0311, Val MAE: 12.4312, Val R2: 0.6998
2025-04-24 15:22:39,467 - spatial_moe_trainer - INFO - Epoch 13/100 - Train Loss: 633.5098 (Col: 441.2773, Jump: 432.8093, Decline: 148.4983, PDE: 2793.1681, Reg: 14392.1051), Eth Losses: China: 937.1073, India: 559.9479, Philippines: 614.6026... (more ethnicities), Val Loss: 672.7795, Val MAE: 12.1685, Val R2: 0.7290
2025-04-24 15:23:01,992 - spatial_moe_trainer - INFO - Epoch 14/100 - Train Loss: 640.2761 (Col: 474.2020, Jump: 422.5450, Decline: 144.9194, PDE: 2649.2808, Reg: 14181.0777), Eth Losses: China: 794.8826, India: 700.8502, Philippines: 692.1797... (more ethnicities), Val Loss: 655.1508, Val MAE: 11.9074, Val R2: 0.7361
2025-04-24 15:23:24,668 - spatial_moe_trainer - INFO - Epoch 15/100 - Train Loss: 579.9300 (Col: 380.6150, Jump: 303.9258, Decline: 146.4843, PDE: 2693.7444, Reg: 13339.0696), Eth Losses: China: 872.3042, India: 521.5769, Philippines: 548.5833... (more ethnicities), Val Loss: 644.0863, Val MAE: 12.1660, Val R2: 0.7405
2025-04-24 15:23:47,258 - spatial_moe_trainer - INFO - Epoch 16/100 - Train Loss: 575.1427 (Col: 396.5053, Jump: 311.2827, Decline: 147.4055, PDE: 2505.9744, Reg: 17298.5904), Eth Losses: China: 788.2071, India: 552.9830, Philippines: 562.4804... (more ethnicities), Val Loss: 647.1211, Val MAE: 12.1011, Val R2: 0.7393
2025-04-24 15:24:09,753 - spatial_moe_trainer - INFO - Epoch 17/100 - Train Loss: 565.3936 (Col: 391.4284, Jump: 354.5808, Decline: 161.6751, PDE: 2472.1928, Reg: 13044.3861), Eth Losses: China: 790.4883, India: 500.8650, Philippines: 646.4192... (more ethnicities), Val Loss: 621.2368, Val MAE: 11.7507, Val R2: 0.7497
2025-04-24 15:24:32,117 - spatial_moe_trainer - INFO - Epoch 18/100 - Train Loss: 520.7926 (Col: 332.9624, Jump: 555.0441, Decline: 149.8802, PDE: 2435.4980, Reg: 15848.7764), Eth Losses: China: 680.1281, India: 507.9875, Philippines: 548.5174... (more ethnicities), Val Loss: 641.1229, Val MAE: 11.7016, Val R2: 0.7417
2025-04-24 15:24:54,667 - spatial_moe_trainer - INFO - Epoch 19/100 - Train Loss: 557.8603 (Col: 401.6375, Jump: 299.9554, Decline: 157.9977, PDE: 2287.0275, Reg: 11140.6622), Eth Losses: China: 843.0503, India: 529.0833, Philippines: 589.2628... (more ethnicities), Val Loss: 614.8987, Val MAE: 11.6791, Val R2: 0.7523
2025-04-24 15:25:17,196 - spatial_moe_trainer - INFO - Epoch 20/100 - Train Loss: 517.0847 (Col: 352.0285, Jump: 366.0451, Decline: 143.4070, PDE: 2289.4252, Reg: 9590.4079), Eth Losses: China: 752.4384, India: 488.6745, Philippines: 534.6816... (more ethnicities), Val Loss: 614.2188, Val MAE: 11.5843, Val R2: 0.7525
2025-04-24 15:25:39,724 - spatial_moe_trainer - INFO - Epoch 21/100 - Train Loss: 520.1756 (Col: 369.1930, Jump: 301.2309, Decline: 155.4015, PDE: 2178.3760, Reg: 11723.9595), Eth Losses: China: 661.1796, India: 649.3040, Philippines: 537.7698... (more ethnicities), Val Loss: 602.9335, Val MAE: 11.3229, Val R2: 0.7571
2025-04-24 15:26:02,153 - spatial_moe_trainer - INFO - Epoch 22/100 - Train Loss: 530.8294 (Col: 380.4167, Jump: 356.5978, Decline: 157.3973, PDE: 2183.1362, Reg: 12909.5844), Eth Losses: China: 752.8711, India: 544.8052, Philippines: 535.3373... (more ethnicities), Val Loss: 603.3278, Val MAE: 11.4328, Val R2: 0.7569
2025-04-24 15:26:24,684 - spatial_moe_trainer - INFO - Epoch 23/100 - Train Loss: 472.9398 (Col: 319.5531, Jump: 426.2739, Decline: 144.0862, PDE: 2124.5384, Reg: 8243.9602), Eth Losses: China: 701.9758, India: 463.2472, Philippines: 462.5583... (more ethnicities), Val Loss: 578.5084, Val MAE: 11.1608, Val R2: 0.7669
2025-04-24 15:26:47,108 - spatial_moe_trainer - INFO - Epoch 24/100 - Train Loss: 467.6434 (Col: 324.1851, Jump: 258.2401, Decline: 147.4905, PDE: 1975.3016, Reg: 10833.2713), Eth Losses: China: 710.2838, India: 401.1332, Philippines: 502.1686... (more ethnicities), Val Loss: 569.1359, Val MAE: 11.2390, Val R2: 0.7707
2025-04-24 15:27:09,539 - spatial_moe_trainer - INFO - Epoch 25/100 - Train Loss: 427.3250 (Col: 264.1861, Jump: 225.8698, Decline: 141.2230, PDE: 2073.7318, Reg: 6510.8219), Eth Losses: China: 557.0343, India: 391.9446, Philippines: 460.6864... (more ethnicities), Val Loss: 575.5021, Val MAE: 11.1727, Val R2: 0.7681
2025-04-24 15:27:31,935 - spatial_moe_trainer - INFO - Epoch 26/100 - Train Loss: 437.6740 (Col: 285.5575, Jump: 316.2326, Decline: 140.0706, PDE: 1971.6415, Reg: 7990.2216), Eth Losses: China: 553.0792, India: 386.2093, Philippines: 509.4193... (more ethnicities), Val Loss: 565.4552, Val MAE: 11.1062, Val R2: 0.7722
2025-04-24 15:27:54,577 - spatial_moe_trainer - INFO - Epoch 27/100 - Train Loss: 420.9541 (Col: 271.7179, Jump: 298.4571, Decline: 143.4016, PDE: 1912.8562, Reg: 7984.8202), Eth Losses: China: 518.0549, India: 380.0524, Philippines: 480.7635... (more ethnicities), Val Loss: 596.2606, Val MAE: 11.3056, Val R2: 0.7598
2025-04-24 15:28:17,213 - spatial_moe_trainer - INFO - Epoch 28/100 - Train Loss: 457.5533 (Col: 328.6570, Jump: 267.0919, Decline: 146.9272, PDE: 1884.5184, Reg: 5763.5622), Eth Losses: China: 756.1331, India: 396.2143, Philippines: 475.0991... (more ethnicities), Val Loss: 552.3203, Val MAE: 11.0914, Val R2: 0.7775
2025-04-24 15:28:39,645 - spatial_moe_trainer - INFO - Epoch 29/100 - Train Loss: 501.2416 (Col: 391.6008, Jump: 329.9799, Decline: 141.5944, PDE: 1904.3047, Reg: 5570.1677), Eth Losses: China: 884.0648, India: 542.3046, Philippines: 403.2987... (more ethnicities), Val Loss: 546.8558, Val MAE: 10.9834, Val R2: 0.7797
2025-04-24 15:29:02,127 - spatial_moe_trainer - INFO - Epoch 30/100 - Train Loss: 445.7269 (Col: 314.3978, Jump: 397.8843, Decline: 136.0233, PDE: 1837.8371, Reg: 8736.6980), Eth Losses: China: 618.2775, India: 513.4588, Philippines: 421.2277... (more ethnicities), Val Loss: 551.6314, Val MAE: 10.9831, Val R2: 0.7778
2025-04-24 15:29:24,694 - spatial_moe_trainer - INFO - Epoch 31/100 - Train Loss: 398.8876 (Col: 263.7906, Jump: 307.4666, Decline: 141.3794, PDE: 1734.6601, Reg: 5183.6150), Eth Losses: China: 542.7385, India: 422.0120, Philippines: 372.5210... (more ethnicities), Val Loss: 558.0976, Val MAE: 11.1043, Val R2: 0.7752
2025-04-24 15:29:47,163 - spatial_moe_trainer - INFO - Epoch 32/100 - Train Loss: 430.8277 (Col: 306.5857, Jump: 247.9378, Decline: 136.7940, PDE: 1809.6857, Reg: 6043.9944), Eth Losses: China: 638.0092, India: 387.1392, Philippines: 498.1493... (more ethnicities), Val Loss: 566.1539, Val MAE: 10.9596, Val R2: 0.7719
2025-04-24 15:30:09,702 - spatial_moe_trainer - INFO - Epoch 33/100 - Train Loss: 428.7298 (Col: 306.5575, Jump: 265.6243, Decline: 137.5195, PDE: 1806.0052, Reg: 7898.2983), Eth Losses: China: 639.4167, India: 470.5602, Philippines: 424.3041... (more ethnicities), Val Loss: 595.2641, Val MAE: 11.0257, Val R2: 0.7602
2025-04-24 15:30:32,426 - spatial_moe_trainer - INFO - Epoch 34/100 - Train Loss: 408.6239 (Col: 272.5759, Jump: 270.5956, Decline: 144.2850, PDE: 1803.4808, Reg: 8474.9361), Eth Losses: China: 607.9636, India: 376.8577, Philippines: 421.7798... (more ethnicities), Val Loss: 628.5688, Val MAE: 11.0948, Val R2: 0.7468
2025-04-24 15:30:54,928 - spatial_moe_trainer - INFO - Epoch 35/100 - Train Loss: 359.6012 (Col: 219.5311, Jump: 336.9033, Decline: 127.7799, PDE: 1700.2870, Reg: 8516.7386), Eth Losses: China: 440.4019, India: 430.8985, Philippines: 351.3684... (more ethnicities), Val Loss: 572.2136, Val MAE: 11.0123, Val R2: 0.7695
2025-04-24 15:31:17,481 - spatial_moe_trainer - INFO - Epoch 36/100 - Train Loss: 435.2938 (Col: 334.1942, Jump: 327.2094, Decline: 136.7899, PDE: 1641.7768, Reg: 6458.9369), Eth Losses: China: 612.1935, India: 578.3451, Philippines: 386.2832... (more ethnicities), Val Loss: 567.3592, Val MAE: 11.0499, Val R2: 0.7714
2025-04-24 15:31:39,919 - spatial_moe_trainer - INFO - Epoch 37/100 - Train Loss: 376.5097 (Col: 242.2682, Jump: 326.8996, Decline: 133.6634, PDE: 1662.3729, Reg: 9784.7652), Eth Losses: China: 492.4081, India: 430.9634, Philippines: 377.7786... (more ethnicities), Val Loss: 568.2108, Val MAE: 11.0531, Val R2: 0.7711
2025-04-24 15:32:02,313 - spatial_moe_trainer - INFO - Epoch 38/100 - Train Loss: 359.3818 (Col: 225.8620, Jump: 215.5838, Decline: 128.5423, PDE: 1627.1532, Reg: 7769.8654), Eth Losses: China: 502.7417, India: 367.5328, Philippines: 341.7383... (more ethnicities), Val Loss: 576.1344, Val MAE: 10.8846, Val R2: 0.7679
2025-04-24 15:32:24,852 - spatial_moe_trainer - INFO - Epoch 39/100 - Train Loss: 354.5447 (Col: 219.6830, Jump: 322.8222, Decline: 132.4759, PDE: 1693.9186, Reg: 6170.6051), Eth Losses: China: 505.2128, India: 378.2625, Philippines: 328.4416... (more ethnicities), Val Loss: 551.3491, Val MAE: 10.7638, Val R2: 0.7779
2025-04-24 15:32:24,852 - spatial_moe_trainer - INFO - Early stopping at epoch 39
2025-04-24 15:32:24,868 - spatial_moe_trainer - INFO - Saving metrics to ./optuna_results/trial_3/metrics
2025-04-24 15:32:24,871 - spatial_moe_trainer - INFO - Training metrics saved to ./optuna_results/trial_3/metrics/training_metrics.csv
2025-04-24 15:32:24,874 - spatial_moe_trainer - INFO - Validation metrics saved to ./optuna_results/trial_3/metrics/validation_metrics.csv
2025-04-24 15:32:24,912 - spatial_moe_trainer - INFO - Multi-Ethnic Spatial MoE model saved to ./optuna_results/trial_3/model.pt
2025-04-24 15:32:24,944 - __mp_main__ - INFO - Running trial 4 on device cuda:0
2025-04-24 15:32:24,959 - __main__ - INFO - Trial 3 completed with value: 546.855843
2025-04-24 15:32:25,064 - __mp_main__ - INFO - Using adjusted dimensions - hidden_dims: [124, 52, 24], coord_embed_dim: 12
2025-04-24 15:32:25,112 - spatial_moe_trainer - INFO - Multi-Ethnic Spatial MoE model initialized on cuda:0
2025-04-24 15:32:25,112 - spatial_moe_trainer - INFO - Model will predict 5 ethnicities: ['China', 'India', 'Philippines', 'Portugal', 'Sri Lanka']
2025-04-24 15:32:25,133 - __mp_main__ - INFO - Testing model forward pass before training...
2025-04-24 15:32:25,318 - __mp_main__ - INFO - Test forward pass successful. Output shape: torch.Size([64, 5])
2025-04-24 15:32:25,318 - spatial_moe_trainer - INFO - Starting multi-ethnic spatial MoE model training with learnable expert router...
2025-04-24 15:32:25,318 - spatial_moe_trainer - INFO - Using colonization_weight=6.41003510568888, jump_weight=9.72918866945795, decline_weight=2.636424704863906, pde_weight=3.7381801866358395
2025-04-24 15:32:47,873 - spatial_moe_trainer - INFO - Epoch 1/100 - Train Loss: 2171.8365 (Col: 2215.5363, Jump: 957.7975, Decline: 186.0824, PDE: 4963.0233, Reg: 10856.2338), Eth Losses: China: 4569.6236, India: 2591.4630, Philippines: 1482.5483... (more ethnicities), Val Loss: 1827.8549, Val MAE: 20.3654, Val R2: 0.2636
2025-04-24 15:33:10,464 - spatial_moe_trainer - INFO - Epoch 2/100 - Train Loss: 1808.4725 (Col: 1840.8008, Jump: 886.8797, Decline: 155.8815, PDE: 4456.9202, Reg: 16173.2701), Eth Losses: China: 3442.7617, India: 2445.2873, Philippines: 1311.4172... (more ethnicities), Val Loss: 1444.2373, Val MAE: 16.5081, Val R2: 0.4182
2025-04-24 15:33:33,067 - spatial_moe_trainer - INFO - Epoch 3/100 - Train Loss: 1479.9819 (Col: 1429.5832, Jump: 791.6447, Decline: 148.5145, PDE: 4172.2731, Reg: 18842.0671), Eth Losses: China: 2263.4567, India: 2279.2814, Philippines: 1183.6478... (more ethnicities), Val Loss: 1142.2473, Val MAE: 14.6309, Val R2: 0.5398
2025-04-24 15:33:55,532 - spatial_moe_trainer - INFO - Epoch 4/100 - Train Loss: 1295.3120 (Col: 1160.9347, Jump: 830.4309, Decline: 137.8295, PDE: 4067.7834, Reg: 19752.1491), Eth Losses: China: 1613.2825, India: 2246.4585, Philippines: 1043.5991... (more ethnicities), Val Loss: 1010.9097, Val MAE: 14.3663, Val R2: 0.5927
2025-04-24 15:34:18,085 - spatial_moe_trainer - INFO - Epoch 5/100 - Train Loss: 1215.5004 (Col: 1073.7809, Jump: 763.5725, Decline: 146.8719, PDE: 3821.3359, Reg: 16512.1872), Eth Losses: China: 1439.8490, India: 2188.3054, Philippines: 964.0878... (more ethnicities), Val Loss: 933.0416, Val MAE: 13.7219, Val R2: 0.6241
2025-04-24 15:34:40,537 - spatial_moe_trainer - INFO - Epoch 6/100 - Train Loss: 1108.6559 (Col: 977.6704, Jump: 846.0120, Decline: 141.0370, PDE: 3566.7993, Reg: 17448.0455), Eth Losses: China: 1236.8609, India: 1999.3511, Philippines: 881.6983... (more ethnicities), Val Loss: 880.8696, Val MAE: 13.4883, Val R2: 0.6451
2025-04-24 15:35:02,963 - spatial_moe_trainer - INFO - Epoch 7/100 - Train Loss: 1017.0998 (Col: 861.8720, Jump: 704.4370, Decline: 143.3265, PDE: 3488.6781, Reg: 17028.3992), Eth Losses: China: 1175.3721, India: 1842.9741, Philippines: 714.2966... (more ethnicities), Val Loss: 842.9306, Val MAE: 13.2408, Val R2: 0.6604
2025-04-24 15:35:25,486 - spatial_moe_trainer - INFO - Epoch 8/100 - Train Loss: 948.9285 (Col: 764.5170, Jump: 705.3639, Decline: 136.8425, PDE: 3445.9928, Reg: 19504.3213), Eth Losses: China: 1243.8152, India: 1582.6778, Philippines: 655.2633... (more ethnicities), Val Loss: 792.7967, Val MAE: 13.2906, Val R2: 0.6806
2025-04-24 15:35:48,057 - spatial_moe_trainer - INFO - Epoch 9/100 - Train Loss: 843.8571 (Col: 652.9483, Jump: 648.4898, Decline: 139.8432, PDE: 3339.0691, Reg: 19801.7961), Eth Losses: China: 1120.5405, India: 1221.0724, Philippines: 666.2299... (more ethnicities), Val Loss: 742.8328, Val MAE: 12.8084, Val R2: 0.7007
2025-04-24 15:36:10,632 - spatial_moe_trainer - INFO - Epoch 10/100 - Train Loss: 728.5584 (Col: 515.6908, Jump: 456.8455, Decline: 143.9062, PDE: 3174.8188, Reg: 17141.0030), Eth Losses: China: 1072.9969, India: 814.8988, Philippines: 603.2295... (more ethnicities), Val Loss: 828.6137, Val MAE: 13.0601, Val R2: 0.6662
2025-04-24 15:36:33,046 - spatial_moe_trainer - INFO - Epoch 11/100 - Train Loss: 742.4205 (Col: 543.5196, Jump: 538.6805, Decline: 131.5727, PDE: 3036.5748, Reg: 13915.5960), Eth Losses: China: 1067.8583, India: 867.2663, Philippines: 611.7544... (more ethnicities), Val Loss: 758.9485, Val MAE: 12.8945, Val R2: 0.6942
2025-04-24 15:36:55,501 - spatial_moe_trainer - INFO - Epoch 12/100 - Train Loss: 675.0443 (Col: 451.5001, Jump: 476.2970, Decline: 140.2068, PDE: 3086.8523, Reg: 17839.5735), Eth Losses: China: 1145.6110, India: 630.0140, Philippines: 549.7588... (more ethnicities), Val Loss: 772.0060, Val MAE: 12.8661, Val R2: 0.6890
2025-04-24 15:37:17,877 - spatial_moe_trainer - INFO - Epoch 13/100 - Train Loss: 644.0642 (Col: 431.3517, Jump: 364.1378, Decline: 143.9342, PDE: 2907.5325, Reg: 19789.6424), Eth Losses: China: 967.9483, India: 684.3691, Philippines: 537.0677... (more ethnicities), Val Loss: 668.6157, Val MAE: 12.2404, Val R2: 0.7306
2025-04-24 15:37:40,294 - spatial_moe_trainer - INFO - Epoch 14/100 - Train Loss: 612.3754 (Col: 405.3706, Jump: 347.6440, Decline: 147.8305, PDE: 2834.9312, Reg: 14269.4382), Eth Losses: China: 907.6751, India: 593.3236, Philippines: 537.3343... (more ethnicities), Val Loss: 647.5045, Val MAE: 12.0244, Val R2: 0.7391
2025-04-24 15:38:02,920 - spatial_moe_trainer - INFO - Epoch 15/100 - Train Loss: 578.4213 (Col: 373.4976, Jump: 356.9584, Decline: 138.7730, PDE: 2735.9002, Reg: 15211.1359), Eth Losses: China: 844.2044, India: 535.1787, Philippines: 527.8919... (more ethnicities), Val Loss: 678.5024, Val MAE: 12.2558, Val R2: 0.7266
2025-04-24 15:38:25,516 - spatial_moe_trainer - INFO - Epoch 16/100 - Train Loss: 583.5172 (Col: 374.8755, Jump: 398.5306, Decline: 146.8279, PDE: 2727.9636, Reg: 16798.9974), Eth Losses: China: 893.9618, India: 574.5998, Philippines: 521.5329... (more ethnicities), Val Loss: 626.3329, Val MAE: 12.0239, Val R2: 0.7477
2025-04-24 15:38:48,230 - spatial_moe_trainer - INFO - Epoch 17/100 - Train Loss: 559.2681 (Col: 365.5786, Jump: 394.3629, Decline: 140.3249, PDE: 2626.6141, Reg: 13397.8361), Eth Losses: China: 795.6891, India: 619.2972, Philippines: 478.5552... (more ethnicities), Val Loss: 608.1160, Val MAE: 11.6768, Val R2: 0.7550
2025-04-24 15:39:10,889 - spatial_moe_trainer - INFO - Epoch 18/100 - Train Loss: 543.2309 (Col: 347.9760, Jump: 357.9542, Decline: 150.1022, PDE: 2521.0426, Reg: 11679.9945), Eth Losses: China: 795.1685, India: 503.0356, Philippines: 525.2684... (more ethnicities), Val Loss: 592.8433, Val MAE: 12.0295, Val R2: 0.7612
2025-04-24 15:39:33,526 - spatial_moe_trainer - INFO - Epoch 19/100 - Train Loss: 512.9155 (Col: 333.6162, Jump: 364.8969, Decline: 149.9918, PDE: 2404.2384, Reg: 12016.7625), Eth Losses: China: 772.5167, India: 517.2922, Philippines: 447.3780... (more ethnicities), Val Loss: 614.4204, Val MAE: 11.7121, Val R2: 0.7525
2025-04-24 15:39:56,009 - spatial_moe_trainer - INFO - Epoch 20/100 - Train Loss: 538.4917 (Col: 355.1794, Jump: 303.7843, Decline: 152.5303, PDE: 2448.4474, Reg: 11903.0605), Eth Losses: China: 767.1243, India: 572.3465, Philippines: 505.4372... (more ethnicities), Val Loss: 655.8377, Val MAE: 11.7233, Val R2: 0.7358
2025-04-24 15:40:18,570 - spatial_moe_trainer - INFO - Epoch 21/100 - Train Loss: 498.0435 (Col: 322.9125, Jump: 370.7798, Decline: 145.5942, PDE: 2269.7538, Reg: 13297.6332), Eth Losses: China: 759.6710, India: 490.0494, Philippines: 447.0265... (more ethnicities), Val Loss: 652.5501, Val MAE: 11.9036, Val R2: 0.7371
2025-04-24 15:40:41,033 - spatial_moe_trainer - INFO - Epoch 22/100 - Train Loss: 491.4767 (Col: 310.4860, Jump: 252.2381, Decline: 157.0974, PDE: 2285.6416, Reg: 14938.0990), Eth Losses: China: 722.6676, India: 472.9696, Philippines: 494.6354... (more ethnicities), Val Loss: 605.6882, Val MAE: 11.4292, Val R2: 0.7560
2025-04-24 15:41:03,412 - spatial_moe_trainer - INFO - Epoch 23/100 - Train Loss: 465.9757 (Col: 279.6721, Jump: 300.1752, Decline: 151.5244, PDE: 2261.9284, Reg: 15193.7186), Eth Losses: China: 678.2694, India: 448.8876, Philippines: 418.5415... (more ethnicities), Val Loss: 603.7959, Val MAE: 11.5611, Val R2: 0.7567
2025-04-24 15:41:25,962 - spatial_moe_trainer - INFO - Epoch 24/100 - Train Loss: 492.8234 (Col: 322.8061, Jump: 282.3760, Decline: 147.1141, PDE: 2222.9326, Reg: 13353.5760), Eth Losses: China: 755.5544, India: 489.2462, Philippines: 459.2497... (more ethnicities), Val Loss: 658.9356, Val MAE: 11.6580, Val R2: 0.7345
2025-04-24 15:41:48,499 - spatial_moe_trainer - INFO - Epoch 25/100 - Train Loss: 461.0468 (Col: 297.5943, Jump: 263.1115, Decline: 149.4017, PDE: 2109.6733, Reg: 12296.6221), Eth Losses: China: 628.5917, India: 462.1723, Philippines: 507.4380... (more ethnicities), Val Loss: 611.2490, Val MAE: 11.5829, Val R2: 0.7537
2025-04-24 15:42:11,049 - spatial_moe_trainer - INFO - Epoch 26/100 - Train Loss: 431.7394 (Col: 246.4881, Jump: 251.8007, Decline: 152.6584, PDE: 2137.1604, Reg: 16363.7946), Eth Losses: China: 592.0614, India: 441.3239, Philippines: 392.2619... (more ethnicities), Val Loss: 633.0569, Val MAE: 11.5656, Val R2: 0.7450
2025-04-24 15:42:33,600 - spatial_moe_trainer - INFO - Epoch 27/100 - Train Loss: 446.2866 (Col: 279.9716, Jump: 264.8649, Decline: 150.4135, PDE: 2130.0558, Reg: 13697.1795), Eth Losses: China: 551.2744, India: 518.7866, Philippines: 414.4028... (more ethnicities), Val Loss: 649.3010, Val MAE: 11.5267, Val R2: 0.7384
2025-04-24 15:42:56,111 - spatial_moe_trainer - INFO - Epoch 28/100 - Train Loss: 468.0168 (Col: 308.3125, Jump: 306.1775, Decline: 146.8158, PDE: 2099.5216, Reg: 11365.0393), Eth Losses: China: 593.8864, India: 510.5217, Philippines: 503.0726... (more ethnicities), Val Loss: 595.5785, Val MAE: 11.3440, Val R2: 0.7601
2025-04-24 15:42:56,111 - spatial_moe_trainer - INFO - Early stopping at epoch 28
2025-04-24 15:42:56,133 - spatial_moe_trainer - INFO - Saving metrics to ./optuna_results/trial_4/metrics
2025-04-24 15:42:56,135 - spatial_moe_trainer - INFO - Training metrics saved to ./optuna_results/trial_4/metrics/training_metrics.csv
2025-04-24 15:42:56,137 - spatial_moe_trainer - INFO - Validation metrics saved to ./optuna_results/trial_4/metrics/validation_metrics.csv
2025-04-24 15:42:56,176 - spatial_moe_trainer - INFO - Multi-Ethnic Spatial MoE model saved to ./optuna_results/trial_4/model.pt
2025-04-24 15:42:56,207 - __mp_main__ - INFO - Running trial 5 on device cuda:0
2025-04-24 15:42:56,221 - __main__ - INFO - Trial 4 completed with value: 592.843258
2025-04-24 15:42:56,328 - __mp_main__ - INFO - Using adjusted dimensions - hidden_dims: [124, 52, 24], coord_embed_dim: 12
2025-04-24 15:42:56,379 - spatial_moe_trainer - INFO - Multi-Ethnic Spatial MoE model initialized on cuda:0
2025-04-24 15:42:56,379 - spatial_moe_trainer - INFO - Model will predict 5 ethnicities: ['China', 'India', 'Philippines', 'Portugal', 'Sri Lanka']
2025-04-24 15:42:56,400 - __mp_main__ - INFO - Testing model forward pass before training...
2025-04-24 15:42:56,571 - __mp_main__ - INFO - Test forward pass successful. Output shape: torch.Size([64, 5])
2025-04-24 15:42:56,571 - spatial_moe_trainer - INFO - Starting multi-ethnic spatial MoE model training with learnable expert router...
2025-04-24 15:42:56,571 - spatial_moe_trainer - INFO - Using colonization_weight=6.41003510568888, jump_weight=9.72918866945795, decline_weight=2.636424704863906, pde_weight=3.7381801866358395
2025-04-24 15:43:19,039 - spatial_moe_trainer - INFO - Epoch 1/100 - Train Loss: 2342.7742 (Col: 2494.1653, Jump: 916.1715, Decline: 184.7111, PDE: 4984.4367, Reg: 13776.1609), Eth Losses: China: 4662.0045, India: 2775.4049, Philippines: 1566.0013... (more ethnicities), Val Loss: 1976.3631, Val MAE: 23.5391, Val R2: 0.2038
2025-04-24 15:43:41,817 - spatial_moe_trainer - INFO - Epoch 2/100 - Train Loss: 1867.1842 (Col: 1922.5829, Jump: 942.9325, Decline: 150.8492, PDE: 4359.8860, Reg: 14694.5612), Eth Losses: China: 3745.7314, India: 2415.1596, Philippines: 1364.7218... (more ethnicities), Val Loss: 1491.8720, Val MAE: 16.6992, Val R2: 0.3990
2025-04-24 15:44:04,411 - spatial_moe_trainer - INFO - Epoch 3/100 - Train Loss: 1528.2129 (Col: 1499.7074, Jump: 667.7031, Decline: 146.3885, PDE: 3985.1354, Reg: 13837.8317), Eth Losses: China: 2524.3683, India: 2240.3655, Philippines: 1252.0416... (more ethnicities), Val Loss: 1246.0068, Val MAE: 15.5266, Val R2: 0.4980
2025-04-24 15:44:26,864 - spatial_moe_trainer - INFO - Epoch 4/100 - Train Loss: 1324.5871 (Col: 1229.9836, Jump: 613.0728, Decline: 142.7187, PDE: 3947.3485, Reg: 16560.5110), Eth Losses: China: 1796.7015, India: 2183.6265, Philippines: 1155.0425... (more ethnicities), Val Loss: 1114.1869, Val MAE: 15.1644, Val R2: 0.5511
2025-04-24 15:44:49,503 - spatial_moe_trainer - INFO - Epoch 5/100 - Train Loss: 1202.1350 (Col: 1078.1926, Jump: 745.7127, Decline: 136.3014, PDE: 3858.3075, Reg: 17203.8489), Eth Losses: China: 1499.5371, India: 2103.8082, Philippines: 1030.3316... (more ethnicities), Val Loss: 1059.6808, Val MAE: 14.6887, Val R2: 0.5731
2025-04-24 15:45:12,098 - spatial_moe_trainer - INFO - Epoch 6/100 - Train Loss: 1141.0423 (Col: 1009.4331, Jump: 644.0620, Decline: 144.7612, PDE: 3614.2984, Reg: 14700.5887), Eth Losses: China: 1479.9890, India: 2013.2539, Philippines: 974.5515... (more ethnicities), Val Loss: 998.8760, Val MAE: 14.1600, Val R2: 0.5976
2025-04-24 15:45:34,749 - spatial_moe_trainer - INFO - Epoch 7/100 - Train Loss: 1017.0242 (Col: 862.9167, Jump: 784.8037, Decline: 136.0276, PDE: 3446.3352, Reg: 16081.4438), Eth Losses: China: 1177.8084, India: 1876.6064, Philippines: 893.1653... (more ethnicities), Val Loss: 921.0040, Val MAE: 14.0396, Val R2: 0.6289
2025-04-24 15:45:57,262 - spatial_moe_trainer - INFO - Epoch 8/100 - Train Loss: 1008.5498 (Col: 837.9956, Jump: 717.0010, Decline: 138.4632, PDE: 3500.0729, Reg: 16804.3814), Eth Losses: China: 1263.1872, India: 1796.7855, Philippines: 844.3834... (more ethnicities), Val Loss: 821.9246, Val MAE: 13.5596, Val R2: 0.6689
2025-04-24 15:46:19,796 - spatial_moe_trainer - INFO - Epoch 9/100 - Train Loss: 869.1641 (Col: 686.4933, Jump: 603.8072, Decline: 132.3525, PDE: 3307.1466, Reg: 17240.9842), Eth Losses: China: 1135.0330, India: 1444.2692, Philippines: 737.9927... (more ethnicities), Val Loss: 765.9765, Val MAE: 13.3050, Val R2: 0.6914
2025-04-24 15:46:42,609 - spatial_moe_trainer - INFO - Epoch 10/100 - Train Loss: 761.1566 (Col: 545.4695, Jump: 611.2131, Decline: 132.4091, PDE: 3319.1702, Reg: 18181.9750), Eth Losses: China: 1155.0600, India: 975.1939, Philippines: 712.7324... (more ethnicities), Val Loss: 770.0471, Val MAE: 13.0696, Val R2: 0.6898
2025-04-24 15:47:05,218 - spatial_moe_trainer - INFO - Epoch 11/100 - Train Loss: 741.9360 (Col: 523.7807, Jump: 592.5044, Decline: 136.2854, PDE: 3318.2756, Reg: 13922.0476), Eth Losses: China: 1085.1933, India: 812.2008, Philippines: 693.0600... (more ethnicities), Val Loss: 753.7211, Val MAE: 13.1062, Val R2: 0.6963
2025-04-24 15:47:27,567 - spatial_moe_trainer - INFO - Epoch 12/100 - Train Loss: 679.6336 (Col: 450.9571, Jump: 611.1082, Decline: 142.3222, PDE: 3177.6017, Reg: 19006.0634), Eth Losses: China: 1065.3398, India: 628.0849, Philippines: 804.8398... (more ethnicities), Val Loss: 696.5316, Val MAE: 12.7583, Val R2: 0.7194
2025-04-24 15:47:50,022 - spatial_moe_trainer - INFO - Epoch 13/100 - Train Loss: 690.7955 (Col: 484.8438, Jump: 450.6555, Decline: 132.5941, PDE: 3088.4788, Reg: 13264.9021), Eth Losses: China: 1090.8651, India: 712.0576, Philippines: 622.3708... (more ethnicities), Val Loss: 689.1125, Val MAE: 13.3706, Val R2: 0.7224
2025-04-24 15:48:12,679 - spatial_moe_trainer - INFO - Trial pruned at epoch 14
2025-04-24 15:48:12,694 - spatial_moe_trainer - INFO - Saving metrics to ./optuna_results/trial_5/metrics
2025-04-24 15:48:12,696 - spatial_moe_trainer - INFO - Training metrics saved to ./optuna_results/trial_5/metrics/training_metrics.csv
2025-04-24 15:48:12,698 - spatial_moe_trainer - INFO - Validation metrics saved to ./optuna_results/trial_5/metrics/validation_metrics.csv
2025-04-24 15:48:12,743 - spatial_moe_trainer - INFO - Multi-Ethnic Spatial MoE model saved to ./optuna_results/trial_5/model.pt
2025-04-24 15:48:12,785 - __mp_main__ - INFO - Running trial 6 on device cuda:0
2025-04-24 15:48:12,798 - __main__ - INFO - Trial 5 completed with value: 689.112493
2025-04-24 15:48:12,904 - __mp_main__ - INFO - Using adjusted dimensions - hidden_dims: [124, 52, 24], coord_embed_dim: 12
2025-04-24 15:48:12,951 - spatial_moe_trainer - INFO - Multi-Ethnic Spatial MoE model initialized on cuda:0
2025-04-24 15:48:12,952 - spatial_moe_trainer - INFO - Model will predict 5 ethnicities: ['China', 'India', 'Philippines', 'Portugal', 'Sri Lanka']
2025-04-24 15:48:12,972 - __mp_main__ - INFO - Testing model forward pass before training...
2025-04-24 15:48:13,130 - __mp_main__ - INFO - Test forward pass successful. Output shape: torch.Size([64, 5])
2025-04-24 15:48:13,131 - spatial_moe_trainer - INFO - Starting multi-ethnic spatial MoE model training with learnable expert router...
2025-04-24 15:48:13,131 - spatial_moe_trainer - INFO - Using colonization_weight=6.41003510568888, jump_weight=9.72918866945795, decline_weight=2.636424704863906, pde_weight=3.7381801866358395
2025-04-24 15:48:35,625 - spatial_moe_trainer - INFO - Epoch 1/100 - Train Loss: 2212.5786 (Col: 2225.3750, Jump: 951.5412, Decline: 167.2640, PDE: 5459.8916, Reg: 9461.7521), Eth Losses: China: 4567.3712, India: 2584.0127, Philippines: 1526.4888... (more ethnicities), Val Loss: 1683.7826, Val MAE: 21.7220, Val R2: 0.3216
2025-04-24 15:48:58,301 - spatial_moe_trainer - INFO - Epoch 2/100 - Train Loss: 1813.8852 (Col: 1829.8894, Jump: 708.4597, Decline: 158.7316, PDE: 4493.6256, Reg: 12639.1460), Eth Losses: China: 3478.4591, India: 2353.5033, Philippines: 1341.1593... (more ethnicities), Val Loss: 1351.2540, Val MAE: 16.5623, Val R2: 0.4556
2025-04-24 15:49:20,888 - spatial_moe_trainer - INFO - Epoch 3/100 - Train Loss: 1507.1860 (Col: 1431.8177, Jump: 608.7337, Decline: 150.6262, PDE: 4154.8877, Reg: 15172.6188), Eth Losses: China: 2451.7650, India: 2108.2785, Philippines: 1230.0393... (more ethnicities), Val Loss: 1145.0185, Val MAE: 15.1055, Val R2: 0.5387
2025-04-24 15:49:43,507 - spatial_moe_trainer - INFO - Epoch 4/100 - Train Loss: 1253.2149 (Col: 1127.3371, Jump: 649.2619, Decline: 148.6054, PDE: 3905.2201, Reg: 17015.7166), Eth Losses: China: 1808.4794, India: 1667.2003, Philippines: 1130.0405... (more ethnicities), Val Loss: 1061.5105, Val MAE: 14.8759, Val R2: 0.5723
2025-04-24 15:50:05,961 - spatial_moe_trainer - INFO - Epoch 5/100 - Train Loss: 1101.0631 (Col: 958.7219, Jump: 483.9011, Decline: 140.0830, PDE: 3665.3893, Reg: 16883.6729), Eth Losses: China: 1479.4584, India: 1324.0590, Philippines: 1088.7858... (more ethnicities), Val Loss: 1015.8494, Val MAE: 14.1695, Val R2: 0.5907
2025-04-24 15:50:28,574 - spatial_moe_trainer - INFO - Epoch 6/100 - Train Loss: 965.8318 (Col: 779.9643, Jump: 423.1956, Decline: 140.5658, PDE: 3583.1850, Reg: 17336.9698), Eth Losses: China: 1212.6545, India: 1038.4228, Philippines: 1028.5836... (more ethnicities), Val Loss: 939.7661, Val MAE: 13.7746, Val R2: 0.6214
2025-04-24 15:50:51,246 - spatial_moe_trainer - INFO - Epoch 7/100 - Train Loss: 874.0274 (Col: 687.2899, Jump: 531.4318, Decline: 136.3701, PDE: 3438.3366, Reg: 14464.8243), Eth Losses: China: 1202.3491, India: 821.1050, Philippines: 852.9191... (more ethnicities), Val Loss: 865.5083, Val MAE: 13.8976, Val R2: 0.6513
2025-04-24 15:51:13,718 - spatial_moe_trainer - INFO - Epoch 8/100 - Train Loss: 825.9560 (Col: 620.7146, Jump: 505.6806, Decline: 132.5231, PDE: 3327.4801, Reg: 18183.8240), Eth Losses: China: 1119.8498, India: 688.3152, Philippines: 841.5572... (more ethnicities), Val Loss: 821.5649, Val MAE: 13.8235, Val R2: 0.6690
2025-04-24 15:51:36,256 - spatial_moe_trainer - INFO - Epoch 9/100 - Train Loss: 750.5567 (Col: 537.7119, Jump: 448.5141, Decline: 140.7764, PDE: 3230.6456, Reg: 18017.9118), Eth Losses: China: 996.7722, India: 594.5330, Philippines: 751.7689... (more ethnicities), Val Loss: 778.5814, Val MAE: 13.0579, Val R2: 0.6863
2025-04-24 15:51:58,779 - spatial_moe_trainer - INFO - Epoch 10/100 - Train Loss: 719.5449 (Col: 517.7823, Jump: 414.7214, Decline: 139.2121, PDE: 3073.2029, Reg: 14963.7286), Eth Losses: China: 874.8073, India: 676.5895, Philippines: 728.0863... (more ethnicities), Val Loss: 740.9958, Val MAE: 13.0529, Val R2: 0.7015
2025-04-24 15:52:21,202 - spatial_moe_trainer - INFO - Epoch 11/100 - Train Loss: 707.4506 (Col: 509.2101, Jump: 457.7744, Decline: 140.3007, PDE: 3024.8107, Reg: 15943.9856), Eth Losses: China: 996.5693, India: 617.8924, Philippines: 654.4724... (more ethnicities), Val Loss: 728.0447, Val MAE: 13.2383, Val R2: 0.7067
2025-04-24 15:52:43,659 - spatial_moe_trainer - INFO - Epoch 12/100 - Train Loss: 660.4399 (Col: 467.3977, Jump: 364.7212, Decline: 144.6884, PDE: 2831.6472, Reg: 14307.8531), Eth Losses: China: 971.6448, India: 610.1385, Philippines: 587.3650... (more ethnicities), Val Loss: 681.2252, Val MAE: 12.8314, Val R2: 0.7256
2025-04-24 15:53:06,129 - spatial_moe_trainer - INFO - Epoch 13/100 - Train Loss: 632.7301 (Col: 428.9134, Jump: 389.4228, Decline: 144.9521, PDE: 2802.3484, Reg: 18191.1799), Eth Losses: China: 935.5002, India: 567.9196, Philippines: 555.7939... (more ethnicities), Val Loss: 701.7992, Val MAE: 12.2748, Val R2: 0.7173
2025-04-24 15:53:28,476 - spatial_moe_trainer - INFO - Trial pruned at epoch 14
2025-04-24 15:53:28,490 - spatial_moe_trainer - INFO - Saving metrics to ./optuna_results/trial_6/metrics
2025-04-24 15:53:28,493 - spatial_moe_trainer - INFO - Training metrics saved to ./optuna_results/trial_6/metrics/training_metrics.csv
2025-04-24 15:53:28,494 - spatial_moe_trainer - INFO - Validation metrics saved to ./optuna_results/trial_6/metrics/validation_metrics.csv
2025-04-24 15:53:28,534 - spatial_moe_trainer - INFO - Multi-Ethnic Spatial MoE model saved to ./optuna_results/trial_6/model.pt
2025-04-24 15:53:28,567 - __mp_main__ - INFO - Running trial 7 on device cuda:0
2025-04-24 15:53:28,580 - __main__ - INFO - Trial 6 completed with value: 681.225212
2025-04-24 15:53:28,692 - __mp_main__ - INFO - Using adjusted dimensions - hidden_dims: [124, 52, 24], coord_embed_dim: 12
2025-04-24 15:53:28,740 - spatial_moe_trainer - INFO - Multi-Ethnic Spatial MoE model initialized on cuda:0
2025-04-24 15:53:28,740 - spatial_moe_trainer - INFO - Model will predict 5 ethnicities: ['China', 'India', 'Philippines', 'Portugal', 'Sri Lanka']
2025-04-24 15:53:28,761 - __mp_main__ - INFO - Testing model forward pass before training...
2025-04-24 15:53:28,919 - __mp_main__ - INFO - Test forward pass successful. Output shape: torch.Size([64, 5])
2025-04-24 15:53:28,919 - spatial_moe_trainer - INFO - Starting multi-ethnic spatial MoE model training with learnable expert router...
2025-04-24 15:53:28,919 - spatial_moe_trainer - INFO - Using colonization_weight=6.41003510568888, jump_weight=9.72918866945795, decline_weight=2.636424704863906, pde_weight=3.7381801866358395
2025-04-24 15:53:51,532 - spatial_moe_trainer - INFO - Epoch 1/100 - Train Loss: 2274.1411 (Col: 2330.0671, Jump: 930.5285, Decline: 180.3824, PDE: 5319.0428, Reg: 11592.7055), Eth Losses: China: 4779.3839, India: 2616.0681, Philippines: 1611.0930... (more ethnicities), Val Loss: 1738.7032, Val MAE: 21.3920, Val R2: 0.2995
2025-04-24 15:54:14,207 - spatial_moe_trainer - INFO - Epoch 2/100 - Train Loss: 1896.7247 (Col: 1966.6020, Jump: 835.1658, Decline: 158.4673, PDE: 4624.4697, Reg: 10542.6435), Eth Losses: China: 3875.4097, India: 2374.1152, Philippines: 1400.3126... (more ethnicities), Val Loss: 1407.7245, Val MAE: 16.7823, Val R2: 0.4329
2025-04-24 15:54:36,762 - spatial_moe_trainer - INFO - Epoch 3/100 - Train Loss: 1612.2323 (Col: 1586.4248, Jump: 805.1567, Decline: 143.1519, PDE: 4191.7678, Reg: 16801.3728), Eth Losses: China: 2914.5420, India: 2180.2899, Philippines: 1306.7210... (more ethnicities), Val Loss: 1210.1083, Val MAE: 15.3817, Val R2: 0.5125
2025-04-24 15:54:59,101 - spatial_moe_trainer - INFO - Epoch 4/100 - Train Loss: 1313.3039 (Col: 1221.5939, Jump: 738.7606, Decline: 136.2059, PDE: 3899.9305, Reg: 13330.1984), Eth Losses: China: 1900.6174, India: 1902.2346, Philippines: 1232.7102... (more ethnicities), Val Loss: 1018.5546, Val MAE: 14.0957, Val R2: 0.5896
2025-04-24 15:55:21,650 - spatial_moe_trainer - INFO - Epoch 5/100 - Train Loss: 1132.9680 (Col: 992.1154, Jump: 584.0952, Decline: 140.3596, PDE: 3709.9576, Reg: 16925.7615), Eth Losses: China: 1406.9210, India: 1673.0360, Philippines: 1132.1260... (more ethnicities), Val Loss: 953.9649, Val MAE: 14.2254, Val R2: 0.6157
2025-04-24 15:55:44,156 - spatial_moe_trainer - INFO - Epoch 6/100 - Train Loss: 1012.1725 (Col: 872.4644, Jump: 510.6289, Decline: 132.6258, PDE: 3367.5301, Reg: 16187.1726), Eth Losses: China: 1174.6531, India: 1455.4011, Philippines: 1068.5199... (more ethnicities), Val Loss: 917.5820, Val MAE: 13.8183, Val R2: 0.6303
2025-04-24 15:56:06,747 - spatial_moe_trainer - INFO - Epoch 7/100 - Train Loss: 932.5367 (Col: 751.0875, Jump: 452.5797, Decline: 136.4577, PDE: 3439.5582, Reg: 20836.8892), Eth Losses: China: 1222.7697, India: 1219.5946, Philippines: 972.7171... (more ethnicities), Val Loss: 850.3375, Val MAE: 13.3225, Val R2: 0.6574
2025-04-24 15:56:29,275 - spatial_moe_trainer - INFO - Epoch 8/100 - Train Loss: 850.4693 (Col: 691.5439, Jump: 412.3269, Decline: 141.4952, PDE: 3192.1597, Reg: 13419.7782), Eth Losses: China: 1119.4348, India: 1089.4002, Philippines: 888.4029... (more ethnicities), Val Loss: 742.6723, Val MAE: 12.6549, Val R2: 0.7008
2025-04-24 15:56:52,068 - spatial_moe_trainer - INFO - Epoch 9/100 - Train Loss: 741.3290 (Col: 541.8360, Jump: 434.2794, Decline: 139.2094, PDE: 3012.1040, Reg: 20988.3548), Eth Losses: China: 1083.5201, India: 825.8123, Philippines: 707.3049... (more ethnicities), Val Loss: 719.7332, Val MAE: 12.4224, Val R2: 0.7100
2025-04-24 15:57:14,558 - spatial_moe_trainer - INFO - Epoch 10/100 - Train Loss: 762.0555 (Col: 596.1005, Jump: 410.1365, Decline: 145.1139, PDE: 2905.6097, Reg: 15404.3900), Eth Losses: China: 1175.7427, India: 799.0077, Philippines: 743.6131... (more ethnicities), Val Loss: 668.6212, Val MAE: 12.5096, Val R2: 0.7306
2025-04-24 15:57:37,086 - spatial_moe_trainer - INFO - Epoch 11/100 - Train Loss: 640.9649 (Col: 444.2064, Jump: 383.4601, Decline: 138.2749, PDE: 2839.4646, Reg: 14538.3226), Eth Losses: China: 901.6395, India: 608.3112, Philippines: 682.6083... (more ethnicities), Val Loss: 692.5823, Val MAE: 12.5242, Val R2: 0.7210
2025-04-24 15:57:59,573 - spatial_moe_trainer - INFO - Epoch 12/100 - Train Loss: 627.2206 (Col: 439.9634, Jump: 424.3346, Decline: 142.6437, PDE: 2655.0461, Reg: 13296.6591), Eth Losses: China: 952.2392, India: 584.0175, Philippines: 581.0031... (more ethnicities), Val Loss: 624.6536, Val MAE: 12.2552, Val R2: 0.7483
2025-04-24 15:58:22,185 - spatial_moe_trainer - INFO - Epoch 13/100 - Train Loss: 606.2897 (Col: 420.8181, Jump: 315.7121, Decline: 145.1495, PDE: 2640.7510, Reg: 13666.2681), Eth Losses: China: 911.2079, India: 543.0702, Philippines: 539.6689... (more ethnicities), Val Loss: 623.6675, Val MAE: 12.2978, Val R2: 0.7487
2025-04-24 15:58:44,676 - spatial_moe_trainer - INFO - Epoch 14/100 - Train Loss: 613.6337 (Col: 450.7995, Jump: 385.3972, Decline: 148.7342, PDE: 2512.1490, Reg: 16753.9442), Eth Losses: China: 1004.3164, India: 542.1109, Philippines: 558.3360... (more ethnicities), Val Loss: 646.5867, Val MAE: 12.1435, Val R2: 0.7395
2025-04-24 15:59:07,075 - spatial_moe_trainer - INFO - Epoch 15/100 - Train Loss: 578.2322 (Col: 415.5306, Jump: 352.2948, Decline: 158.0797, PDE: 2368.1440, Reg: 17619.6686), Eth Losses: China: 758.2718, India: 508.4283, Philippines: 757.6660... (more ethnicities), Val Loss: 620.5946, Val MAE: 12.4470, Val R2: 0.7500
2025-04-24 15:59:29,682 - spatial_moe_trainer - INFO - Epoch 16/100 - Train Loss: 548.3123 (Col: 377.7993, Jump: 343.3823, Decline: 163.1949, PDE: 2346.3042, Reg: 14481.6111), Eth Losses: China: 778.1399, India: 562.7264, Philippines: 497.8540... (more ethnicities), Val Loss: 603.1932, Val MAE: 11.7970, Val R2: 0.7570
2025-04-24 15:59:52,296 - spatial_moe_trainer - INFO - Epoch 17/100 - Train Loss: 545.4352 (Col: 375.8815, Jump: 379.7975, Decline: 154.0959, PDE: 2345.4833, Reg: 12377.4837), Eth Losses: China: 779.3860, India: 597.1035, Philippines: 501.1097... (more ethnicities), Val Loss: 606.3614, Val MAE: 11.7694, Val R2: 0.7557
2025-04-24 16:00:14,761 - spatial_moe_trainer - INFO - Epoch 18/100 - Train Loss: 467.7367 (Col: 294.6383, Jump: 380.9559, Decline: 158.6721, PDE: 2181.3585, Reg: 13296.4440), Eth Losses: China: 688.4550, India: 439.9431, Philippines: 461.8544... (more ethnicities), Val Loss: 600.1648, Val MAE: 11.8665, Val R2: 0.7582
2025-04-24 16:00:37,151 - spatial_moe_trainer - INFO - Epoch 19/100 - Train Loss: 501.1583 (Col: 325.8388, Jump: 289.1200, Decline: 153.8818, PDE: 2234.2221, Reg: 13449.1382), Eth Losses: China: 758.5874, India: 496.8702, Philippines: 507.9735... (more ethnicities), Val Loss: 579.1554, Val MAE: 11.4996, Val R2: 0.7667
2025-04-24 16:00:59,551 - spatial_moe_trainer - INFO - Epoch 20/100 - Train Loss: 528.8695 (Col: 381.5144, Jump: 351.8350, Decline: 158.3171, PDE: 2139.2789, Reg: 13926.4123), Eth Losses: China: 815.6298, India: 537.2486, Philippines: 525.5817... (more ethnicities), Val Loss: 550.8258, Val MAE: 11.7791, Val R2: 0.7781
2025-04-24 16:01:21,970 - spatial_moe_trainer - INFO - Epoch 21/100 - Train Loss: 487.7272 (Col: 318.6981, Jump: 333.9424, Decline: 162.3760, PDE: 2158.1493, Reg: 13544.5983), Eth Losses: China: 726.8189, India: 526.1007, Philippines: 455.3681... (more ethnicities), Val Loss: 575.5049, Val MAE: 11.5880, Val R2: 0.7681
2025-04-24 16:01:44,557 - spatial_moe_trainer - INFO - Epoch 22/100 - Train Loss: 488.3816 (Col: 325.3511, Jump: 356.2067, Decline: 167.3066, PDE: 2124.3802, Reg: 10428.2086), Eth Losses: China: 752.2018, India: 466.8250, Philippines: 501.6449... (more ethnicities), Val Loss: 547.7805, Val MAE: 11.4944, Val R2: 0.7793
2025-04-24 16:02:07,010 - spatial_moe_trainer - INFO - Epoch 23/100 - Train Loss: 476.7112 (Col: 316.7027, Jump: 361.9037, Decline: 158.0736, PDE: 2085.7569, Reg: 11717.4048), Eth Losses: China: 661.2626, India: 488.6467, Philippines: 459.3484... (more ethnicities), Val Loss: 552.9270, Val MAE: 11.7129, Val R2: 0.7772
2025-04-24 16:02:29,502 - spatial_moe_trainer - INFO - Epoch 24/100 - Train Loss: 464.0991 (Col: 304.9428, Jump: 296.5002, Decline: 172.4465, PDE: 1967.0730, Reg: 13074.6551), Eth Losses: China: 720.0831, India: 480.6430, Philippines: 424.6242... (more ethnicities), Val Loss: 555.7771, Val MAE: 11.4918, Val R2: 0.7761
2025-04-24 16:02:52,141 - spatial_moe_trainer - INFO - Epoch 25/100 - Train Loss: 427.1101 (Col: 262.7187, Jump: 311.0513, Decline: 184.2062, PDE: 1946.8778, Reg: 12074.6512), Eth Losses: China: 606.5331, India: 431.5633, Philippines: 440.9890... (more ethnicities), Val Loss: 567.0757, Val MAE: 11.6027, Val R2: 0.7715
2025-04-24 16:03:14,567 - spatial_moe_trainer - INFO - Epoch 26/100 - Train Loss: 429.4119 (Col: 267.5308, Jump: 323.9866, Decline: 195.5659, PDE: 1975.4537, Reg: 8704.9124), Eth Losses: China: 604.8690, India: 442.5201, Philippines: 465.7266... (more ethnicities), Val Loss: 554.0275, Val MAE: 11.4107, Val R2: 0.7768
2025-04-24 16:03:37,080 - spatial_moe_trainer - INFO - Epoch 27/100 - Train Loss: 453.1989 (Col: 308.7618, Jump: 312.6253, Decline: 164.0525, PDE: 1904.3376, Reg: 10161.6106), Eth Losses: China: 610.1378, India: 480.6020, Philippines: 423.7006... (more ethnicities), Val Loss: 570.2111, Val MAE: 11.3731, Val R2: 0.7703
2025-04-24 16:03:59,494 - spatial_moe_trainer - INFO - Epoch 28/100 - Train Loss: 452.3216 (Col: 308.9740, Jump: 264.0738, Decline: 168.0798, PDE: 1920.6393, Reg: 10070.3029), Eth Losses: China: 605.3852, India: 554.9142, Philippines: 450.4482... (more ethnicities), Val Loss: 575.4431, Val MAE: 11.2171, Val R2: 0.7682
2025-04-24 16:04:21,992 - spatial_moe_trainer - INFO - Epoch 29/100 - Train Loss: 408.1181 (Col: 261.3686, Jump: 288.5849, Decline: 162.1396, PDE: 1846.9871, Reg: 10347.1875), Eth Losses: China: 581.9492, India: 420.5197, Philippines: 403.0962... (more ethnicities), Val Loss: 583.6874, Val MAE: 11.3042, Val R2: 0.7648
2025-04-24 16:04:44,387 - spatial_moe_trainer - INFO - Epoch 30/100 - Train Loss: 425.2336 (Col: 276.6013, Jump: 334.3353, Decline: 156.9405, PDE: 1892.3255, Reg: 9658.3192), Eth Losses: China: 592.4424, India: 545.9758, Philippines: 395.2738... (more ethnicities), Val Loss: 561.5756, Val MAE: 11.2125, Val R2: 0.7738
2025-04-24 16:05:06,938 - spatial_moe_trainer - INFO - Epoch 31/100 - Train Loss: 390.5476 (Col: 230.8883, Jump: 315.7666, Decline: 152.6484, PDE: 1875.8401, Reg: 9992.3881), Eth Losses: China: 534.7901, India: 453.2020, Philippines: 391.3732... (more ethnicities), Val Loss: 570.4862, Val MAE: 11.1984, Val R2: 0.7702
2025-04-24 16:05:29,468 - spatial_moe_trainer - INFO - Epoch 32/100 - Train Loss: 391.2305 (Col: 228.4595, Jump: 227.9045, Decline: 171.9754, PDE: 1921.7813, Reg: 8105.0202), Eth Losses: China: 572.7813, India: 415.4708, Philippines: 397.3636... (more ethnicities), Val Loss: 549.5751, Val MAE: 11.2843, Val R2: 0.7786
2025-04-24 16:05:29,468 - spatial_moe_trainer - INFO - Early stopping at epoch 32
2025-04-24 16:05:29,491 - spatial_moe_trainer - INFO - Saving metrics to ./optuna_results/trial_7/metrics
2025-04-24 16:05:29,494 - spatial_moe_trainer - INFO - Training metrics saved to ./optuna_results/trial_7/metrics/training_metrics.csv
2025-04-24 16:05:29,496 - spatial_moe_trainer - INFO - Validation metrics saved to ./optuna_results/trial_7/metrics/validation_metrics.csv
2025-04-24 16:05:29,535 - spatial_moe_trainer - INFO - Multi-Ethnic Spatial MoE model saved to ./optuna_results/trial_7/model.pt
2025-04-24 16:05:29,569 - __mp_main__ - INFO - Running trial 8 on device cuda:0
2025-04-24 16:05:29,583 - __main__ - INFO - Trial 7 completed with value: 547.780486
2025-04-24 16:05:29,686 - __mp_main__ - INFO - Using adjusted dimensions - hidden_dims: [124, 52, 24], coord_embed_dim: 12
2025-04-24 16:05:29,734 - spatial_moe_trainer - INFO - Multi-Ethnic Spatial MoE model initialized on cuda:0
2025-04-24 16:05:29,735 - spatial_moe_trainer - INFO - Model will predict 5 ethnicities: ['China', 'India', 'Philippines', 'Portugal', 'Sri Lanka']
2025-04-24 16:05:29,755 - __mp_main__ - INFO - Testing model forward pass before training...
2025-04-24 16:05:29,915 - __mp_main__ - INFO - Test forward pass successful. Output shape: torch.Size([64, 5])
2025-04-24 16:05:29,915 - spatial_moe_trainer - INFO - Starting multi-ethnic spatial MoE model training with learnable expert router...
2025-04-24 16:05:29,915 - spatial_moe_trainer - INFO - Using colonization_weight=6.41003510568888, jump_weight=9.72918866945795, decline_weight=2.636424704863906, pde_weight=3.7381801866358395
2025-04-24 16:05:52,588 - spatial_moe_trainer - INFO - Epoch 1/100 - Train Loss: 2227.5286 (Col: 2287.9691, Jump: 782.3110, Decline: 176.4441, PDE: 5490.2910, Reg: 8752.6924), Eth Losses: China: 4418.9554, India: 2580.7873, Philippines: 1662.7054... (more ethnicities), Val Loss: 1789.1076, Val MAE: 21.5477, Val R2: 0.2792
2025-04-24 16:06:15,036 - spatial_moe_trainer - INFO - Epoch 2/100 - Train Loss: 1835.2782 (Col: 1785.5934, Jump: 912.5246, Decline: 156.4190, PDE: 4996.1668, Reg: 10357.8939), Eth Losses: China: 3506.3990, India: 2383.6898, Philippines: 1433.9047... (more ethnicities), Val Loss: 1404.9818, Val MAE: 15.7803, Val R2: 0.4340
2025-04-24 16:06:37,504 - spatial_moe_trainer - INFO - Epoch 3/100 - Train Loss: 1538.6650 (Col: 1468.1603, Jump: 835.6853, Decline: 139.5676, PDE: 4371.5532, Reg: 13154.0687), Eth Losses: China: 2433.9807, India: 2240.0898, Philippines: 1319.8734... (more ethnicities), Val Loss: 1182.8955, Val MAE: 14.8020, Val R2: 0.5234
2025-04-24 16:06:59,993 - spatial_moe_trainer - INFO - Epoch 4/100 - Train Loss: 1350.2760 (Col: 1256.1662, Jump: 776.7747, Decline: 135.2731, PDE: 3958.8343, Reg: 15327.0768), Eth Losses: China: 1815.9264, India: 2147.3503, Philippines: 1185.0496... (more ethnicities), Val Loss: 1062.1476, Val MAE: 14.3699, Val R2: 0.5721
2025-04-24 16:07:22,667 - spatial_moe_trainer - INFO - Epoch 5/100 - Train Loss: 1204.5671 (Col: 1086.6375, Jump: 738.5987, Decline: 136.1555, PDE: 3730.3111, Reg: 15481.9693), Eth Losses: China: 1423.6638, India: 1990.9723, Philippines: 1079.3251... (more ethnicities), Val Loss: 1002.2471, Val MAE: 14.1794, Val R2: 0.5962
2025-04-24 16:07:45,162 - spatial_moe_trainer - INFO - Epoch 6/100 - Train Loss: 1127.8812 (Col: 1032.5731, Jump: 618.5523, Decline: 136.6602, PDE: 3516.5652, Reg: 15528.0118), Eth Losses: China: 1364.8763, India: 1786.7905, Philippines: 1047.5332... (more ethnicities), Val Loss: 928.9380, Val MAE: 13.8525, Val R2: 0.6258
2025-04-24 16:08:07,706 - spatial_moe_trainer - INFO - Epoch 7/100 - Train Loss: 994.1533 (Col: 863.1266, Jump: 541.6773, Decline: 131.6539, PDE: 3385.7840, Reg: 15553.6518), Eth Losses: China: 1098.5513, India: 1587.4342, Philippines: 909.8474... (more ethnicities), Val Loss: 860.0822, Val MAE: 13.6176, Val R2: 0.6535
2025-04-24 16:08:30,420 - spatial_moe_trainer - INFO - Epoch 8/100 - Train Loss: 862.6607 (Col: 693.5395, Jump: 518.6671, Decline: 127.5474, PDE: 3276.8459, Reg: 19747.4230), Eth Losses: China: 1359.4157, India: 889.8983, Philippines: 809.2007... (more ethnicities), Val Loss: 763.6878, Val MAE: 13.3497, Val R2: 0.6923
2025-04-24 16:08:52,909 - spatial_moe_trainer - INFO - Epoch 9/100 - Train Loss: 785.4207 (Col: 587.1036, Jump: 469.3202, Decline: 133.2866, PDE: 3195.5911, Reg: 24043.4567), Eth Losses: China: 1121.0955, India: 784.8034, Philippines: 748.0824... (more ethnicities), Val Loss: 751.0144, Val MAE: 13.6861, Val R2: 0.6974
2025-04-24 16:09:15,536 - spatial_moe_trainer - INFO - Epoch 10/100 - Train Loss: 771.6891 (Col: 585.0010, Jump: 461.8805, Decline: 126.5489, PDE: 3145.6198, Reg: 15134.8445), Eth Losses: China: 1240.9392, India: 745.1562, Philippines: 706.2426... (more ethnicities), Val Loss: 766.2745, Val MAE: 13.2952, Val R2: 0.6913
2025-04-24 16:09:38,155 - spatial_moe_trainer - INFO - Epoch 11/100 - Train Loss: 718.7473 (Col: 519.7599, Jump: 488.0172, Decline: 128.0739, PDE: 2990.8053, Reg: 17789.0351), Eth Losses: China: 1119.4310, India: 659.1311, Philippines: 706.2864... (more ethnicities), Val Loss: 701.0760, Val MAE: 12.9409, Val R2: 0.7176
2025-04-24 16:10:00,573 - spatial_moe_trainer - INFO - Epoch 12/100 - Train Loss: 674.7894 (Col: 484.2836, Jump: 487.4688, Decline: 135.2641, PDE: 2912.8602, Reg: 18261.4494), Eth Losses: China: 1084.5823, India: 641.8204, Philippines: 642.4305... (more ethnicities), Val Loss: 646.7222, Val MAE: 12.7934, Val R2: 0.7395
2025-04-24 16:10:23,174 - spatial_moe_trainer - INFO - Epoch 13/100 - Train Loss: 648.6142 (Col: 447.3023, Jump: 386.2918, Decline: 132.0038, PDE: 2854.8893, Reg: 17236.2452), Eth Losses: China: 997.4003, India: 594.3865, Philippines: 632.1843... (more ethnicities), Val Loss: 632.3600, Val MAE: 12.5658, Val R2: 0.7452
2025-04-24 16:10:45,649 - spatial_moe_trainer - INFO - Epoch 14/100 - Train Loss: 587.5139 (Col: 378.9509, Jump: 383.6662, Decline: 133.8893, PDE: 2858.4980, Reg: 16597.8250), Eth Losses: China: 858.7013, India: 539.8327, Philippines: 605.5268... (more ethnicities), Val Loss: 624.1253, Val MAE: 12.5093, Val R2: 0.7486
2025-04-24 16:11:08,257 - spatial_moe_trainer - INFO - Epoch 15/100 - Train Loss: 542.8835 (Col: 339.0690, Jump: 418.2485, Decline: 136.5695, PDE: 2705.4160, Reg: 13852.5157), Eth Losses: China: 802.6980, India: 484.2242, Philippines: 523.6239... (more ethnicities), Val Loss: 599.3955, Val MAE: 12.1712, Val R2: 0.7585
2025-04-24 16:11:30,692 - spatial_moe_trainer - INFO - Epoch 16/100 - Train Loss: 536.9007 (Col: 320.2712, Jump: 420.4186, Decline: 133.6865, PDE: 2692.8806, Reg: 13670.3166), Eth Losses: China: 813.5428, India: 533.6944, Philippines: 487.4267... (more ethnicities), Val Loss: 614.6368, Val MAE: 12.1001, Val R2: 0.7524
2025-04-24 16:11:53,070 - spatial_moe_trainer - INFO - Epoch 17/100 - Train Loss: 552.0583 (Col: 356.0304, Jump: 406.7951, Decline: 139.9106, PDE: 2589.7628, Reg: 13754.7070), Eth Losses: China: 755.9611, India: 636.6075, Philippines: 529.8968... (more ethnicities), Val Loss: 589.8165, Val MAE: 11.7565, Val R2: 0.7624
2025-04-24 16:12:15,494 - spatial_moe_trainer - INFO - Epoch 18/100 - Train Loss: 522.6734 (Col: 317.8719, Jump: 385.8973, Decline: 130.8717, PDE: 2637.2395, Reg: 15536.0464), Eth Losses: China: 811.8771, India: 537.1170, Philippines: 505.5862... (more ethnicities), Val Loss: 574.6889, Val MAE: 11.9544, Val R2: 0.7685
2025-04-24 16:12:37,897 - spatial_moe_trainer - INFO - Epoch 19/100 - Train Loss: 509.5653 (Col: 312.6493, Jump: 349.8678, Decline: 143.3789, PDE: 2443.1389, Reg: 15217.8036), Eth Losses: China: 820.5818, India: 466.2691, Philippines: 482.6365... (more ethnicities), Val Loss: 578.0337, Val MAE: 11.7831, Val R2: 0.7671
2025-04-24 16:13:00,432 - spatial_moe_trainer - INFO - Epoch 20/100 - Train Loss: 506.4536 (Col: 318.5933, Jump: 345.1239, Decline: 144.2365, PDE: 2467.2726, Reg: 15046.3404), Eth Losses: China: 807.3241, India: 505.1492, Philippines: 437.2878... (more ethnicities), Val Loss: 567.4578, Val MAE: 11.5336, Val R2: 0.7714
2025-04-24 16:13:22,881 - spatial_moe_trainer - INFO - Epoch 21/100 - Train Loss: 483.4585 (Col: 296.6556, Jump: 325.9201, Decline: 146.4534, PDE: 2293.8971, Reg: 11593.9697), Eth Losses: China: 759.2339, India: 453.8661, Philippines: 445.1136... (more ethnicities), Val Loss: 552.6129, Val MAE: 11.7714, Val R2: 0.7774
2025-04-24 16:13:45,401 - spatial_moe_trainer - INFO - Epoch 22/100 - Train Loss: 462.8761 (Col: 277.4106, Jump: 351.2733, Decline: 154.8271, PDE: 2243.0861, Reg: 13675.0168), Eth Losses: China: 662.1496, India: 478.1175, Philippines: 501.0543... (more ethnicities), Val Loss: 560.1515, Val MAE: 11.7159, Val R2: 0.7743
2025-04-24 16:14:07,995 - spatial_moe_trainer - INFO - Epoch 23/100 - Train Loss: 450.1152 (Col: 270.7307, Jump: 413.5807, Decline: 136.7281, PDE: 2234.8836, Reg: 11840.4374), Eth Losses: China: 610.1574, India: 544.0287, Philippines: 441.0731... (more ethnicities), Val Loss: 577.6519, Val MAE: 11.7929, Val R2: 0.7673
2025-04-24 16:14:30,402 - spatial_moe_trainer - INFO - Epoch 24/100 - Train Loss: 436.2827 (Col: 255.8932, Jump: 308.0516, Decline: 141.6194, PDE: 2195.4500, Reg: 12323.7387), Eth Losses: China: 663.8442, India: 402.7229, Philippines: 399.3168... (more ethnicities), Val Loss: 545.8790, Val MAE: 11.5670, Val R2: 0.7801
2025-04-24 16:14:52,901 - spatial_moe_trainer - INFO - Epoch 25/100 - Train Loss: 463.0536 (Col: 292.3199, Jump: 309.7117, Decline: 149.3667, PDE: 2150.3629, Reg: 13835.4406), Eth Losses: China: 712.9465, India: 489.8621, Philippines: 423.8640... (more ethnicities), Val Loss: 557.8224, Val MAE: 11.6399, Val R2: 0.7753
2025-04-24 16:15:15,327 - spatial_moe_trainer - INFO - Epoch 26/100 - Train Loss: 439.3993 (Col: 274.7033, Jump: 321.6548, Decline: 150.2761, PDE: 2081.8142, Reg: 12853.1155), Eth Losses: China: 679.8363, India: 434.5403, Philippines: 405.1970... (more ethnicities), Val Loss: 533.6061, Val MAE: 11.6795, Val R2: 0.7850
2025-04-24 16:15:37,819 - spatial_moe_trainer - INFO - Epoch 27/100 - Train Loss: 438.1300 (Col: 271.7217, Jump: 299.1065, Decline: 138.5209, PDE: 2114.6779, Reg: 13851.3930), Eth Losses: China: 602.6498, India: 475.3354, Philippines: 510.7419... (more ethnicities), Val Loss: 507.2627, Val MAE: 11.0831, Val R2: 0.7956
2025-04-24 16:16:00,349 - spatial_moe_trainer - INFO - Epoch 28/100 - Train Loss: 428.5195 (Col: 269.1081, Jump: 292.5408, Decline: 141.4570, PDE: 2037.6540, Reg: 11511.7399), Eth Losses: China: 548.9195, India: 528.2467, Philippines: 414.7529... (more ethnicities), Val Loss: 526.5477, Val MAE: 11.4807, Val R2: 0.7879
2025-04-24 16:16:22,705 - spatial_moe_trainer - INFO - Epoch 29/100 - Train Loss: 427.8126 (Col: 267.3884, Jump: 301.6960, Decline: 143.9904, PDE: 2019.0828, Reg: 10652.1145), Eth Losses: China: 611.5346, India: 498.5232, Philippines: 391.2299... (more ethnicities), Val Loss: 557.8490, Val MAE: 11.4634, Val R2: 0.7753
2025-04-24 16:16:45,246 - spatial_moe_trainer - INFO - Epoch 30/100 - Train Loss: 392.7382 (Col: 223.4757, Jump: 266.4775, Decline: 148.1976, PDE: 1966.3388, Reg: 10715.5065), Eth Losses: China: 541.0955, India: 442.7001, Philippines: 404.8869... (more ethnicities), Val Loss: 513.9511, Val MAE: 11.2141, Val R2: 0.7929
2025-04-24 16:17:07,958 - spatial_moe_trainer - INFO - Epoch 31/100 - Train Loss: 441.5466 (Col: 299.5323, Jump: 308.4957, Decline: 159.6300, PDE: 1912.3156, Reg: 8947.4439), Eth Losses: China: 645.2561, India: 544.1741, Philippines: 372.0199... (more ethnicities), Val Loss: 562.8824, Val MAE: 11.2560, Val R2: 0.7732
2025-04-24 16:17:30,430 - spatial_moe_trainer - INFO - Epoch 32/100 - Train Loss: 407.2326 (Col: 246.1464, Jump: 267.6388, Decline: 160.8827, PDE: 1920.1656, Reg: 10754.2061), Eth Losses: China: 605.0844, India: 398.9113, Philippines: 400.6743... (more ethnicities), Val Loss: 552.9927, Val MAE: 11.2020, Val R2: 0.7772
2025-04-24 16:17:52,976 - spatial_moe_trainer - INFO - Epoch 33/100 - Train Loss: 408.2165 (Col: 254.2750, Jump: 211.7597, Decline: 162.1337, PDE: 1911.8954, Reg: 9173.9618), Eth Losses: China: 533.8352, India: 416.6120, Philippines: 517.9729... (more ethnicities), Val Loss: 520.3573, Val MAE: 11.1081, Val R2: 0.7904
2025-04-24 16:18:15,488 - spatial_moe_trainer - INFO - Epoch 34/100 - Train Loss: 399.1989 (Col: 251.9275, Jump: 272.6789, Decline: 156.8747, PDE: 1838.0325, Reg: 10268.6424), Eth Losses: China: 558.1981, India: 434.8148, Philippines: 438.7216... (more ethnicities), Val Loss: 512.2255, Val MAE: 11.0841, Val R2: 0.7936
2025-04-24 16:18:37,853 - spatial_moe_trainer - INFO - Epoch 35/100 - Train Loss: 382.2919 (Col: 223.8918, Jump: 302.7668, Decline: 150.1485, PDE: 1829.7109, Reg: 11235.0912), Eth Losses: China: 555.1158, India: 376.6107, Philippines: 412.3008... (more ethnicities), Val Loss: 531.9924, Val MAE: 11.0278, Val R2: 0.7857
2025-04-24 16:19:00,245 - spatial_moe_trainer - INFO - Epoch 36/100 - Train Loss: 362.6078 (Col: 198.1660, Jump: 304.6126, Decline: 164.1488, PDE: 1868.5769, Reg: 9621.7686), Eth Losses: China: 521.5916, India: 378.4045, Philippines: 368.4705... (more ethnicities), Val Loss: 525.1337, Val MAE: 11.0033, Val R2: 0.7884
2025-04-24 16:19:22,906 - spatial_moe_trainer - INFO - Epoch 37/100 - Train Loss: 357.4118 (Col: 201.4290, Jump: 317.4527, Decline: 155.1576, PDE: 1801.7849, Reg: 10085.4646), Eth Losses: China: 495.4240, India: 402.5878, Philippines: 352.9356... (more ethnicities), Val Loss: 549.3036, Val MAE: 11.0758, Val R2: 0.7787
2025-04-24 16:19:22,906 - spatial_moe_trainer - INFO - Early stopping at epoch 37
2025-04-24 16:19:22,928 - spatial_moe_trainer - INFO - Saving metrics to ./optuna_results/trial_8/metrics
2025-04-24 16:19:22,930 - spatial_moe_trainer - INFO - Training metrics saved to ./optuna_results/trial_8/metrics/training_metrics.csv
2025-04-24 16:19:22,933 - spatial_moe_trainer - INFO - Validation metrics saved to ./optuna_results/trial_8/metrics/validation_metrics.csv
2025-04-24 16:19:22,971 - spatial_moe_trainer - INFO - Multi-Ethnic Spatial MoE model saved to ./optuna_results/trial_8/model.pt
2025-04-24 16:19:23,003 - __mp_main__ - INFO - Running trial 9 on device cuda:0
2025-04-24 16:19:23,016 - __main__ - INFO - Trial 8 completed with value: 507.262727
2025-04-24 16:19:23,120 - __mp_main__ - INFO - Using adjusted dimensions - hidden_dims: [124, 52, 24], coord_embed_dim: 12
2025-04-24 16:19:23,168 - spatial_moe_trainer - INFO - Multi-Ethnic Spatial MoE model initialized on cuda:0
2025-04-24 16:19:23,168 - spatial_moe_trainer - INFO - Model will predict 5 ethnicities: ['China', 'India', 'Philippines', 'Portugal', 'Sri Lanka']
2025-04-24 16:19:23,189 - __mp_main__ - INFO - Testing model forward pass before training...
2025-04-24 16:19:23,347 - __mp_main__ - INFO - Test forward pass successful. Output shape: torch.Size([64, 5])
2025-04-24 16:19:23,348 - spatial_moe_trainer - INFO - Starting multi-ethnic spatial MoE model training with learnable expert router...
2025-04-24 16:19:23,348 - spatial_moe_trainer - INFO - Using colonization_weight=6.41003510568888, jump_weight=9.72918866945795, decline_weight=2.636424704863906, pde_weight=3.7381801866358395
2025-04-24 16:19:45,833 - spatial_moe_trainer - INFO - Epoch 1/100 - Train Loss: 2306.7162 (Col: 2405.0775, Jump: 917.2355, Decline: 181.9012, PDE: 5186.5568, Reg: 11682.6058), Eth Losses: China: 4840.2436, India: 2642.4257, Philippines: 1539.0236... (more ethnicities), Val Loss: 1814.5449, Val MAE: 21.3102, Val R2: 0.2690
2025-04-24 16:20:08,393 - spatial_moe_trainer - INFO - Epoch 2/100 - Train Loss: 1918.0349 (Col: 1965.0984, Jump: 871.5663, Decline: 156.2627, PDE: 4567.5842, Reg: 12223.4775), Eth Losses: China: 4302.4132, India: 2384.1779, Philippines: 1159.3037... (more ethnicities), Val Loss: 1462.3628, Val MAE: 16.2987, Val R2: 0.4108
2025-04-24 16:20:30,816 - spatial_moe_trainer - INFO - Epoch 3/100 - Train Loss: 1721.7837 (Col: 1731.8756, Jump: 671.4604, Decline: 148.5864, PDE: 4246.9966, Reg: 11624.5124), Eth Losses: China: 3915.9597, India: 2218.4105, Philippines: 1030.7708... (more ethnicities), Val Loss: 1355.7675, Val MAE: 15.0401, Val R2: 0.4538
2025-04-24 16:20:53,287 - spatial_moe_trainer - INFO - Epoch 4/100 - Train Loss: 1546.7364 (Col: 1503.4205, Jump: 760.4035, Decline: 143.1057, PDE: 3930.8686, Reg: 11326.5536), Eth Losses: China: 3413.9873, India: 2043.7895, Philippines: 928.6711... (more ethnicities), Val Loss: 1215.5311, Val MAE: 14.5043, Val R2: 0.5103
2025-04-24 16:21:15,778 - spatial_moe_trainer - INFO - Epoch 5/100 - Train Loss: 1374.4237 (Col: 1309.7176, Jump: 685.0649, Decline: 148.4335, PDE: 3782.9631, Reg: 15752.5374), Eth Losses: China: 3025.7012, India: 1883.0523, Philippines: 751.1420... (more ethnicities), Val Loss: 1013.0818, Val MAE: 13.6506, Val R2: 0.5919
2025-04-24 16:21:38,275 - spatial_moe_trainer - INFO - Epoch 6/100 - Train Loss: 1115.3217 (Col: 966.7458, Jump: 643.1827, Decline: 139.7070, PDE: 3818.3783, Reg: 13064.7307), Eth Losses: China: 2185.2296, India: 1532.4615, Philippines: 676.3873... (more ethnicities), Val Loss: 826.7746, Val MAE: 13.9022, Val R2: 0.6669
2025-04-24 16:22:00,575 - spatial_moe_trainer - INFO - Epoch 7/100 - Train Loss: 857.6961 (Col: 639.0580, Jump: 628.6581, Decline: 143.5338, PDE: 3574.6171, Reg: 13933.9195), Eth Losses: China: 1551.2627, India: 950.3928, Philippines: 670.2470... (more ethnicities), Val Loss: 778.1478, Val MAE: 12.8313, Val R2: 0.6865
2025-04-24 16:22:23,280 - spatial_moe_trainer - INFO - Epoch 8/100 - Train Loss: 754.7090 (Col: 509.1815, Jump: 494.1962, Decline: 144.0205, PDE: 3565.1907, Reg: 12376.3293), Eth Losses: China: 1307.4971, India: 690.1710, Philippines: 631.1625... (more ethnicities), Val Loss: 734.6377, Val MAE: 12.9690, Val R2: 0.7040
2025-04-24 16:22:45,768 - spatial_moe_trainer - INFO - Epoch 9/100 - Train Loss: 781.2518 (Col: 564.0415, Jump: 487.8321, Decline: 141.7856, PDE: 3288.0703, Reg: 15511.8751), Eth Losses: China: 1027.8036, India: 1107.1172, Philippines: 664.0401... (more ethnicities), Val Loss: 767.6709, Val MAE: 12.9230, Val R2: 0.6907
2025-04-24 16:23:08,421 - spatial_moe_trainer - INFO - Epoch 10/100 - Train Loss: 702.7071 (Col: 475.2515, Jump: 625.5226, Decline: 138.1109, PDE: 3232.1234, Reg: 17325.7679), Eth Losses: China: 1057.5814, India: 758.7205, Philippines: 604.7300... (more ethnicities), Val Loss: 722.6987, Val MAE: 12.6294, Val R2: 0.7088
2025-04-24 16:23:30,879 - spatial_moe_trainer - INFO - Epoch 11/100 - Train Loss: 686.8728 (Col: 465.2984, Jump: 591.4244, Decline: 136.6323, PDE: 3107.5052, Reg: 17042.8153), Eth Losses: China: 1052.1104, India: 647.1393, Philippines: 547.8569... (more ethnicities), Val Loss: 754.1145, Val MAE: 12.8807, Val R2: 0.6962
2025-04-24 16:23:53,458 - spatial_moe_trainer - INFO - Epoch 12/100 - Train Loss: 621.7409 (Col: 397.0412, Jump: 361.5932, Decline: 141.9853, PDE: 3013.1229, Reg: 13704.0376), Eth Losses: China: 896.5962, India: 577.2282, Philippines: 556.7515... (more ethnicities), Val Loss: 708.0025, Val MAE: 12.3015, Val R2: 0.7148
2025-04-24 16:24:16,043 - spatial_moe_trainer - INFO - Trial pruned at epoch 13
2025-04-24 16:24:16,057 - spatial_moe_trainer - INFO - Saving metrics to ./optuna_results/trial_9/metrics
2025-04-24 16:24:16,060 - spatial_moe_trainer - INFO - Training metrics saved to ./optuna_results/trial_9/metrics/training_metrics.csv
2025-04-24 16:24:16,062 - spatial_moe_trainer - INFO - Validation metrics saved to ./optuna_results/trial_9/metrics/validation_metrics.csv
2025-04-24 16:24:16,101 - spatial_moe_trainer - INFO - Multi-Ethnic Spatial MoE model saved to ./optuna_results/trial_9/model.pt
2025-04-24 16:24:16,134 - __mp_main__ - INFO - Running trial 10 on device cuda:0
2025-04-24 16:24:16,147 - __main__ - INFO - Trial 9 completed with value: 708.002453
2025-04-24 16:24:16,323 - __mp_main__ - INFO - Using adjusted dimensions - hidden_dims: [56, 42, 21], coord_embed_dim: 49
2025-04-24 16:24:16,370 - spatial_moe_trainer - INFO - Multi-Ethnic Spatial MoE model initialized on cuda:0
2025-04-24 16:24:16,370 - spatial_moe_trainer - INFO - Model will predict 5 ethnicities: ['China', 'India', 'Philippines', 'Portugal', 'Sri Lanka']
2025-04-24 16:24:16,391 - __mp_main__ - INFO - Testing model forward pass before training...
2025-04-24 16:24:16,565 - __mp_main__ - INFO - Test forward pass successful. Output shape: torch.Size([64, 5])
2025-04-24 16:24:16,566 - spatial_moe_trainer - INFO - Starting multi-ethnic spatial MoE model training with learnable expert router...
2025-04-24 16:24:16,566 - spatial_moe_trainer - INFO - Using colonization_weight=9.522656887511342, jump_weight=2.2703898624335253, decline_weight=8.212185656078328, pde_weight=7.943328122319691
2025-04-24 16:24:39,108 - spatial_moe_trainer - INFO - Epoch 1/100 - Train Loss: 1681.2557 (Col: 1868.2135, Jump: 378.1206, Decline: 70.0788, PDE: 1977.5692, Reg: 7864.9300), Eth Losses: China: 3297.3058, India: 2233.5454, Philippines: 1111.4124... (more ethnicities), Val Loss: 1019.9752, Val MAE: 13.7328, Val R2: 0.5891
2025-04-24 16:25:01,509 - spatial_moe_trainer - INFO - Epoch 2/100 - Train Loss: 1159.1266 (Col: 1206.9192, Jump: 441.5935, Decline: 77.5389, PDE: 1784.0439, Reg: 7371.3826), Eth Losses: China: 1949.4788, India: 1420.0464, Philippines: 841.2288... (more ethnicities), Val Loss: 937.1519, Val MAE: 12.9177, Val R2: 0.6224
2025-04-24 16:25:24,227 - spatial_moe_trainer - INFO - Epoch 3/100 - Train Loss: 1220.9838 (Col: 1298.4325, Jump: 308.5644, Decline: 88.4981, PDE: 1660.0818, Reg: 9244.2083), Eth Losses: China: 2886.6992, India: 1147.0986, Philippines: 780.5548... (more ethnicities), Val Loss: 1170.2233, Val MAE: 13.3819, Val R2: 0.5285
2025-04-24 16:25:46,931 - spatial_moe_trainer - INFO - Epoch 4/100 - Train Loss: 982.5265 (Col: 1004.8828, Jump: 316.3266, Decline: 84.3323, PDE: 1611.5912, Reg: 6884.2526), Eth Losses: China: 1867.8030, India: 1143.5360, Philippines: 707.2507... (more ethnicities), Val Loss: 868.9849, Val MAE: 12.5367, Val R2: 0.6499
2025-04-24 16:26:09,527 - spatial_moe_trainer - INFO - Epoch 5/100 - Train Loss: 916.2381 (Col: 937.7911, Jump: 304.7469, Decline: 75.7367, PDE: 1433.1661, Reg: 6676.0691), Eth Losses: China: 1764.7943, India: 1079.9948, Philippines: 688.1793... (more ethnicities), Val Loss: 653.3356, Val MAE: 11.6855, Val R2: 0.7368
2025-04-24 16:26:31,907 - spatial_moe_trainer - INFO - Epoch 6/100 - Train Loss: 935.4010 (Col: 949.6385, Jump: 283.1874, Decline: 72.8610, PDE: 1537.8458, Reg: 6750.3400), Eth Losses: China: 1886.0040, India: 1047.6929, Philippines: 770.2229... (more ethnicities), Val Loss: 802.9191, Val MAE: 12.4332, Val R2: 0.6765
2025-04-24 16:26:54,366 - spatial_moe_trainer - INFO - Epoch 7/100 - Train Loss: 889.4439 (Col: 868.0656, Jump: 247.8921, Decline: 80.6005, PDE: 1653.5000, Reg: 8734.6944), Eth Losses: China: 1494.8336, India: 1220.8227, Philippines: 673.2558... (more ethnicities), Val Loss: 812.3438, Val MAE: 12.5577, Val R2: 0.6727
2025-04-24 16:27:16,962 - spatial_moe_trainer - INFO - Epoch 8/100 - Train Loss: 969.6634 (Col: 940.4370, Jump: 220.9795, Decline: 105.9756, PDE: 1586.1717, Reg: 12709.0057), Eth Losses: China: 1839.9849, India: 1350.8652, Philippines: 702.5616... (more ethnicities), Val Loss: 800.4935, Val MAE: 12.4543, Val R2: 0.6775
2025-04-24 16:27:39,704 - spatial_moe_trainer - INFO - Epoch 9/100 - Train Loss: 825.3408 (Col: 794.6079, Jump: 273.4925, Decline: 76.7011, PDE: 1491.4702, Reg: 6146.6819), Eth Losses: China: 1589.7948, India: 939.6695, Philippines: 678.8254... (more ethnicities), Val Loss: 688.1735, Val MAE: 12.1063, Val R2: 0.7228
2025-04-24 16:28:02,234 - spatial_moe_trainer - INFO - Epoch 10/100 - Train Loss: 756.1400 (Col: 727.1238, Jump: 233.7812, Decline: 85.0881, PDE: 1294.7808, Reg: 7160.0199), Eth Losses: China: 1580.4711, India: 660.7609, Philippines: 568.6867... (more ethnicities), Val Loss: 787.4846, Val MAE: 12.0181, Val R2: 0.6827
2025-04-24 16:28:24,778 - spatial_moe_trainer - INFO - Epoch 11/100 - Train Loss: 815.8081 (Col: 827.7633, Jump: 207.4091, Decline: 84.2312, PDE: 1272.9453, Reg: 5663.4840), Eth Losses: China: 1507.5764, India: 1116.0898, Philippines: 612.9345... (more ethnicities), Val Loss: 726.4332, Val MAE: 11.6864, Val R2: 0.7073
2025-04-24 16:28:47,358 - spatial_moe_trainer - INFO - Epoch 12/100 - Train Loss: 633.7365 (Col: 601.6344, Jump: 258.7456, Decline: 79.4163, PDE: 1212.6732, Reg: 5202.9974), Eth Losses: China: 1095.8548, India: 909.4808, Philippines: 458.5552... (more ethnicities), Val Loss: 683.6979, Val MAE: 11.8109, Val R2: 0.7246
2025-04-24 16:29:09,945 - spatial_moe_trainer - INFO - Epoch 13/100 - Train Loss: 559.9813 (Col: 494.4884, Jump: 204.7982, Decline: 80.7027, PDE: 1220.0626, Reg: 6186.1071), Eth Losses: China: 811.6901, India: 710.3399, Philippines: 466.7179... (more ethnicities), Val Loss: 604.9042, Val MAE: 11.2982, Val R2: 0.7563
2025-04-24 16:29:32,401 - spatial_moe_trainer - INFO - Epoch 14/100 - Train Loss: 489.9388 (Col: 380.0328, Jump: 204.0452, Decline: 86.0385, PDE: 1194.1398, Reg: 8522.8878), Eth Losses: China: 761.4793, India: 554.7586, Philippines: 550.8795... (more ethnicities), Val Loss: 626.9800, Val MAE: 11.3384, Val R2: 0.7474
2025-04-24 16:29:54,874 - spatial_moe_trainer - INFO - Epoch 15/100 - Train Loss: 507.3174 (Col: 424.4687, Jump: 207.1749, Decline: 75.8600, PDE: 1184.7804, Reg: 6702.4797), Eth Losses: China: 760.3287, India: 638.2016, Philippines: 459.0438... (more ethnicities), Val Loss: 612.9242, Val MAE: 11.2145, Val R2: 0.7531
2025-04-24 16:30:17,410 - spatial_moe_trainer - INFO - Epoch 16/100 - Train Loss: 495.0452 (Col: 413.0529, Jump: 248.2482, Decline: 71.6210, PDE: 1149.6567, Reg: 5533.2710), Eth Losses: China: 852.3443, India: 516.6788, Philippines: 448.5735... (more ethnicities), Val Loss: 591.8074, Val MAE: 11.0513, Val R2: 0.7616
2025-04-24 16:30:39,926 - spatial_moe_trainer - INFO - Epoch 17/100 - Train Loss: 467.8919 (Col: 363.0299, Jump: 201.0781, Decline: 89.4296, PDE: 1207.4645, Reg: 6494.3385), Eth Losses: China: 813.6723, India: 467.0879, Philippines: 434.1267... (more ethnicities), Val Loss: 608.9112, Val MAE: 11.5551, Val R2: 0.7547
2025-04-24 16:31:02,530 - spatial_moe_trainer - INFO - Epoch 18/100 - Train Loss: 475.1646 (Col: 354.2837, Jump: 199.1237, Decline: 157.2777, PDE: 1321.9422, Reg: 5198.0881), Eth Losses: China: 598.3683, India: 507.1651, Philippines: 596.2751... (more ethnicities), Val Loss: 601.0984, Val MAE: 11.5127, Val R2: 0.7578
2025-04-24 16:31:25,058 - spatial_moe_trainer - INFO - Epoch 19/100 - Train Loss: 483.4291 (Col: 317.0427, Jump: 209.4952, Decline: 227.2021, PDE: 1429.4213, Reg: 6131.1138), Eth Losses: China: 863.9197, India: 283.4501, Philippines: 590.7971... (more ethnicities), Val Loss: 614.6319, Val MAE: 11.7206, Val R2: 0.7524
2025-04-24 16:31:47,484 - spatial_moe_trainer - INFO - Epoch 20/100 - Train Loss: 542.3335 (Col: 392.2780, Jump: 202.6707, Decline: 259.6821, PDE: 1400.8568, Reg: 7251.6841), Eth Losses: China: 764.4739, India: 655.7423, Philippines: 598.3560... (more ethnicities), Val Loss: 660.8535, Val MAE: 11.7785, Val R2: 0.7338
2025-04-24 16:32:10,012 - spatial_moe_trainer - INFO - Epoch 21/100 - Train Loss: 529.6306 (Col: 354.4312, Jump: 193.6486, Decline: 277.4435, PDE: 1525.9839, Reg: 6591.0711), Eth Losses: China: 832.5314, India: 506.2456, Philippines: 683.9530... (more ethnicities), Val Loss: 680.3356, Val MAE: 11.9961, Val R2: 0.7259
2025-04-24 16:32:32,385 - spatial_moe_trainer - INFO - Epoch 22/100 - Train Loss: 479.7392 (Col: 304.6478, Jump: 241.6120, Decline: 302.7693, PDE: 1441.8904, Reg: 5340.1422), Eth Losses: China: 532.1727, India: 524.4960, Philippines: 737.1623... (more ethnicities), Val Loss: 669.1093, Val MAE: 11.9697, Val R2: 0.7304
2025-04-24 16:32:55,005 - spatial_moe_trainer - INFO - Trial pruned at epoch 23
2025-04-24 16:32:55,013 - spatial_moe_trainer - INFO - Saving metrics to ./optuna_results/trial_10/metrics
2025-04-24 16:32:55,016 - spatial_moe_trainer - INFO - Training metrics saved to ./optuna_results/trial_10/metrics/training_metrics.csv
2025-04-24 16:32:55,018 - spatial_moe_trainer - INFO - Validation metrics saved to ./optuna_results/trial_10/metrics/validation_metrics.csv
2025-04-24 16:32:55,055 - spatial_moe_trainer - INFO - Multi-Ethnic Spatial MoE model saved to ./optuna_results/trial_10/model.pt
2025-04-24 16:32:55,088 - __mp_main__ - INFO - Running trial 11 on device cuda:0
2025-04-24 16:32:55,103 - __main__ - INFO - Trial 10 completed with value: 591.807367
2025-04-24 16:32:55,282 - __mp_main__ - INFO - Using adjusted dimensions - hidden_dims: [44, 32, 16], coord_embed_dim: 10
2025-04-24 16:32:55,328 - spatial_moe_trainer - INFO - Multi-Ethnic Spatial MoE model initialized on cuda:0
2025-04-24 16:32:55,329 - spatial_moe_trainer - INFO - Model will predict 5 ethnicities: ['China', 'India', 'Philippines', 'Portugal', 'Sri Lanka']
2025-04-24 16:32:55,349 - __mp_main__ - INFO - Testing model forward pass before training...
2025-04-24 16:32:55,537 - __mp_main__ - INFO - Test forward pass successful. Output shape: torch.Size([64, 5])
2025-04-24 16:32:55,538 - spatial_moe_trainer - INFO - Starting multi-ethnic spatial MoE model training with learnable expert router...
2025-04-24 16:32:55,538 - spatial_moe_trainer - INFO - Using colonization_weight=2.9492362457018393, jump_weight=7.259174438107952, decline_weight=5.2544260599215376, pde_weight=1.1807419121509417
2025-04-24 16:33:18,013 - spatial_moe_trainer - INFO - Epoch 1/100 - Train Loss: 2608.9684 (Col: 2695.1365, Jump: 1295.3146, Decline: 134.6660, PDE: 5395.4337, Reg: 10888.0818), Eth Losses: China: 5063.7969, India: 2858.7475, Philippines: 1751.7479... (more ethnicities), Val Loss: 2407.3840, Val MAE: 30.5370, Val R2: 0.0301
2025-04-24 16:33:40,411 - spatial_moe_trainer - INFO - Epoch 2/100 - Train Loss: 2562.4471 (Col: 2641.9990, Jump: 1216.5557, Decline: 134.8485, PDE: 5319.4883, Reg: 13616.4423), Eth Losses: China: 5039.5101, India: 2819.9761, Philippines: 1721.1973... (more ethnicities), Val Loss: 2369.3247, Val MAE: 29.9255, Val R2: 0.0455
2025-04-24 16:34:02,859 - spatial_moe_trainer - INFO - Epoch 3/100 - Train Loss: 2526.8220 (Col: 2579.8642, Jump: 1190.7005, Decline: 130.5706, PDE: 5313.8532, Reg: 14064.2084), Eth Losses: China: 4993.3904, India: 2790.0443, Philippines: 1723.3417... (more ethnicities), Val Loss: 2331.3751, Val MAE: 29.3254, Val R2: 0.0607
2025-04-24 16:34:25,260 - spatial_moe_trainer - INFO - Epoch 4/100 - Train Loss: 2482.8570 (Col: 2533.8298, Jump: 1088.9193, Decline: 130.7876, PDE: 5326.7657, Reg: 11404.8291), Eth Losses: China: 4947.1386, India: 2773.5250, Philippines: 1682.4685... (more ethnicities), Val Loss: 2292.5585, Val MAE: 28.7249, Val R2: 0.0764
2025-04-24 16:34:47,731 - spatial_moe_trainer - INFO - Epoch 5/100 - Train Loss: 2447.3066 (Col: 2510.9093, Jump: 1252.1553, Decline: 128.0620, PDE: 5239.9930, Reg: 12380.4684), Eth Losses: China: 4889.4710, India: 2763.8252, Philippines: 1669.3199... (more ethnicities), Val Loss: 2261.9146, Val MAE: 28.1791, Val R2: 0.0887
2025-04-24 16:35:10,363 - spatial_moe_trainer - INFO - Epoch 6/100 - Train Loss: 2398.9292 (Col: 2436.1430, Jump: 1327.7258, Decline: 126.2592, PDE: 5328.2320, Reg: 14036.6771), Eth Losses: China: 4787.7558, India: 2742.5929, Philippines: 1636.9420... (more ethnicities), Val Loss: 2230.5724, Val MAE: 27.6442, Val R2: 0.1014
2025-04-24 16:35:33,225 - spatial_moe_trainer - INFO - Epoch 7/100 - Train Loss: 2389.1924 (Col: 2415.7983, Jump: 1287.4731, Decline: 129.3205, PDE: 5361.6446, Reg: 15820.9810), Eth Losses: China: 4822.1617, India: 2735.7927, Philippines: 1629.6143... (more ethnicities), Val Loss: 2197.6532, Val MAE: 27.0983, Val R2: 0.1146
2025-04-24 16:35:55,850 - spatial_moe_trainer - INFO - Epoch 8/100 - Train Loss: 2348.8891 (Col: 2338.5785, Jump: 1523.9037, Decline: 125.2982, PDE: 5360.7113, Reg: 12049.5199), Eth Losses: China: 4747.1809, India: 2714.4573, Philippines: 1615.6035... (more ethnicities), Val Loss: 2171.0717, Val MAE: 26.5597, Val R2: 0.1253
2025-04-24 16:36:18,264 - spatial_moe_trainer - INFO - Epoch 9/100 - Train Loss: 2313.3195 (Col: 2329.6485, Jump: 1065.9163, Decline: 123.4059, PDE: 5279.4157, Reg: 12401.0951), Eth Losses: China: 4680.3773, India: 2702.2159, Philippines: 1591.4040... (more ethnicities), Val Loss: 2145.3208, Val MAE: 26.0431, Val R2: 0.1357
2025-04-24 16:36:40,779 - spatial_moe_trainer - INFO - Epoch 10/100 - Train Loss: 2286.4715 (Col: 2278.1228, Jump: 1344.9197, Decline: 124.6799, PDE: 5361.2163, Reg: 14594.0718), Eth Losses: China: 4623.8663, India: 2691.9038, Philippines: 1582.7385... (more ethnicities), Val Loss: 2111.9859, Val MAE: 25.5149, Val R2: 0.1491
2025-04-24 16:37:03,207 - spatial_moe_trainer - INFO - Trial pruned at epoch 11
2025-04-24 16:37:03,221 - spatial_moe_trainer - INFO - Saving metrics to ./optuna_results/trial_11/metrics
2025-04-24 16:37:03,224 - spatial_moe_trainer - INFO - Training metrics saved to ./optuna_results/trial_11/metrics/training_metrics.csv
2025-04-24 16:37:03,225 - spatial_moe_trainer - INFO - Validation metrics saved to ./optuna_results/trial_11/metrics/validation_metrics.csv
2025-04-24 16:37:03,263 - spatial_moe_trainer - INFO - Multi-Ethnic Spatial MoE model saved to ./optuna_results/trial_11/model.pt
2025-04-24 16:37:03,297 - __mp_main__ - INFO - Running trial 12 on device cuda:0
2025-04-24 16:37:03,311 - __main__ - INFO - Trial 11 completed with value: 2089.941848
2025-04-24 16:37:03,492 - __mp_main__ - INFO - Using adjusted dimensions - hidden_dims: [150, 54, 24], coord_embed_dim: 30
2025-04-24 16:37:03,542 - spatial_moe_trainer - INFO - Multi-Ethnic Spatial MoE model initialized on cuda:0
2025-04-24 16:37:03,543 - spatial_moe_trainer - INFO - Model will predict 5 ethnicities: ['China', 'India', 'Philippines', 'Portugal', 'Sri Lanka']
2025-04-24 16:37:03,563 - __mp_main__ - INFO - Testing model forward pass before training...
2025-04-24 16:37:03,724 - __mp_main__ - INFO - Test forward pass successful. Output shape: torch.Size([64, 5])
2025-04-24 16:37:03,724 - spatial_moe_trainer - INFO - Starting multi-ethnic spatial MoE model training with learnable expert router...
2025-04-24 16:37:03,724 - spatial_moe_trainer - INFO - Using colonization_weight=4.013156586009125, jump_weight=7.259174438107952, decline_weight=5.083062055825858, pde_weight=6.15961879886106
2025-04-24 16:37:26,016 - spatial_moe_trainer - INFO - Epoch 1/100 - Train Loss: 1628.8261 (Col: 1731.1104, Jump: 527.1223, Decline: 104.1889, PDE: 3052.6899, Reg: 12235.0124), Eth Losses: China: 3024.7540, India: 2069.5459, Philippines: 1264.4959... (more ethnicities), Val Loss: 1030.2601, Val MAE: 14.4492, Val R2: 0.5849
2025-04-24 16:37:48,784 - spatial_moe_trainer - INFO - Epoch 2/100 - Train Loss: 1029.5813 (Col: 983.0072, Jump: 377.3496, Decline: 91.7616, PDE: 2427.8137, Reg: 14452.7040), Eth Losses: China: 1529.7416, India: 1251.4842, Philippines: 1010.8481... (more ethnicities), Val Loss: 894.7165, Val MAE: 13.2164, Val R2: 0.6395
2025-04-24 16:38:11,093 - spatial_moe_trainer - INFO - Epoch 3/100 - Train Loss: 1042.4863 (Col: 1070.5422, Jump: 383.3648, Decline: 107.4332, PDE: 2053.3724, Reg: 8615.0038), Eth Losses: China: 1725.6653, India: 1426.5721, Philippines: 830.3493... (more ethnicities), Val Loss: 775.2552, Val MAE: 12.6078, Val R2: 0.6877
2025-04-24 16:38:33,580 - spatial_moe_trainer - INFO - Epoch 4/100 - Train Loss: 904.1812 (Col: 931.7169, Jump: 252.7616, Decline: 120.7227, PDE: 1781.9207, Reg: 5695.2082), Eth Losses: China: 1192.6284, India: 1528.9750, Philippines: 757.0939... (more ethnicities), Val Loss: 691.1980, Val MAE: 12.0461, Val R2: 0.7215
2025-04-24 16:38:56,162 - spatial_moe_trainer - INFO - Epoch 5/100 - Train Loss: 700.2048 (Col: 665.4756, Jump: 188.6383, Decline: 149.8657, PDE: 1563.9921, Reg: 9687.6473), Eth Losses: China: 1121.8037, India: 790.5576, Philippines: 677.4317... (more ethnicities), Val Loss: 915.9488, Val MAE: 11.9520, Val R2: 0.6310
2025-04-24 16:39:18,614 - spatial_moe_trainer - INFO - Epoch 6/100 - Train Loss: 719.3886 (Col: 707.1505, Jump: 211.1313, Decline: 181.9007, PDE: 1420.3720, Reg: 7671.4225), Eth Losses: China: 969.7320, India: 1014.2601, Philippines: 715.5823... (more ethnicities), Val Loss: 764.4605, Val MAE: 11.6376, Val R2: 0.6920
2025-04-24 16:39:41,074 - spatial_moe_trainer - INFO - Epoch 7/100 - Train Loss: 661.6526 (Col: 650.5330, Jump: 176.4844, Decline: 184.2931, PDE: 1470.9281, Reg: 5794.7828), Eth Losses: China: 922.8350, India: 1011.3569, Philippines: 598.3279... (more ethnicities), Val Loss: 888.4402, Val MAE: 12.2969, Val R2: 0.6421
2025-04-24 16:40:03,742 - spatial_moe_trainer - INFO - Epoch 8/100 - Train Loss: 621.3503 (Col: 579.8955, Jump: 157.6266, Decline: 179.7229, PDE: 1454.9360, Reg: 6003.8503), Eth Losses: China: 976.4759, India: 635.6841, Philippines: 687.7246... (more ethnicities), Val Loss: 853.2809, Val MAE: 11.6562, Val R2: 0.6562
2025-04-24 16:40:26,289 - spatial_moe_trainer - INFO - Epoch 9/100 - Train Loss: 593.5203 (Col: 544.8759, Jump: 198.8495, Decline: 214.5739, PDE: 1389.0322, Reg: 6318.2311), Eth Losses: China: 798.7056, India: 778.2226, Philippines: 630.3409... (more ethnicities), Val Loss: 945.5658, Val MAE: 12.4289, Val R2: 0.6191
2025-04-24 16:40:48,693 - spatial_moe_trainer - INFO - Epoch 10/100 - Train Loss: 648.5822 (Col: 498.2158, Jump: 108.1686, Decline: 462.9219, PDE: 1805.7071, Reg: 8133.4745), Eth Losses: China: 870.9870, India: 578.6717, Philippines: 1047.0150... (more ethnicities), Val Loss: 1030.4971, Val MAE: 13.1553, Val R2: 0.5848
2025-04-24 16:41:11,177 - spatial_moe_trainer - INFO - Epoch 11/100 - Train Loss: 584.1304 (Col: 387.8615, Jump: 167.8536, Decline: 472.1876, PDE: 1966.5145, Reg: 8003.1800), Eth Losses: China: 534.3884, India: 684.8535, Philippines: 974.6888... (more ethnicities), Val Loss: 1057.4738, Val MAE: 13.3935, Val R2: 0.5740
2025-04-24 16:41:33,657 - spatial_moe_trainer - INFO - Epoch 12/100 - Train Loss: 548.3124 (Col: 316.8719, Jump: 143.7711, Decline: 554.4276, PDE: 1937.3534, Reg: 8278.9421), Eth Losses: China: 500.2234, India: 545.6072, Philippines: 1001.0171... (more ethnicities), Val Loss: 1072.5568, Val MAE: 13.6459, Val R2: 0.5679
2025-04-24 16:41:55,989 - spatial_moe_trainer - INFO - Trial pruned at epoch 13
2025-04-24 16:41:55,998 - spatial_moe_trainer - INFO - Saving metrics to ./optuna_results/trial_12/metrics
2025-04-24 16:41:56,000 - spatial_moe_trainer - INFO - Training metrics saved to ./optuna_results/trial_12/metrics/training_metrics.csv
2025-04-24 16:41:56,002 - spatial_moe_trainer - INFO - Validation metrics saved to ./optuna_results/trial_12/metrics/validation_metrics.csv
2025-04-24 16:41:56,175 - spatial_moe_trainer - INFO - Multi-Ethnic Spatial MoE model saved to ./optuna_results/trial_12/model.pt
2025-04-24 16:41:56,208 - __mp_main__ - INFO - Running trial 13 on device cuda:0
2025-04-24 16:41:56,223 - __main__ - INFO - Trial 12 completed with value: 691.197980
2025-04-24 16:41:56,398 - __mp_main__ - INFO - Using adjusted dimensions - hidden_dims: [50, 20, 16], coord_embed_dim: 12
2025-04-24 16:41:56,450 - spatial_moe_trainer - INFO - Multi-Ethnic Spatial MoE model initialized on cuda:0
2025-04-24 16:41:56,451 - spatial_moe_trainer - INFO - Model will predict 5 ethnicities: ['China', 'India', 'Philippines', 'Portugal', 'Sri Lanka']
2025-04-24 16:41:56,473 - __mp_main__ - INFO - Testing model forward pass before training...
2025-04-24 16:41:56,630 - __mp_main__ - INFO - Test forward pass successful. Output shape: torch.Size([64, 5])
2025-04-24 16:41:56,630 - spatial_moe_trainer - INFO - Starting multi-ethnic spatial MoE model training with learnable expert router...
2025-04-24 16:41:56,630 - spatial_moe_trainer - INFO - Using colonization_weight=8.93053359792161, jump_weight=7.496592619232377, decline_weight=1.3026934434163842, pde_weight=1.1807419121509417
2025-04-24 16:42:19,046 - spatial_moe_trainer - INFO - Epoch 1/100 - Train Loss: 2622.1836 (Col: 2693.6636, Jump: 1467.9665, Decline: 126.9673, PDE: 5102.7676, Reg: 15155.9605), Eth Losses: China: 5333.7540, India: 2784.1503, Philippines: 2031.7095... (more ethnicities), Val Loss: 2510.8421, Val MAE: 31.3616, Val R2: -0.0116
2025-04-24 16:42:41,496 - spatial_moe_trainer - INFO - Epoch 2/100 - Train Loss: 2514.6214 (Col: 2573.6282, Jump: 1320.8745, Decline: 119.8301, PDE: 5006.3597, Reg: 14485.3942), Eth Losses: China: 5134.2567, India: 2713.1919, Philippines: 1900.6446... (more ethnicities), Val Loss: 2427.1414, Val MAE: 30.1242, Val R2: 0.0222
2025-04-24 16:43:03,828 - spatial_moe_trainer - INFO - Epoch 3/100 - Train Loss: 2439.8445 (Col: 2458.5188, Jump: 1028.8175, Decline: 115.6306, PDE: 5046.3744, Reg: 15585.7036), Eth Losses: China: 4988.3245, India: 2717.5395, Philippines: 1812.0409... (more ethnicities), Val Loss: 2348.0477, Val MAE: 28.8957, Val R2: 0.0540
2025-04-24 16:43:26,130 - spatial_moe_trainer - INFO - Epoch 4/100 - Train Loss: 2366.1279 (Col: 2365.9086, Jump: 1230.1082, Decline: 109.0435, PDE: 5100.4724, Reg: 14082.9920), Eth Losses: China: 4840.8598, India: 2675.3888, Philippines: 1725.1959... (more ethnicities), Val Loss: 2278.3297, Val MAE: 27.6852, Val R2: 0.0821
2025-04-24 16:43:48,361 - spatial_moe_trainer - INFO - Epoch 5/100 - Train Loss: 2308.9217 (Col: 2273.0518, Jump: 1216.2974, Decline: 106.5167, PDE: 5002.7477, Reg: 13405.4878), Eth Losses: China: 4734.6519, India: 2643.3697, Philippines: 1675.7662... (more ethnicities), Val Loss: 2212.0282, Val MAE: 26.4645, Val R2: 0.1088
2025-04-24 16:44:10,788 - spatial_moe_trainer - INFO - Epoch 6/100 - Train Loss: 2240.7886 (Col: 2228.5805, Jump: 1015.4463, Decline: 102.9211, PDE: 4918.7505, Reg: 15698.4632), Eth Losses: China: 4575.9180, India: 2611.2925, Philippines: 1632.0356... (more ethnicities), Val Loss: 2137.2849, Val MAE: 25.0611, Val R2: 0.1389
2025-04-24 16:44:33,223 - spatial_moe_trainer - INFO - Epoch 7/100 - Train Loss: 2176.5178 (Col: 2106.2488, Jump: 1003.4834, Decline: 96.7224, PDE: 5031.6365, Reg: 15968.5745), Eth Losses: China: 4447.0014, India: 2561.6853, Philippines: 1576.8859... (more ethnicities), Val Loss: 2074.8507, Val MAE: 23.7865, Val R2: 0.1641
2025-04-24 16:44:55,632 - spatial_moe_trainer - INFO - Epoch 8/100 - Train Loss: 2133.6403 (Col: 2058.6501, Jump: 1281.9302, Decline: 94.0520, PDE: 4939.0487, Reg: 13945.7442), Eth Losses: China: 4424.8211, India: 2499.9671, Philippines: 1524.9551... (more ethnicities), Val Loss: 2013.1307, Val MAE: 22.4710, Val R2: 0.1890
2025-04-24 16:45:18,144 - spatial_moe_trainer - INFO - Epoch 9/100 - Train Loss: 2077.6966 (Col: 1950.0583, Jump: 1218.1673, Decline: 90.2961, PDE: 4949.3087, Reg: 16225.2341), Eth Losses: China: 4257.2568, India: 2499.9522, Philippines: 1507.2632... (more ethnicities), Val Loss: 1969.4825, Val MAE: 21.1948, Val R2: 0.2065
2025-04-24 16:45:40,690 - spatial_moe_trainer - INFO - Epoch 10/100 - Train Loss: 2019.8612 (Col: 1889.2994, Jump: 1074.7185, Decline: 90.6053, PDE: 5023.5166, Reg: 12980.3630), Eth Losses: China: 4091.4272, India: 2437.0193, Philippines: 1488.6295... (more ethnicities), Val Loss: 1915.2336, Val MAE: 20.1951, Val R2: 0.2284
2025-04-24 16:46:03,131 - spatial_moe_trainer - INFO - Trial pruned at epoch 11
2025-04-24 16:46:03,146 - spatial_moe_trainer - INFO - Saving metrics to ./optuna_results/trial_13/metrics
2025-04-24 16:46:03,148 - spatial_moe_trainer - INFO - Training metrics saved to ./optuna_results/trial_13/metrics/training_metrics.csv
2025-04-24 16:46:03,150 - spatial_moe_trainer - INFO - Validation metrics saved to ./optuna_results/trial_13/metrics/validation_metrics.csv
2025-04-24 16:46:03,187 - spatial_moe_trainer - INFO - Multi-Ethnic Spatial MoE model saved to ./optuna_results/trial_13/model.pt
2025-04-24 16:46:03,221 - __mp_main__ - INFO - Running trial 14 on device cuda:0
2025-04-24 16:46:03,241 - __main__ - INFO - Trial 13 completed with value: 1877.471998
2025-04-24 16:46:03,415 - __mp_main__ - INFO - Using adjusted dimensions - hidden_dims: [84, 96, 24], coord_embed_dim: 12
2025-04-24 16:46:03,463 - spatial_moe_trainer - INFO - Multi-Ethnic Spatial MoE model initialized on cuda:0
2025-04-24 16:46:03,464 - spatial_moe_trainer - INFO - Model will predict 5 ethnicities: ['China', 'India', 'Philippines', 'Portugal', 'Sri Lanka']
2025-04-24 16:46:03,484 - __mp_main__ - INFO - Testing model forward pass before training...
2025-04-24 16:46:03,645 - __mp_main__ - INFO - Test forward pass successful. Output shape: torch.Size([64, 5])
2025-04-24 16:46:03,645 - spatial_moe_trainer - INFO - Starting multi-ethnic spatial MoE model training with learnable expert router...
2025-04-24 16:46:03,645 - spatial_moe_trainer - INFO - Using colonization_weight=8.05266659034115, jump_weight=4.204821010014943, decline_weight=6.960307803166783, pde_weight=6.11551811076909
2025-04-24 16:46:26,082 - spatial_moe_trainer - INFO - Epoch 1/100 - Train Loss: 2327.2457 (Col: 2470.2729, Jump: 1043.3476, Decline: 157.1870, PDE: 4635.1084, Reg: 7229.9101), Eth Losses: China: 4652.6881, India: 2700.1654, Philippines: 1651.9635... (more ethnicities), Val Loss: 2229.8663, Val MAE: 27.6666, Val R2: 0.1016
2025-04-24 16:46:48,611 - spatial_moe_trainer - INFO - Epoch 2/100 - Train Loss: 2232.9386 (Col: 2347.9489, Jump: 952.5809, Decline: 146.2258, PDE: 4628.5188, Reg: 7982.6551), Eth Losses: China: 4523.7969, India: 2614.4158, Philippines: 1576.8458... (more ethnicities), Val Loss: 2150.1542, Val MAE: 26.1929, Val R2: 0.1338
2025-04-24 16:47:11,122 - spatial_moe_trainer - INFO - Epoch 3/100 - Train Loss: 2158.2597 (Col: 2255.4951, Jump: 1040.6902, Decline: 141.8625, PDE: 4518.5870, Reg: 6753.8572), Eth Losses: China: 4420.4740, India: 2542.2782, Philippines: 1522.4157... (more ethnicities), Val Loss: 2070.6662, Val MAE: 24.9160, Val R2: 0.1658
2025-04-24 16:47:33,446 - spatial_moe_trainer - INFO - Epoch 4/100 - Train Loss: 2088.0799 (Col: 2163.6237, Jump: 859.8685, Decline: 141.2082, PDE: 4535.0935, Reg: 9001.1760), Eth Losses: China: 4283.8390, India: 2455.0220, Philippines: 1506.2462... (more ethnicities), Val Loss: 2005.3614, Val MAE: 23.7919, Val R2: 0.1921
2025-04-24 16:47:55,812 - spatial_moe_trainer - INFO - Epoch 5/100 - Train Loss: 2025.7056 (Col: 2084.1084, Jump: 1033.4048, Decline: 137.4667, PDE: 4500.9353, Reg: 9332.0540), Eth Losses: China: 4112.5028, India: 2413.7892, Philippines: 1480.5381... (more ethnicities), Val Loss: 1928.9188, Val MAE: 22.6882, Val R2: 0.2229
2025-04-24 16:48:18,314 - spatial_moe_trainer - INFO - Epoch 6/100 - Train Loss: 1936.1930 (Col: 1967.7737, Jump: 1016.7502, Decline: 137.2667, PDE: 4320.5457, Reg: 7460.2368), Eth Losses: China: 3873.8839, India: 2321.1568, Philippines: 1441.8430... (more ethnicities), Val Loss: 1871.6052, Val MAE: 21.5957, Val R2: 0.2460
2025-04-24 16:48:40,724 - spatial_moe_trainer - INFO - Epoch 7/100 - Train Loss: 1887.0391 (Col: 1932.9899, Jump: 954.2922, Decline: 130.1286, PDE: 4400.3176, Reg: 7069.3648), Eth Losses: China: 3769.7759, India: 2256.8818, Philippines: 1428.0056... (more ethnicities), Val Loss: 1786.5873, Val MAE: 20.5618, Val R2: 0.2802
2025-04-24 16:49:03,252 - spatial_moe_trainer - INFO - Epoch 8/100 - Train Loss: 1829.3614 (Col: 1845.0971, Jump: 916.8386, Decline: 129.4905, PDE: 4269.3301, Reg: 7596.9221), Eth Losses: China: 3589.9164, India: 2254.3054, Philippines: 1388.9577... (more ethnicities), Val Loss: 1749.9631, Val MAE: 19.5170, Val R2: 0.2950
2025-04-24 16:49:25,729 - spatial_moe_trainer - INFO - Epoch 9/100 - Train Loss: 1745.2712 (Col: 1735.0211, Jump: 866.9553, Decline: 127.5226, PDE: 4142.4265, Reg: 8027.0311), Eth Losses: China: 3340.5714, India: 2156.3383, Philippines: 1378.9749... (more ethnicities), Val Loss: 1648.6904, Val MAE: 18.5205, Val R2: 0.3358
2025-04-24 16:49:48,291 - spatial_moe_trainer - INFO - Epoch 10/100 - Train Loss: 1705.7060 (Col: 1693.6724, Jump: 906.5179, Decline: 126.6311, PDE: 4148.2271, Reg: 8214.3169), Eth Losses: China: 3212.9971, India: 2136.7961, Philippines: 1365.0001... (more ethnicities), Val Loss: 1604.9699, Val MAE: 17.6489, Val R2: 0.3534
2025-04-24 16:50:10,727 - spatial_moe_trainer - INFO - Trial pruned at epoch 11
2025-04-24 16:50:10,735 - spatial_moe_trainer - INFO - Saving metrics to ./optuna_results/trial_14/metrics
2025-04-24 16:50:10,737 - spatial_moe_trainer - INFO - Training metrics saved to ./optuna_results/trial_14/metrics/training_metrics.csv
2025-04-24 16:50:10,739 - spatial_moe_trainer - INFO - Validation metrics saved to ./optuna_results/trial_14/metrics/validation_metrics.csv
2025-04-24 16:50:10,776 - spatial_moe_trainer - INFO - Multi-Ethnic Spatial MoE model saved to ./optuna_results/trial_14/model.pt
2025-04-24 16:50:10,809 - __mp_main__ - INFO - Running trial 15 on device cuda:0
2025-04-24 16:50:10,824 - __main__ - INFO - Trial 14 completed with value: 1549.965941
2025-04-24 16:50:11,000 - __mp_main__ - INFO - Using adjusted dimensions - hidden_dims: [208, 80, 16], coord_embed_dim: 40
2025-04-24 16:50:11,053 - spatial_moe_trainer - INFO - Multi-Ethnic Spatial MoE model initialized on cuda:0
2025-04-24 16:50:11,053 - spatial_moe_trainer - INFO - Model will predict 5 ethnicities: ['China', 'India', 'Philippines', 'Portugal', 'Sri Lanka']
2025-04-24 16:50:11,074 - __mp_main__ - INFO - Testing model forward pass before training...
2025-04-24 16:50:11,247 - __mp_main__ - INFO - Test forward pass successful. Output shape: torch.Size([64, 5])
2025-04-24 16:50:11,247 - spatial_moe_trainer - INFO - Starting multi-ethnic spatial MoE model training with learnable expert router...
2025-04-24 16:50:11,247 - spatial_moe_trainer - INFO - Using colonization_weight=4.013156586009125, jump_weight=7.981465341598607, decline_weight=4.114726751921404, pde_weight=2.0782176795602387
2025-04-24 16:50:33,684 - spatial_moe_trainer - INFO - Epoch 1/100 - Train Loss: 1635.7690 (Col: 1875.3675, Jump: 666.7699, Decline: 166.7329, PDE: 2575.2071, Reg: 5768.8249), Eth Losses: China: 3319.5431, India: 2121.3798, Philippines: 996.6691... (more ethnicities), Val Loss: 1127.1355, Val MAE: 15.6566, Val R2: 0.5459
2025-04-24 16:50:56,189 - spatial_moe_trainer - INFO - Epoch 2/100 - Train Loss: 1092.2581 (Col: 1228.4798, Jump: 478.1655, Decline: 136.6868, PDE: 1656.5454, Reg: 6137.1916), Eth Losses: China: 1739.0875, India: 1584.4801, Philippines: 716.3024... (more ethnicities), Val Loss: 747.3202, Val MAE: 13.0536, Val R2: 0.6989
2025-04-24 16:51:18,684 - spatial_moe_trainer - INFO - Epoch 3/100 - Train Loss: 734.9633 (Col: 767.0764, Jump: 455.5523, Decline: 134.5344, PDE: 1486.4999, Reg: 5870.4334), Eth Losses: China: 852.3129, India: 873.9572, Philippines: 643.9458... (more ethnicities), Val Loss: 750.3402, Val MAE: 12.7501, Val R2: 0.6977
2025-04-24 16:51:41,163 - spatial_moe_trainer - INFO - Epoch 4/100 - Train Loss: 580.6896 (Col: 587.3245, Jump: 351.3978, Decline: 127.0198, PDE: 1424.8142, Reg: 4382.4053), Eth Losses: China: 836.5759, India: 478.7958, Philippines: 406.3318... (more ethnicities), Val Loss: 667.3705, Val MAE: 12.4103, Val R2: 0.7311
2025-04-24 16:52:03,697 - spatial_moe_trainer - INFO - Epoch 5/100 - Train Loss: 669.8798 (Col: 711.2305, Jump: 415.2185, Decline: 123.8923, PDE: 1344.4399, Reg: 4048.4792), Eth Losses: China: 957.4434, India: 891.1029, Philippines: 469.1936... (more ethnicities), Val Loss: 640.8765, Val MAE: 12.0067, Val R2: 0.7418
2025-04-24 16:52:26,245 - spatial_moe_trainer - INFO - Epoch 6/100 - Train Loss: 559.4192 (Col: 578.6410, Jump: 353.5853, Decline: 116.9931, PDE: 1214.8047, Reg: 4225.0221), Eth Losses: China: 824.1700, India: 529.8280, Philippines: 484.4955... (more ethnicities), Val Loss: 634.4123, Val MAE: 11.8165, Val R2: 0.7444
2025-04-24 16:52:48,663 - spatial_moe_trainer - INFO - Epoch 7/100 - Train Loss: 584.0348 (Col: 620.3797, Jump: 313.2917, Decline: 108.9633, PDE: 1227.1215, Reg: 3368.8974), Eth Losses: China: 837.5468, India: 706.6140, Philippines: 513.3634... (more ethnicities), Val Loss: 636.0386, Val MAE: 12.0086, Val R2: 0.7438
2025-04-24 16:53:11,061 - spatial_moe_trainer - INFO - Epoch 8/100 - Train Loss: 591.5310 (Col: 643.2228, Jump: 324.0090, Decline: 113.2764, PDE: 1110.1381, Reg: 2839.7696), Eth Losses: China: 1346.9513, India: 475.0730, Philippines: 368.0874... (more ethnicities), Val Loss: 686.8434, Val MAE: 11.4753, Val R2: 0.7233
2025-04-24 16:53:33,424 - spatial_moe_trainer - INFO - Epoch 9/100 - Train Loss: 476.6716 (Col: 491.4934, Jump: 307.5961, Decline: 112.2982, PDE: 1026.9645, Reg: 2924.5746), Eth Losses: China: 675.7089, India: 636.9352, Philippines: 356.7960... (more ethnicities), Val Loss: 599.9895, Val MAE: 11.2429, Val R2: 0.7583
2025-04-24 16:53:55,960 - spatial_moe_trainer - INFO - Epoch 10/100 - Train Loss: 421.9196 (Col: 410.1718, Jump: 287.6623, Decline: 107.8190, PDE: 1100.7017, Reg: 2817.1421), Eth Losses: China: 655.2362, India: 476.9924, Philippines: 336.4890... (more ethnicities), Val Loss: 559.7179, Val MAE: 11.2840, Val R2: 0.7745
2025-04-24 16:54:18,533 - spatial_moe_trainer - INFO - Epoch 11/100 - Train Loss: 384.6276 (Col: 368.3557, Jump: 285.1808, Decline: 105.6988, PDE: 1025.5567, Reg: 2718.3481), Eth Losses: China: 546.2050, India: 334.9754, Philippines: 262.2221... (more ethnicities), Val Loss: 586.5315, Val MAE: 11.3258, Val R2: 0.7637
2025-04-24 16:54:40,856 - spatial_moe_trainer - INFO - Epoch 12/100 - Train Loss: 398.5715 (Col: 391.8358, Jump: 286.5074, Decline: 106.2078, PDE: 985.7445, Reg: 2784.7893), Eth Losses: China: 627.4001, India: 351.3343, Philippines: 369.9645... (more ethnicities), Val Loss: 646.3860, Val MAE: 11.9807, Val R2: 0.7396
2025-04-24 16:55:03,373 - spatial_moe_trainer - INFO - Epoch 13/100 - Train Loss: 420.0838 (Col: 428.5640, Jump: 260.2587, Decline: 98.6342, PDE: 961.0479, Reg: 2769.7544), Eth Losses: China: 749.9756, India: 343.9105, Philippines: 325.4597... (more ethnicities), Val Loss: 586.4632, Val MAE: 11.0159, Val R2: 0.7637
2025-04-24 16:55:25,987 - spatial_moe_trainer - INFO - Epoch 14/100 - Train Loss: 341.7836 (Col: 318.6756, Jump: 246.2999, Decline: 96.7556, PDE: 966.6208, Reg: 2113.3477), Eth Losses: China: 543.7189, India: 303.8167, Philippines: 258.3304... (more ethnicities), Val Loss: 637.3186, Val MAE: 11.3560, Val R2: 0.7432
2025-04-24 16:55:48,573 - spatial_moe_trainer - INFO - Epoch 15/100 - Train Loss: 372.4009 (Col: 381.5187, Jump: 228.4969, Decline: 94.9916, PDE: 921.1852, Reg: 1724.7727), Eth Losses: China: 715.3568, India: 298.9885, Philippines: 252.1415... (more ethnicities), Val Loss: 550.8136, Val MAE: 10.6350, Val R2: 0.7781
2025-04-24 16:56:10,966 - spatial_moe_trainer - INFO - Epoch 16/100 - Train Loss: 438.9810 (Col: 467.7500, Jump: 233.9162, Decline: 89.6341, PDE: 923.2853, Reg: 2414.7469), Eth Losses: China: 521.1621, India: 727.4036, Philippines: 360.4957... (more ethnicities), Val Loss: 528.5964, Val MAE: 11.0982, Val R2: 0.7870
2025-04-24 16:56:33,362 - spatial_moe_trainer - INFO - Epoch 17/100 - Train Loss: 367.0872 (Col: 369.2481, Jump: 236.3037, Decline: 87.4439, PDE: 876.4663, Reg: 2100.3479), Eth Losses: China: 761.6835, India: 283.4028, Philippines: 222.5176... (more ethnicities), Val Loss: 536.0851, Val MAE: 10.5796, Val R2: 0.7840
2025-04-24 16:56:55,724 - spatial_moe_trainer - INFO - Epoch 18/100 - Train Loss: 340.8494 (Col: 344.5795, Jump: 218.5994, Decline: 86.7385, PDE: 827.4271, Reg: 2177.6082), Eth Losses: China: 525.6125, India: 418.1212, Philippines: 250.2424... (more ethnicities), Val Loss: 569.4637, Val MAE: 10.8618, Val R2: 0.7706
2025-04-24 16:57:18,150 - spatial_moe_trainer - INFO - Epoch 19/100 - Train Loss: 341.2225 (Col: 349.7734, Jump: 223.0539, Decline: 87.3975, PDE: 804.0005, Reg: 1693.7549), Eth Losses: China: 629.3647, India: 325.1362, Philippines: 239.5990... (more ethnicities), Val Loss: 675.3236, Val MAE: 10.7990, Val R2: 0.7279
2025-04-24 16:57:40,697 - spatial_moe_trainer - INFO - Epoch 20/100 - Train Loss: 359.4242 (Col: 365.5076, Jump: 221.5480, Decline: 85.3465, PDE: 829.6420, Reg: 1861.7627), Eth Losses: China: 706.4956, India: 357.2503, Philippines: 206.7183... (more ethnicities), Val Loss: 515.4209, Val MAE: 10.6466, Val R2: 0.7923
2025-04-24 16:58:03,078 - spatial_moe_trainer - INFO - Epoch 21/100 - Train Loss: 359.2035 (Col: 375.5143, Jump: 209.1204, Decline: 79.1508, PDE: 773.7864, Reg: 1837.5878), Eth Losses: China: 576.2268, India: 358.7927, Philippines: 381.2680... (more ethnicities), Val Loss: 546.8747, Val MAE: 10.6712, Val R2: 0.7797
2025-04-24 16:58:25,700 - spatial_moe_trainer - INFO - Epoch 22/100 - Train Loss: 329.5949 (Col: 325.1150, Jump: 210.7540, Decline: 90.6120, PDE: 786.6726, Reg: 2053.8278), Eth Losses: China: 498.2878, India: 389.4557, Philippines: 235.6615... (more ethnicities), Val Loss: 530.6447, Val MAE: 10.4940, Val R2: 0.7862
2025-04-24 16:58:48,376 - spatial_moe_trainer - INFO - Epoch 23/100 - Train Loss: 310.3468 (Col: 302.3506, Jump: 187.7205, Decline: 98.3707, PDE: 763.9901, Reg: 1876.6031), Eth Losses: China: 528.4096, India: 329.7891, Philippines: 209.0792... (more ethnicities), Val Loss: 513.3112, Val MAE: 10.8409, Val R2: 0.7932
2025-04-24 16:59:10,858 - spatial_moe_trainer - INFO - Epoch 24/100 - Train Loss: 309.2987 (Col: 298.3969, Jump: 187.0111, Decline: 129.2861, PDE: 760.5700, Reg: 1742.9935), Eth Losses: China: 570.2965, India: 274.1779, Philippines: 233.0799... (more ethnicities), Val Loss: 718.6891, Val MAE: 10.9707, Val R2: 0.7105
2025-04-24 16:59:33,344 - spatial_moe_trainer - INFO - Epoch 25/100 - Train Loss: 345.1816 (Col: 351.2355, Jump: 191.1053, Decline: 135.2997, PDE: 742.0100, Reg: 1708.8369), Eth Losses: China: 525.6341, India: 463.4819, Philippines: 276.2325... (more ethnicities), Val Loss: 556.0074, Val MAE: 11.2740, Val R2: 0.7760
2025-04-24 16:59:55,848 - spatial_moe_trainer - INFO - Epoch 26/100 - Train Loss: 412.1092 (Col: 421.6103, Jump: 212.1183, Decline: 199.8975, PDE: 748.2533, Reg: 1743.1534), Eth Losses: China: 763.9026, India: 493.5837, Philippines: 395.8475... (more ethnicities), Val Loss: 557.1754, Val MAE: 10.9340, Val R2: 0.7755
2025-04-24 17:00:18,360 - spatial_moe_trainer - INFO - Epoch 27/100 - Train Loss: 303.8475 (Col: 282.0436, Jump: 199.1327, Decline: 167.4248, PDE: 750.2388, Reg: 1963.8976), Eth Losses: China: 369.2841, India: 307.7573, Philippines: 328.4520... (more ethnicities), Val Loss: 656.6576, Val MAE: 10.9318, Val R2: 0.7354
2025-04-24 17:00:40,820 - spatial_moe_trainer - INFO - Epoch 28/100 - Train Loss: 293.5553 (Col: 276.3167, Jump: 198.5376, Decline: 149.7964, PDE: 735.1038, Reg: 1653.7840), Eth Losses: China: 434.9675, India: 335.8882, Philippines: 277.3289... (more ethnicities), Val Loss: 697.0330, Val MAE: 11.0873, Val R2: 0.7192
2025-04-24 17:01:03,454 - spatial_moe_trainer - INFO - Epoch 29/100 - Train Loss: 369.2878 (Col: 387.6745, Jump: 198.3527, Decline: 164.8422, PDE: 687.3201, Reg: 1640.0715), Eth Losses: China: 422.9371, India: 456.5164, Philippines: 583.1933... (more ethnicities), Val Loss: 543.1554, Val MAE: 10.7130, Val R2: 0.7812
2025-04-24 17:01:26,018 - spatial_moe_trainer - INFO - Epoch 30/100 - Train Loss: 277.7604 (Col: 260.7905, Jump: 185.7851, Decline: 128.1301, PDE: 697.8816, Reg: 1373.6335), Eth Losses: China: 341.4239, India: 291.3121, Philippines: 366.7359... (more ethnicities), Val Loss: 528.5838, Val MAE: 10.6669, Val R2: 0.7870
2025-04-24 17:01:48,575 - spatial_moe_trainer - INFO - Epoch 31/100 - Train Loss: 279.8947 (Col: 271.5427, Jump: 187.9732, Decline: 105.6538, PDE: 691.9946, Reg: 1431.3505), Eth Losses: China: 479.9764, India: 337.8521, Philippines: 223.2944... (more ethnicities), Val Loss: 512.2265, Val MAE: 10.5893, Val R2: 0.7936
2025-04-24 17:02:11,166 - spatial_moe_trainer - INFO - Epoch 32/100 - Train Loss: 281.6831 (Col: 274.7890, Jump: 180.3062, Decline: 103.3959, PDE: 743.0658, Reg: 1417.8359), Eth Losses: China: 417.5698, India: 394.5796, Philippines: 201.3051... (more ethnicities), Val Loss: 506.2282, Val MAE: 10.3895, Val R2: 0.7961
2025-04-24 17:02:33,802 - spatial_moe_trainer - INFO - Epoch 33/100 - Train Loss: 227.3193 (Col: 201.3283, Jump: 168.9007, Decline: 106.8928, PDE: 676.5091, Reg: 1539.6409), Eth Losses: China: 332.3785, India: 205.5504, Philippines: 249.5197... (more ethnicities), Val Loss: 533.2180, Val MAE: 10.4499, Val R2: 0.7852
2025-04-24 17:02:56,347 - spatial_moe_trainer - INFO - Epoch 34/100 - Train Loss: 258.0103 (Col: 243.6859, Jump: 170.3571, Decline: 108.4845, PDE: 661.9962, Reg: 1808.8429), Eth Losses: China: 424.9764, India: 251.2319, Philippines: 219.4552... (more ethnicities), Val Loss: 534.3481, Val MAE: 10.4270, Val R2: 0.7847
2025-04-24 17:03:18,983 - spatial_moe_trainer - INFO - Epoch 35/100 - Train Loss: 220.9126 (Col: 197.1749, Jump: 168.3546, Decline: 113.8488, PDE: 656.6124, Reg: 1596.5559), Eth Losses: China: 347.2527, India: 202.7162, Philippines: 195.6661... (more ethnicities), Val Loss: 571.5374, Val MAE: 10.5084, Val R2: 0.7697
2025-04-24 17:03:41,626 - spatial_moe_trainer - INFO - Epoch 36/100 - Train Loss: 220.3261 (Col: 192.1308, Jump: 172.1193, Decline: 136.6234, PDE: 641.9813, Reg: 1221.3524), Eth Losses: China: 338.2245, India: 223.4899, Philippines: 192.4583... (more ethnicities), Val Loss: 534.1165, Val MAE: 10.6056, Val R2: 0.7848
2025-04-24 17:04:04,078 - spatial_moe_trainer - INFO - Epoch 37/100 - Train Loss: 219.7892 (Col: 181.6042, Jump: 169.2333, Decline: 154.4210, PDE: 659.4046, Reg: 1700.4521), Eth Losses: China: 315.3266, India: 217.0437, Philippines: 217.1546... (more ethnicities), Val Loss: 502.8828, Val MAE: 10.1945, Val R2: 0.7974
2025-04-24 17:04:26,461 - spatial_moe_trainer - INFO - Epoch 38/100 - Train Loss: 220.8254 (Col: 193.4607, Jump: 171.4183, Decline: 165.2091, PDE: 609.2385, Reg: 1326.4718), Eth Losses: China: 255.2349, India: 289.3075, Philippines: 216.7040... (more ethnicities), Val Loss: 506.5500, Val MAE: 10.3487, Val R2: 0.7959
2025-04-24 17:04:48,913 - spatial_moe_trainer - INFO - Epoch 39/100 - Train Loss: 220.0115 (Col: 189.7076, Jump: 177.1671, Decline: 144.3855, PDE: 679.8880, Reg: 1070.7437), Eth Losses: China: 285.5180, India: 275.7311, Philippines: 223.9638... (more ethnicities), Val Loss: 516.8050, Val MAE: 10.2728, Val R2: 0.7918
2025-04-24 17:05:11,524 - spatial_moe_trainer - INFO - Epoch 40/100 - Train Loss: 228.3081 (Col: 193.0314, Jump: 170.4634, Decline: 169.7341, PDE: 655.9874, Reg: 1361.9515), Eth Losses: China: 303.8681, India: 195.1693, Philippines: 293.5128... (more ethnicities), Val Loss: 599.2187, Val MAE: 10.5735, Val R2: 0.7586
2025-04-24 17:05:34,346 - spatial_moe_trainer - INFO - Epoch 41/100 - Train Loss: 248.9520 (Col: 226.1580, Jump: 162.0269, Decline: 165.3326, PDE: 636.3981, Reg: 1443.1535), Eth Losses: China: 454.5183, India: 198.7233, Philippines: 269.2833... (more ethnicities), Val Loss: 535.1816, Val MAE: 10.5312, Val R2: 0.7844
2025-04-24 17:05:56,955 - spatial_moe_trainer - INFO - Epoch 42/100 - Train Loss: 221.3800 (Col: 180.3295, Jump: 173.0079, Decline: 183.8760, PDE: 647.3033, Reg: 1698.4766), Eth Losses: China: 250.5876, India: 213.3424, Philippines: 311.4761... (more ethnicities), Val Loss: 506.6759, Val MAE: 10.2216, Val R2: 0.7959
2025-04-24 17:06:19,415 - spatial_moe_trainer - INFO - Epoch 43/100 - Train Loss: 238.5919 (Col: 201.6874, Jump: 156.6182, Decline: 197.0843, PDE: 624.1372, Reg: 1801.0353), Eth Losses: China: 355.9751, India: 204.4642, Philippines: 305.1419... (more ethnicities), Val Loss: 529.4864, Val MAE: 10.5146, Val R2: 0.7867
2025-04-24 17:06:41,900 - spatial_moe_trainer - INFO - Epoch 44/100 - Train Loss: 216.4632 (Col: 167.2128, Jump: 158.6964, Decline: 238.6746, PDE: 594.7840, Reg: 1359.0590), Eth Losses: China: 249.2586, India: 196.3171, Philippines: 313.0775... (more ethnicities), Val Loss: 541.6570, Val MAE: 10.5364, Val R2: 0.7818
2025-04-24 17:07:04,408 - spatial_moe_trainer - INFO - Epoch 45/100 - Train Loss: 215.1523 (Col: 155.4029, Jump: 162.2745, Decline: 244.5095, PDE: 625.5697, Reg: 1264.0704), Eth Losses: China: 292.8512, India: 183.7926, Philippines: 287.4671... (more ethnicities), Val Loss: 553.8991, Val MAE: 10.6625, Val R2: 0.7768
2025-04-24 17:07:26,746 - spatial_moe_trainer - INFO - Trial pruned at epoch 46
2025-04-24 17:07:26,755 - spatial_moe_trainer - INFO - Saving metrics to ./optuna_results/trial_15/metrics
2025-04-24 17:07:26,758 - spatial_moe_trainer - INFO - Training metrics saved to ./optuna_results/trial_15/metrics/training_metrics.csv
2025-04-24 17:07:26,761 - spatial_moe_trainer - INFO - Validation metrics saved to ./optuna_results/trial_15/metrics/validation_metrics.csv
2025-04-24 17:07:26,802 - spatial_moe_trainer - INFO - Multi-Ethnic Spatial MoE model saved to ./optuna_results/trial_15/model.pt
2025-04-24 17:07:26,835 - __mp_main__ - INFO - Running trial 16 on device cuda:0
2025-04-24 17:07:26,851 - __main__ - INFO - Trial 15 completed with value: 502.882787
2025-04-24 17:07:27,026 - __mp_main__ - INFO - Using adjusted dimensions - hidden_dims: [208, 64, 16], coord_embed_dim: 48
2025-04-24 17:07:27,080 - spatial_moe_trainer - INFO - Multi-Ethnic Spatial MoE model initialized on cuda:0
2025-04-24 17:07:27,080 - spatial_moe_trainer - INFO - Model will predict 5 ethnicities: ['China', 'India', 'Philippines', 'Portugal', 'Sri Lanka']
2025-04-24 17:07:27,101 - __mp_main__ - INFO - Testing model forward pass before training...
2025-04-24 17:07:27,260 - __mp_main__ - INFO - Test forward pass successful. Output shape: torch.Size([64, 5])
2025-04-24 17:07:27,260 - spatial_moe_trainer - INFO - Starting multi-ethnic spatial MoE model training with learnable expert router...
2025-04-24 17:07:27,260 - spatial_moe_trainer - INFO - Using colonization_weight=1.8727190177345139, jump_weight=7.981465341598607, decline_weight=4.082643943639809, pde_weight=2.0782176795602387
2025-04-24 17:07:49,718 - spatial_moe_trainer - INFO - Epoch 1/100 - Train Loss: 1426.1680 (Col: 1651.8983, Jump: 471.6326, Decline: 155.6694, PDE: 2076.5924, Reg: 5360.4791), Eth Losses: China: 2340.1980, India: 2034.5330, Philippines: 1118.7764... (more ethnicities), Val Loss: 951.4894, Val MAE: 14.0730, Val R2: 0.6167
2025-04-24 17:08:12,580 - spatial_moe_trainer - INFO - Epoch 2/100 - Train Loss: 1048.0360 (Col: 1218.2016, Jump: 376.6166, Decline: 138.3218, PDE: 1423.4055, Reg: 4641.4855), Eth Losses: China: 1496.9286, India: 1506.1724, Philippines: 891.0959... (more ethnicities), Val Loss: 856.1652, Val MAE: 13.1874, Val R2: 0.6551
2025-04-24 17:08:35,145 - spatial_moe_trainer - INFO - Epoch 3/100 - Train Loss: 986.7231 (Col: 1124.5580, Jump: 328.1883, Decline: 130.9427, PDE: 1239.4205, Reg: 5588.3412), Eth Losses: China: 1378.7420, India: 1716.1103, Philippines: 679.7319... (more ethnicities), Val Loss: 835.8064, Val MAE: 12.8590, Val R2: 0.6633
2025-04-24 17:08:57,776 - spatial_moe_trainer - INFO - Epoch 4/100 - Train Loss: 737.1366 (Col: 838.5219, Jump: 285.8332, Decline: 132.8581, PDE: 1135.1253, Reg: 3917.0766), Eth Losses: China: 1013.5891, India: 1098.9251, Philippines: 535.1213... (more ethnicities), Val Loss: 636.5838, Val MAE: 12.1425, Val R2: 0.7435
2025-04-24 17:09:20,465 - spatial_moe_trainer - INFO - Epoch 5/100 - Train Loss: 708.4442 (Col: 797.6204, Jump: 276.6932, Decline: 186.1410, PDE: 1029.7576, Reg: 3696.4777), Eth Losses: China: 1123.4435, India: 927.7836, Philippines: 498.4581... (more ethnicities), Val Loss: 719.1882, Val MAE: 13.2605, Val R2: 0.7103
2025-04-24 17:09:43,061 - spatial_moe_trainer - INFO - Epoch 6/100 - Train Loss: 621.3072 (Col: 667.2466, Jump: 263.7477, Decline: 226.7566, PDE: 1013.1916, Reg: 3141.3243), Eth Losses: China: 901.6427, India: 712.7965, Philippines: 641.8125... (more ethnicities), Val Loss: 696.0040, Val MAE: 12.3475, Val R2: 0.7196
2025-04-24 17:10:05,687 - spatial_moe_trainer - INFO - Epoch 7/100 - Train Loss: 696.2552 (Col: 763.2512, Jump: 249.1451, Decline: 271.5943, PDE: 898.6792, Reg: 3263.4462), Eth Losses: China: 972.5341, India: 1294.1320, Philippines: 439.1641... (more ethnicities), Val Loss: 589.1791, Val MAE: 11.3400, Val R2: 0.7626
2025-04-24 17:10:28,246 - spatial_moe_trainer - INFO - Epoch 8/100 - Train Loss: 632.5675 (Col: 677.8933, Jump: 234.6748, Decline: 232.3154, PDE: 1031.5374, Reg: 2889.8346), Eth Losses: China: 1055.7495, India: 883.9061, Philippines: 481.6830... (more ethnicities), Val Loss: 673.6709, Val MAE: 11.5422, Val R2: 0.7286
2025-04-24 17:10:50,797 - spatial_moe_trainer - INFO - Epoch 9/100 - Train Loss: 667.7611 (Col: 747.0983, Jump: 244.7930, Decline: 206.2919, PDE: 888.4923, Reg: 2284.4735), Eth Losses: China: 1581.7460, India: 626.7877, Philippines: 468.2933... (more ethnicities), Val Loss: 539.5501, Val MAE: 11.8717, Val R2: 0.7826
2025-04-24 17:11:13,526 - spatial_moe_trainer - INFO - Epoch 10/100 - Train Loss: 484.1120 (Col: 524.2802, Jump: 216.0773, Decline: 151.9853, PDE: 853.2618, Reg: 1604.6520), Eth Losses: China: 658.7597, India: 804.8931, Philippines: 300.9378... (more ethnicities), Val Loss: 618.3580, Val MAE: 11.1993, Val R2: 0.7509
2025-04-24 17:11:36,102 - spatial_moe_trainer - INFO - Epoch 11/100 - Train Loss: 452.6789 (Col: 474.6881, Jump: 216.1026, Decline: 172.0072, PDE: 818.1800, Reg: 2606.1400), Eth Losses: China: 790.4476, India: 398.3409, Philippines: 396.0621... (more ethnicities), Val Loss: 536.0820, Val MAE: 11.5095, Val R2: 0.7840
2025-04-24 17:11:58,415 - spatial_moe_trainer - INFO - Epoch 12/100 - Train Loss: 444.9882 (Col: 471.5485, Jump: 182.0465, Decline: 150.5973, PDE: 846.4128, Reg: 1733.1804), Eth Losses: China: 919.4173, India: 424.3763, Philippines: 279.7263... (more ethnicities), Val Loss: 593.2127, Val MAE: 10.8202, Val R2: 0.7610
2025-04-24 17:12:21,054 - spatial_moe_trainer - INFO - Epoch 13/100 - Train Loss: 512.9279 (Col: 560.2934, Jump: 192.5164, Decline: 140.1578, PDE: 863.6828, Reg: 2800.8431), Eth Losses: China: 1078.8469, India: 541.0164, Philippines: 326.1326... (more ethnicities), Val Loss: 561.4553, Val MAE: 11.1611, Val R2: 0.7738
2025-04-24 17:12:43,635 - spatial_moe_trainer - INFO - Epoch 14/100 - Train Loss: 506.9483 (Col: 558.5986, Jump: 210.6521, Decline: 150.9316, PDE: 777.7802, Reg: 2028.5368), Eth Losses: China: 970.0473, India: 576.3591, Philippines: 453.8905... (more ethnicities), Val Loss: 576.6112, Val MAE: 11.1586, Val R2: 0.7677
2025-04-24 17:13:06,235 - spatial_moe_trainer - INFO - Epoch 15/100 - Train Loss: 423.7921 (Col: 447.0382, Jump: 207.1401, Decline: 145.5304, PDE: 815.2385, Reg: 1730.2401), Eth Losses: China: 665.1406, India: 484.2729, Philippines: 288.3219... (more ethnicities), Val Loss: 595.8727, Val MAE: 10.9219, Val R2: 0.7599
2025-04-24 17:13:28,649 - spatial_moe_trainer - INFO - Epoch 16/100 - Train Loss: 397.8568 (Col: 417.6466, Jump: 206.8861, Decline: 120.1272, PDE: 803.1473, Reg: 2304.3125), Eth Losses: China: 739.5876, India: 391.6827, Philippines: 266.7102... (more ethnicities), Val Loss: 551.1997, Val MAE: 10.7628, Val R2: 0.7779
2025-04-24 17:13:51,265 - spatial_moe_trainer - INFO - Epoch 17/100 - Train Loss: 324.0089 (Col: 323.4374, Jump: 199.1016, Decline: 132.0751, PDE: 710.6454, Reg: 1601.8015), Eth Losses: China: 504.9511, India: 321.0153, Philippines: 189.0641... (more ethnicities), Val Loss: 526.3190, Val MAE: 10.7564, Val R2: 0.7880
2025-04-24 17:14:13,976 - spatial_moe_trainer - INFO - Epoch 18/100 - Train Loss: 363.4728 (Col: 367.9049, Jump: 193.7975, Decline: 158.4401, PDE: 716.5074, Reg: 2212.3308), Eth Losses: China: 526.8525, India: 422.0111, Philippines: 210.0990... (more ethnicities), Val Loss: 635.7804, Val MAE: 10.8231, Val R2: 0.7439
2025-04-24 17:14:36,319 - spatial_moe_trainer - INFO - Epoch 19/100 - Train Loss: 359.4372 (Col: 358.2373, Jump: 176.7547, Decline: 134.7542, PDE: 778.5178, Reg: 1731.8487), Eth Losses: China: 607.7374, India: 305.6027, Philippines: 329.5750... (more ethnicities), Val Loss: 551.1230, Val MAE: 10.7612, Val R2: 0.7780
2025-04-24 17:14:58,694 - spatial_moe_trainer - INFO - Epoch 20/100 - Train Loss: 363.6504 (Col: 382.0863, Jump: 189.4334, Decline: 123.8176, PDE: 652.2997, Reg: 1499.7300), Eth Losses: China: 546.5852, India: 399.0810, Philippines: 325.2828... (more ethnicities), Val Loss: 560.1829, Val MAE: 10.6154, Val R2: 0.7743
2025-04-24 17:15:21,226 - spatial_moe_trainer - INFO - Epoch 21/100 - Train Loss: 346.1300 (Col: 347.8797, Jump: 165.6498, Decline: 158.1927, PDE: 646.9508, Reg: 2089.2981), Eth Losses: China: 666.8928, India: 325.3340, Philippines: 236.2153... (more ethnicities), Val Loss: 583.4137, Val MAE: 10.7736, Val R2: 0.7650
2025-04-24 17:15:43,931 - spatial_moe_trainer - INFO - Epoch 22/100 - Train Loss: 397.1032 (Col: 409.9582, Jump: 151.6690, Decline: 186.2785, PDE: 670.0426, Reg: 1645.6812), Eth Losses: China: 838.8449, India: 294.0263, Philippines: 214.1737... (more ethnicities), Val Loss: 640.2037, Val MAE: 11.2454, Val R2: 0.7421
2025-04-24 17:16:06,452 - spatial_moe_trainer - INFO - Epoch 23/100 - Train Loss: 331.6619 (Col: 322.7374, Jump: 163.9441, Decline: 279.5772, PDE: 646.7588, Reg: 1379.3298), Eth Losses: China: 420.9701, India: 243.0389, Philippines: 438.6454... (more ethnicities), Val Loss: 533.0804, Val MAE: 11.1294, Val R2: 0.7852
2025-04-24 17:16:29,120 - spatial_moe_trainer - INFO - Epoch 24/100 - Train Loss: 325.2752 (Col: 252.7995, Jump: 176.7490, Decline: 464.5811, PDE: 677.1263, Reg: 2059.2785), Eth Losses: China: 517.6489, India: 197.7026, Philippines: 408.3560... (more ethnicities), Val Loss: 582.9396, Val MAE: 11.5256, Val R2: 0.7651
2025-04-24 17:16:51,608 - spatial_moe_trainer - INFO - Epoch 25/100 - Train Loss: 355.9227 (Col: 255.1857, Jump: 141.1149, Decline: 636.8386, PDE: 726.9771, Reg: 1274.5249), Eth Losses: China: 460.7540, India: 217.4721, Philippines: 605.0197... (more ethnicities), Val Loss: 618.6524, Val MAE: 12.0409, Val R2: 0.7508
2025-04-24 17:17:13,993 - spatial_moe_trainer - INFO - Epoch 26/100 - Train Loss: 362.5600 (Col: 242.4098, Jump: 146.9305, Decline: 719.8336, PDE: 661.4241, Reg: 1618.9745), Eth Losses: China: 412.5524, India: 248.8761, Philippines: 600.9216... (more ethnicities), Val Loss: 607.2582, Val MAE: 11.9767, Val R2: 0.7554
2025-04-24 17:17:36,293 - spatial_moe_trainer - INFO - Epoch 27/100 - Train Loss: 366.1676 (Col: 236.5750, Jump: 154.8999, Decline: 748.7246, PDE: 716.5247, Reg: 1450.4832), Eth Losses: China: 437.7679, India: 230.2029, Philippines: 608.8465... (more ethnicities), Val Loss: 627.5573, Val MAE: 12.3004, Val R2: 0.7472
2025-04-24 17:17:36,293 - spatial_moe_trainer - INFO - Early stopping at epoch 27
2025-04-24 17:17:36,310 - spatial_moe_trainer - INFO - Saving metrics to ./optuna_results/trial_16/metrics
2025-04-24 17:17:36,312 - spatial_moe_trainer - INFO - Training metrics saved to ./optuna_results/trial_16/metrics/training_metrics.csv
2025-04-24 17:17:36,314 - spatial_moe_trainer - INFO - Validation metrics saved to ./optuna_results/trial_16/metrics/validation_metrics.csv
2025-04-24 17:17:36,355 - spatial_moe_trainer - INFO - Multi-Ethnic Spatial MoE model saved to ./optuna_results/trial_16/model.pt
2025-04-24 17:17:36,388 - __mp_main__ - INFO - Running trial 17 on device cuda:0
2025-04-24 17:17:36,402 - __main__ - INFO - Trial 16 completed with value: 526.319026
2025-04-24 17:17:36,587 - __mp_main__ - INFO - Using adjusted dimensions - hidden_dims: [160, 32, 16], coord_embed_dim: 32
2025-04-24 17:17:36,638 - spatial_moe_trainer - INFO - Multi-Ethnic Spatial MoE model initialized on cuda:0
2025-04-24 17:17:36,638 - spatial_moe_trainer - INFO - Model will predict 5 ethnicities: ['China', 'India', 'Philippines', 'Portugal', 'Sri Lanka']
2025-04-24 17:17:36,659 - __mp_main__ - INFO - Testing model forward pass before training...
2025-04-24 17:17:36,819 - __mp_main__ - INFO - Test forward pass successful. Output shape: torch.Size([64, 5])
2025-04-24 17:17:36,819 - spatial_moe_trainer - INFO - Starting multi-ethnic spatial MoE model training with learnable expert router...
2025-04-24 17:17:36,819 - spatial_moe_trainer - INFO - Using colonization_weight=4.013156586009125, jump_weight=6.0267225770136115, decline_weight=4.082643943639809, pde_weight=2.4404846319239706
2025-04-24 17:17:59,193 - spatial_moe_trainer - INFO - Epoch 1/100 - Train Loss: 1785.9376 (Col: 2117.8629, Jump: 487.5197, Decline: 210.3734, PDE: 2003.3171, Reg: 8324.5446), Eth Losses: China: 3925.3895, India: 2257.0066, Philippines: 1114.3314... (more ethnicities), Val Loss: 1541.2513, Val MAE: 14.3471, Val R2: 0.3791
2025-04-24 17:18:21,809 - spatial_moe_trainer - INFO - Epoch 2/100 - Train Loss: 1606.4985 (Col: 1887.9419, Jump: 394.5981, Decline: 403.2421, PDE: 1522.8536, Reg: 7935.7854), Eth Losses: China: 3604.1275, India: 1927.5622, Philippines: 1004.0851... (more ethnicities), Val Loss: 1499.1174, Val MAE: 14.3022, Val R2: 0.3960
2025-04-24 17:18:44,282 - spatial_moe_trainer - INFO - Epoch 3/100 - Train Loss: 1463.8942 (Col: 1655.6903, Jump: 384.3577, Decline: 659.0152, PDE: 1462.9615, Reg: 4603.0222), Eth Losses: China: 3277.3398, India: 1455.6940, Philippines: 1225.0533... (more ethnicities), Val Loss: 1466.6381, Val MAE: 14.6194, Val R2: 0.4091
2025-04-24 17:19:06,799 - spatial_moe_trainer - INFO - Epoch 4/100 - Train Loss: 1561.4181 (Col: 1724.9651, Jump: 296.0645, Decline: 930.5642, PDE: 1322.9378, Reg: 3215.4606), Eth Losses: China: 3106.6473, India: 1965.5525, Philippines: 1356.5280... (more ethnicities), Val Loss: 1580.3192, Val MAE: 15.7533, Val R2: 0.3633
2025-04-24 17:19:29,338 - spatial_moe_trainer - INFO - Epoch 5/100 - Train Loss: 1581.9583 (Col: 1713.6260, Jump: 312.3029, Decline: 1122.9786, PDE: 1416.6683, Reg: 3461.8059), Eth Losses: China: 2878.9142, India: 2012.4147, Philippines: 1524.4896... (more ethnicities), Val Loss: 1702.3470, Val MAE: 15.5639, Val R2: 0.3142
2025-04-24 17:19:51,712 - spatial_moe_trainer - INFO - Epoch 6/100 - Train Loss: 1725.2270 (Col: 1944.1248, Jump: 363.6561, Decline: 963.6309, PDE: 1603.2475, Reg: 2664.6891), Eth Losses: China: 3576.7591, India: 2040.6866, Philippines: 1509.4617... (more ethnicities), Val Loss: 1483.8955, Val MAE: 16.3823, Val R2: 0.4022
2025-04-24 17:20:14,184 - spatial_moe_trainer - INFO - Epoch 7/100 - Train Loss: 1574.9612 (Col: 1728.7260, Jump: 265.0779, Decline: 1060.5668, PDE: 1335.5310, Reg: 3245.5749), Eth Losses: China: 3165.4215, India: 1907.2252, Philippines: 1540.7945... (more ethnicities), Val Loss: 1567.3846, Val MAE: 16.5446, Val R2: 0.3685
2025-04-24 17:20:36,632 - spatial_moe_trainer - INFO - Epoch 8/100 - Train Loss: 1555.6595 (Col: 1735.7182, Jump: 301.7236, Decline: 870.4205, PDE: 1527.7524, Reg: 3235.1817), Eth Losses: China: 3316.2975, India: 1789.0602, Philippines: 1377.4572... (more ethnicities), Val Loss: 1273.5944, Val MAE: 14.6901, Val R2: 0.4869
2025-04-24 17:20:59,069 - spatial_moe_trainer - INFO - Epoch 9/100 - Train Loss: 1481.1347 (Col: 1704.8612, Jump: 272.4888, Decline: 666.6531, PDE: 1419.3808, Reg: 3280.3939), Eth Losses: China: 3168.0789, India: 1731.5286, Philippines: 1247.2793... (more ethnicities), Val Loss: 1395.5711, Val MAE: 15.1423, Val R2: 0.4378
2025-04-24 17:21:21,585 - spatial_moe_trainer - INFO - Epoch 10/100 - Train Loss: 1461.0172 (Col: 1641.2622, Jump: 225.9984, Decline: 878.2582, PDE: 1257.0469, Reg: 2605.4576), Eth Losses: China: 3071.0436, India: 1597.1482, Philippines: 1319.4255... (more ethnicities), Val Loss: 1364.1517, Val MAE: 15.8152, Val R2: 0.4504
2025-04-24 17:21:44,012 - spatial_moe_trainer - INFO - Trial pruned at epoch 11
2025-04-24 17:21:44,021 - spatial_moe_trainer - INFO - Saving metrics to ./optuna_results/trial_17/metrics
2025-04-24 17:21:44,023 - spatial_moe_trainer - INFO - Training metrics saved to ./optuna_results/trial_17/metrics/training_metrics.csv
2025-04-24 17:21:44,025 - spatial_moe_trainer - INFO - Validation metrics saved to ./optuna_results/trial_17/metrics/validation_metrics.csv
2025-04-24 17:21:44,064 - spatial_moe_trainer - INFO - Multi-Ethnic Spatial MoE model saved to ./optuna_results/trial_17/model.pt
2025-04-24 17:21:44,112 - __main__ - INFO - Trial 17 completed with value: 1273.594360
2025-04-24 17:21:44,234 - __mp_main__ - INFO - Running trial 18 on device cuda:0
2025-04-24 17:21:44,427 - __mp_main__ - INFO - Using adjusted dimensions - hidden_dims: [162, 66, 24], coord_embed_dim: 42
2025-04-24 17:21:44,478 - spatial_moe_trainer - INFO - Multi-Ethnic Spatial MoE model initialized on cuda:0
2025-04-24 17:21:44,478 - spatial_moe_trainer - INFO - Model will predict 5 ethnicities: ['China', 'India', 'Philippines', 'Portugal', 'Sri Lanka']
2025-04-24 17:21:44,499 - __mp_main__ - INFO - Testing model forward pass before training...
2025-04-24 17:21:44,662 - __mp_main__ - INFO - Test forward pass successful. Output shape: torch.Size([64, 5])
2025-04-24 17:21:44,662 - spatial_moe_trainer - INFO - Starting multi-ethnic spatial MoE model training with learnable expert router...
2025-04-24 17:21:44,662 - spatial_moe_trainer - INFO - Using colonization_weight=4.013156586009125, jump_weight=8.428747610454728, decline_weight=6.361538367632025, pde_weight=5.172326697890094
2025-04-24 17:22:07,213 - spatial_moe_trainer - INFO - Epoch 1/100 - Train Loss: 1636.0849 (Col: 1820.1519, Jump: 659.9356, Decline: 139.9169, PDE: 2743.5136, Reg: 5206.8169), Eth Losses: China: 2979.5138, India: 2205.4032, Philippines: 1258.1181... (more ethnicities), Val Loss: 1030.4775, Val MAE: 14.0612, Val R2: 0.5848
2025-04-24 17:22:29,525 - spatial_moe_trainer - INFO - Epoch 2/100 - Train Loss: 944.6183 (Col: 974.8310, Jump: 409.4547, Decline: 135.6710, PDE: 1933.4824, Reg: 4444.5192), Eth Losses: China: 1108.1864, India: 1265.1850, Philippines: 1041.8541... (more ethnicities), Val Loss: 924.6457, Val MAE: 13.7311, Val R2: 0.6275
2025-04-24 17:22:51,935 - spatial_moe_trainer - INFO - Epoch 3/100 - Train Loss: 844.6211 (Col: 852.2587, Jump: 292.7589, Decline: 135.1906, PDE: 1703.7492, Reg: 5013.0383), Eth Losses: China: 1177.4434, India: 927.2256, Philippines: 907.3737... (more ethnicities), Val Loss: 797.1156, Val MAE: 13.2362, Val R2: 0.6789
2025-04-24 17:23:14,574 - spatial_moe_trainer - INFO - Epoch 4/100 - Train Loss: 654.1991 (Col: 651.4237, Jump: 294.8256, Decline: 130.4467, PDE: 1486.8308, Reg: 4024.5467), Eth Losses: China: 733.3941, India: 769.5493, Philippines: 764.5489... (more ethnicities), Val Loss: 794.2764, Val MAE: 12.8320, Val R2: 0.6800
2025-04-24 17:23:36,980 - spatial_moe_trainer - INFO - Epoch 5/100 - Train Loss: 642.8610 (Col: 647.3643, Jump: 304.0222, Decline: 117.1973, PDE: 1391.3866, Reg: 4648.3888), Eth Losses: China: 772.5416, India: 864.2566, Philippines: 637.4356... (more ethnicities), Val Loss: 862.4960, Val MAE: 12.5928, Val R2: 0.6525
2025-04-24 17:23:59,438 - spatial_moe_trainer - INFO - Epoch 6/100 - Train Loss: 599.3499 (Col: 595.7584, Jump: 281.3246, Decline: 119.6287, PDE: 1345.4014, Reg: 3388.7557), Eth Losses: China: 1015.8103, India: 564.4882, Philippines: 605.1959... (more ethnicities), Val Loss: 613.5135, Val MAE: 11.9167, Val R2: 0.7528
2025-04-24 17:24:22,125 - spatial_moe_trainer - INFO - Epoch 7/100 - Train Loss: 503.5682 (Col: 471.3071, Jump: 247.9963, Decline: 111.5234, PDE: 1267.1364, Reg: 3327.2533), Eth Losses: China: 810.3440, India: 547.0629, Philippines: 517.5664... (more ethnicities), Val Loss: 651.8453, Val MAE: 12.0071, Val R2: 0.7374
2025-04-24 17:24:44,554 - spatial_moe_trainer - INFO - Epoch 8/100 - Train Loss: 547.3143 (Col: 547.9794, Jump: 237.6443, Decline: 95.8808, PDE: 1183.5922, Reg: 3120.3343), Eth Losses: China: 821.4795, India: 501.6352, Philippines: 609.4884... (more ethnicities), Val Loss: 570.8706, Val MAE: 12.1410, Val R2: 0.7700
2025-04-24 17:25:07,082 - spatial_moe_trainer - INFO - Epoch 9/100 - Train Loss: 464.1626 (Col: 462.2698, Jump: 206.0539, Decline: 89.9707, PDE: 1108.2065, Reg: 2347.3378), Eth Losses: China: 675.4465, India: 451.7575, Philippines: 543.2372... (more ethnicities), Val Loss: 517.7540, Val MAE: 11.0778, Val R2: 0.7914
2025-04-24 17:25:29,563 - spatial_moe_trainer - INFO - Epoch 10/100 - Train Loss: 399.2427 (Col: 363.8634, Jump: 183.0377, Decline: 88.2263, PDE: 1063.1990, Reg: 2228.7904), Eth Losses: China: 636.8896, India: 376.0179, Philippines: 475.0586... (more ethnicities), Val Loss: 535.5624, Val MAE: 11.1876, Val R2: 0.7842
2025-04-24 17:25:52,035 - spatial_moe_trainer - INFO - Epoch 11/100 - Train Loss: 445.5101 (Col: 439.0054, Jump: 197.3179, Decline: 82.0328, PDE: 1053.2574, Reg: 3005.4076), Eth Losses: China: 673.4774, India: 588.9293, Philippines: 413.8701... (more ethnicities), Val Loss: 661.6552, Val MAE: 11.5649, Val R2: 0.7334
2025-04-24 17:26:14,788 - spatial_moe_trainer - INFO - Epoch 12/100 - Train Loss: 464.0526 (Col: 457.7202, Jump: 206.0324, Decline: 80.2598, PDE: 1029.1437, Reg: 2593.8846), Eth Losses: China: 771.9209, India: 421.2674, Philippines: 434.5642... (more ethnicities), Val Loss: 522.1741, Val MAE: 10.7422, Val R2: 0.7896
2025-04-24 17:26:37,383 - spatial_moe_trainer - INFO - Epoch 13/100 - Train Loss: 426.6163 (Col: 436.6679, Jump: 191.2702, Decline: 78.3004, PDE: 919.7477, Reg: 2314.0975), Eth Losses: China: 633.6921, India: 563.4348, Philippines: 275.3898... (more ethnicities), Val Loss: 507.8213, Val MAE: 10.9004, Val R2: 0.7954
2025-04-24 17:26:59,836 - spatial_moe_trainer - INFO - Epoch 14/100 - Train Loss: 370.4675 (Col: 352.9285, Jump: 174.6692, Decline: 73.3400, PDE: 922.7282, Reg: 2480.0504), Eth Losses: China: 496.9256, India: 327.1771, Philippines: 402.4106... (more ethnicities), Val Loss: 480.9129, Val MAE: 10.6617, Val R2: 0.8063
2025-04-24 17:27:22,214 - spatial_moe_trainer - INFO - Epoch 15/100 - Train Loss: 384.2951 (Col: 385.1171, Jump: 181.4797, Decline: 71.5679, PDE: 871.3332, Reg: 1876.6025), Eth Losses: China: 506.3646, India: 371.5084, Philippines: 431.0342... (more ethnicities), Val Loss: 536.8277, Val MAE: 10.8177, Val R2: 0.7837
2025-04-24 17:27:44,681 - spatial_moe_trainer - INFO - Epoch 16/100 - Train Loss: 335.9239 (Col: 316.9151, Jump: 153.8071, Decline: 72.7296, PDE: 839.1807, Reg: 1846.1825), Eth Losses: China: 437.3838, India: 387.0607, Philippines: 371.1531... (more ethnicities), Val Loss: 504.4501, Val MAE: 10.4401, Val R2: 0.7968
2025-04-24 17:28:07,164 - spatial_moe_trainer - INFO - Epoch 17/100 - Train Loss: 346.7480 (Col: 346.5890, Jump: 155.1209, Decline: 68.2998, PDE: 794.6286, Reg: 1614.7239), Eth Losses: China: 634.4414, India: 322.5498, Philippines: 321.1119... (more ethnicities), Val Loss: 533.2814, Val MAE: 10.6786, Val R2: 0.7852
2025-04-24 17:28:29,729 - spatial_moe_trainer - INFO - Epoch 18/100 - Train Loss: 352.5608 (Col: 352.2038, Jump: 157.9743, Decline: 67.3567, PDE: 756.7087, Reg: 1676.2510), Eth Losses: China: 547.7781, India: 372.3574, Philippines: 394.2008... (more ethnicities), Val Loss: 493.8780, Val MAE: 10.5111, Val R2: 0.8010
2025-04-24 17:28:52,294 - spatial_moe_trainer - INFO - Epoch 19/100 - Train Loss: 324.5248 (Col: 323.6023, Jump: 161.6062, Decline: 64.2875, PDE: 749.9370, Reg: 1792.1995), Eth Losses: China: 507.4530, India: 364.1715, Philippines: 378.8141... (more ethnicities), Val Loss: 519.7648, Val MAE: 10.3831, Val R2: 0.7906
2025-04-24 17:29:14,764 - spatial_moe_trainer - INFO - Epoch 20/100 - Train Loss: 327.3694 (Col: 317.8800, Jump: 147.2327, Decline: 64.6285, PDE: 732.9513, Reg: 2063.4859), Eth Losses: China: 509.8421, India: 311.5242, Philippines: 261.1972... (more ethnicities), Val Loss: 555.7789, Val MAE: 10.6082, Val R2: 0.7761
2025-04-24 17:29:37,297 - spatial_moe_trainer - INFO - Epoch 21/100 - Train Loss: 278.9975 (Col: 263.9537, Jump: 144.7858, Decline: 61.5206, PDE: 727.7590, Reg: 1739.5619), Eth Losses: China: 395.9104, India: 310.1810, Philippines: 203.3720... (more ethnicities), Val Loss: 463.4587, Val MAE: 10.1861, Val R2: 0.8133
2025-04-24 17:29:59,662 - spatial_moe_trainer - INFO - Epoch 22/100 - Train Loss: 277.4636 (Col: 264.7481, Jump: 146.5689, Decline: 63.2823, PDE: 649.5912, Reg: 2135.5383), Eth Losses: China: 350.4121, India: 345.1048, Philippines: 223.0479... (more ethnicities), Val Loss: 451.9592, Val MAE: 10.3525, Val R2: 0.8179
2025-04-24 17:30:22,129 - spatial_moe_trainer - INFO - Epoch 23/100 - Train Loss: 286.2449 (Col: 280.3163, Jump: 146.6133, Decline: 62.7874, PDE: 656.6625, Reg: 1183.6555), Eth Losses: China: 387.3694, India: 359.3891, Philippines: 344.7931... (more ethnicities), Val Loss: 472.4113, Val MAE: 10.2727, Val R2: 0.8097
2025-04-24 17:30:44,627 - spatial_moe_trainer - INFO - Epoch 24/100 - Train Loss: 258.7397 (Col: 250.6534, Jump: 142.7949, Decline: 61.4273, PDE: 615.5100, Reg: 1341.5131), Eth Losses: China: 387.9218, India: 234.4455, Philippines: 209.5707... (more ethnicities), Val Loss: 494.2748, Val MAE: 10.2618, Val R2: 0.8009
2025-04-24 17:31:07,104 - spatial_moe_trainer - INFO - Epoch 25/100 - Train Loss: 255.2311 (Col: 234.7080, Jump: 137.6884, Decline: 61.9566, PDE: 647.9454, Reg: 1611.8051), Eth Losses: China: 382.7484, India: 284.4444, Philippines: 229.3407... (more ethnicities), Val Loss: 496.0379, Val MAE: 10.3604, Val R2: 0.8002
2025-04-24 17:31:29,612 - spatial_moe_trainer - INFO - Epoch 26/100 - Train Loss: 232.7497 (Col: 218.0424, Jump: 148.7265, Decline: 57.8735, PDE: 617.3402, Reg: 1565.9243), Eth Losses: China: 327.3769, India: 290.5005, Philippines: 157.4193... (more ethnicities), Val Loss: 512.8509, Val MAE: 10.1856, Val R2: 0.7934
2025-04-24 17:31:51,903 - spatial_moe_trainer - INFO - Epoch 27/100 - Train Loss: 227.0217 (Col: 203.7996, Jump: 129.3198, Decline: 61.0393, PDE: 648.6864, Reg: 1484.2915), Eth Losses: China: 379.4259, India: 228.5309, Philippines: 165.1418... (more ethnicities), Val Loss: 464.9417, Val MAE: 10.2649, Val R2: 0.8127
2025-04-24 17:32:14,523 - spatial_moe_trainer - INFO - Epoch 28/100 - Train Loss: 222.7258 (Col: 198.5436, Jump: 135.5247, Decline: 60.1868, PDE: 630.0640, Reg: 1412.2591), Eth Losses: China: 279.6826, India: 250.8136, Philippines: 268.1263... (more ethnicities), Val Loss: 452.1244, Val MAE: 10.1135, Val R2: 0.8179
2025-04-24 17:32:37,040 - spatial_moe_trainer - INFO - Epoch 29/100 - Train Loss: 190.7443 (Col: 164.5666, Jump: 169.1203, Decline: 56.5275, PDE: 551.2149, Reg: 1611.7773), Eth Losses: China: 296.5392, India: 194.8140, Philippines: 138.9686... (more ethnicities), Val Loss: 457.6846, Val MAE: 10.0457, Val R2: 0.8156
2025-04-24 17:32:59,466 - spatial_moe_trainer - INFO - Epoch 30/100 - Train Loss: 198.8018 (Col: 177.0101, Jump: 129.3800, Decline: 53.3710, PDE: 552.5804, Reg: 1533.8619), Eth Losses: China: 274.3454, India: 242.7199, Philippines: 186.0088... (more ethnicities), Val Loss: 454.2599, Val MAE: 10.0613, Val R2: 0.8170
2025-04-24 17:33:21,970 - spatial_moe_trainer - INFO - Epoch 31/100 - Train Loss: 190.4211 (Col: 163.2099, Jump: 145.2078, Decline: 59.1478, PDE: 559.2586, Reg: 1350.6837), Eth Losses: China: 280.1064, India: 189.9751, Philippines: 152.4605... (more ethnicities), Val Loss: 444.5974, Val MAE: 9.9986, Val R2: 0.8209
2025-04-24 17:33:44,526 - spatial_moe_trainer - INFO - Epoch 32/100 - Train Loss: 218.9560 (Col: 206.3292, Jump: 145.7463, Decline: 56.2125, PDE: 545.5368, Reg: 1319.0303), Eth Losses: China: 353.1505, India: 284.1502, Philippines: 193.9860... (more ethnicities), Val Loss: 478.9699, Val MAE: 10.1204, Val R2: 0.8070
2025-04-24 17:34:07,016 - spatial_moe_trainer - INFO - Epoch 33/100 - Train Loss: 197.3225 (Col: 176.7587, Jump: 133.5372, Decline: 54.2678, PDE: 533.3863, Reg: 1435.2292), Eth Losses: China: 301.6716, India: 195.5828, Philippines: 129.7737... (more ethnicities), Val Loss: 463.2055, Val MAE: 10.1116, Val R2: 0.8134
2025-04-24 17:34:29,584 - spatial_moe_trainer - INFO - Epoch 34/100 - Train Loss: 199.5933 (Col: 182.6246, Jump: 125.6710, Decline: 54.9181, PDE: 527.8625, Reg: 1446.3319), Eth Losses: China: 276.4552, India: 235.6190, Philippines: 202.8583... (more ethnicities), Val Loss: 454.2009, Val MAE: 9.9973, Val R2: 0.8170
2025-04-24 17:34:52,147 - spatial_moe_trainer - INFO - Epoch 35/100 - Train Loss: 191.8929 (Col: 174.6124, Jump: 131.0002, Decline: 52.3804, PDE: 524.2317, Reg: 1330.8380), Eth Losses: China: 288.2954, India: 200.6285, Philippines: 146.4360... (more ethnicities), Val Loss: 466.2496, Val MAE: 10.0844, Val R2: 0.8122
2025-04-24 17:35:14,675 - spatial_moe_trainer - INFO - Epoch 36/100 - Train Loss: 177.8362 (Col: 153.6476, Jump: 128.8658, Decline: 52.2533, PDE: 516.9871, Reg: 1268.5632), Eth Losses: China: 258.2257, India: 195.4403, Philippines: 144.4410... (more ethnicities), Val Loss: 470.3340, Val MAE: 10.0849, Val R2: 0.8105
2025-04-24 17:35:37,258 - spatial_moe_trainer - INFO - Epoch 37/100 - Train Loss: 190.2605 (Col: 169.8451, Jump: 117.3611, Decline: 51.7166, PDE: 535.8072, Reg: 1264.1455), Eth Losses: China: 294.2011, India: 186.5625, Philippines: 136.5013... (more ethnicities), Val Loss: 468.7539, Val MAE: 10.0923, Val R2: 0.8112
2025-04-24 17:35:59,953 - spatial_moe_trainer - INFO - Epoch 38/100 - Train Loss: 195.0174 (Col: 176.9352, Jump: 132.9830, Decline: 54.1297, PDE: 521.8245, Reg: 1235.3322), Eth Losses: China: 300.3324, India: 199.0582, Philippines: 198.0428... (more ethnicities), Val Loss: 458.9651, Val MAE: 9.9221, Val R2: 0.8151
2025-04-24 17:36:22,468 - spatial_moe_trainer - INFO - Epoch 39/100 - Train Loss: 175.2788 (Col: 148.0046, Jump: 117.5620, Decline: 51.9618, PDE: 520.5367, Reg: 1258.5353), Eth Losses: China: 245.7862, India: 204.2750, Philippines: 142.0569... (more ethnicities), Val Loss: 457.3504, Val MAE: 9.9537, Val R2: 0.8157
2025-04-24 17:36:44,901 - spatial_moe_trainer - INFO - Epoch 40/100 - Train Loss: 171.7007 (Col: 145.1887, Jump: 126.2880, Decline: 52.1402, PDE: 493.1138, Reg: 1230.8995), Eth Losses: China: 259.1324, India: 197.6388, Philippines: 132.2663... (more ethnicities), Val Loss: 466.6683, Val MAE: 10.0161, Val R2: 0.8120
2025-04-24 17:37:07,510 - spatial_moe_trainer - INFO - Epoch 41/100 - Train Loss: 179.5922 (Col: 158.9417, Jump: 134.6415, Decline: 52.4738, PDE: 512.0842, Reg: 1211.3279), Eth Losses: China: 289.5247, India: 177.5448, Philippines: 177.5555... (more ethnicities), Val Loss: 462.1407, Val MAE: 10.0311, Val R2: 0.8138
2025-04-24 17:37:07,510 - spatial_moe_trainer - INFO - Early stopping at epoch 41
2025-04-24 17:37:07,526 - spatial_moe_trainer - INFO - Saving metrics to ./optuna_results/trial_18/metrics
2025-04-24 17:37:07,529 - spatial_moe_trainer - INFO - Training metrics saved to ./optuna_results/trial_18/metrics/training_metrics.csv
2025-04-24 17:37:07,532 - spatial_moe_trainer - INFO - Validation metrics saved to ./optuna_results/trial_18/metrics/validation_metrics.csv
2025-04-24 17:37:07,571 - spatial_moe_trainer - INFO - Multi-Ethnic Spatial MoE model saved to ./optuna_results/trial_18/model.pt
2025-04-24 17:37:07,604 - __mp_main__ - INFO - Running trial 19 on device cuda:0
2025-04-24 17:37:07,619 - __main__ - INFO - Trial 18 completed with value: 444.597411
2025-04-24 17:37:07,800 - __mp_main__ - INFO - Using adjusted dimensions - hidden_dims: [168, 66, 24], coord_embed_dim: 48
2025-04-24 17:37:07,851 - spatial_moe_trainer - INFO - Multi-Ethnic Spatial MoE model initialized on cuda:0
2025-04-24 17:37:07,851 - spatial_moe_trainer - INFO - Model will predict 5 ethnicities: ['China', 'India', 'Philippines', 'Portugal', 'Sri Lanka']
2025-04-24 17:37:07,871 - __mp_main__ - INFO - Testing model forward pass before training...
2025-04-24 17:37:08,030 - __mp_main__ - INFO - Test forward pass successful. Output shape: torch.Size([64, 5])
2025-04-24 17:37:08,031 - spatial_moe_trainer - INFO - Starting multi-ethnic spatial MoE model training with learnable expert router...
2025-04-24 17:37:08,031 - spatial_moe_trainer - INFO - Using colonization_weight=5.189528738756277, jump_weight=6.0267225770136115, decline_weight=6.667429976394483, pde_weight=5.172326697890094
2025-04-24 17:37:30,560 - spatial_moe_trainer - INFO - Epoch 1/100 - Train Loss: 1626.7882 (Col: 1786.1582, Jump: 576.4058, Decline: 123.4257, PDE: 2751.1180, Reg: 3992.1823), Eth Losses: China: 2756.8550, India: 2266.2913, Philippines: 1212.1893... (more ethnicities), Val Loss: 1150.5821, Val MAE: 14.4526, Val R2: 0.5365
2025-04-24 17:37:53,009 - spatial_moe_trainer - INFO - Epoch 2/100 - Train Loss: 1048.1476 (Col: 1107.4406, Jump: 386.0581, Decline: 99.7539, PDE: 2006.8014, Reg: 6397.1629), Eth Losses: China: 1199.4579, India: 1656.8367, Philippines: 902.7196... (more ethnicities), Val Loss: 909.9574, Val MAE: 13.2145, Val R2: 0.6334
2025-04-24 17:38:15,750 - spatial_moe_trainer - INFO - Epoch 3/100 - Train Loss: 839.8442 (Col: 850.0567, Jump: 334.4441, Decline: 97.0797, PDE: 1730.5160, Reg: 5198.0349), Eth Losses: China: 889.0581, India: 1088.7723, Philippines: 837.5832... (more ethnicities), Val Loss: 821.8649, Val MAE: 13.0718, Val R2: 0.6689
2025-04-24 17:38:38,389 - spatial_moe_trainer - INFO - Epoch 4/100 - Train Loss: 697.4876 (Col: 693.3603, Jump: 316.3477, Decline: 97.0618, PDE: 1591.2452, Reg: 4656.7416), Eth Losses: China: 890.3783, India: 702.5880, Philippines: 601.0489... (more ethnicities), Val Loss: 683.0544, Val MAE: 12.2880, Val R2: 0.7248
2025-04-24 17:39:01,142 - spatial_moe_trainer - INFO - Epoch 5/100 - Train Loss: 555.0933 (Col: 515.6093, Jump: 267.9271, Decline: 98.2938, PDE: 1415.1057, Reg: 4394.4753), Eth Losses: China: 666.8872, India: 495.1522, Philippines: 460.8229... (more ethnicities), Val Loss: 636.5693, Val MAE: 12.2495, Val R2: 0.7435
2025-04-24 17:39:23,710 - spatial_moe_trainer - INFO - Epoch 6/100 - Train Loss: 592.0090 (Col: 581.4106, Jump: 262.7404, Decline: 91.1336, PDE: 1383.9225, Reg: 3263.6441), Eth Losses: China: 813.5344, India: 647.7301, Philippines: 516.8527... (more ethnicities), Val Loss: 670.4069, Val MAE: 12.0695, Val R2: 0.7299
2025-04-24 17:39:46,265 - spatial_moe_trainer - INFO - Epoch 7/100 - Train Loss: 520.3171 (Col: 503.5330, Jump: 231.2637, Decline: 86.8671, PDE: 1296.0755, Reg: 2840.1024), Eth Losses: China: 696.0986, India: 514.6149, Philippines: 406.4343... (more ethnicities), Val Loss: 594.1251, Val MAE: 11.4640, Val R2: 0.7606
2025-04-24 17:40:08,800 - spatial_moe_trainer - INFO - Epoch 8/100 - Train Loss: 482.9131 (Col: 454.6023, Jump: 231.9913, Decline: 86.5313, PDE: 1241.9750, Reg: 3550.8978), Eth Losses: China: 697.7106, India: 511.1027, Philippines: 339.4409... (more ethnicities), Val Loss: 617.3121, Val MAE: 11.4575, Val R2: 0.7513
2025-04-24 17:40:31,107 - spatial_moe_trainer - INFO - Epoch 9/100 - Train Loss: 478.7870 (Col: 460.3542, Jump: 221.7782, Decline: 83.7406, PDE: 1161.5853, Reg: 2967.0451), Eth Losses: China: 862.2223, India: 369.8798, Philippines: 338.0953... (more ethnicities), Val Loss: 684.1002, Val MAE: 11.7008, Val R2: 0.7244
2025-04-24 17:40:53,761 - spatial_moe_trainer - INFO - Epoch 10/100 - Train Loss: 429.3000 (Col: 399.4795, Jump: 200.7255, Decline: 86.9981, PDE: 1089.1551, Reg: 3472.8341), Eth Losses: China: 678.0414, India: 425.0371, Philippines: 337.2940... (more ethnicities), Val Loss: 546.5120, Val MAE: 10.9925, Val R2: 0.7798
2025-04-24 17:41:16,294 - spatial_moe_trainer - INFO - Epoch 11/100 - Train Loss: 418.1125 (Col: 395.6052, Jump: 211.3370, Decline: 80.1859, PDE: 1037.7320, Reg: 2464.2236), Eth Losses: China: 703.5549, India: 381.4555, Philippines: 305.9113... (more ethnicities), Val Loss: 626.7657, Val MAE: 11.5729, Val R2: 0.7475
2025-04-24 17:41:38,893 - spatial_moe_trainer - INFO - Epoch 12/100 - Train Loss: 502.5193 (Col: 516.8948, Jump: 219.0531, Decline: 80.0063, PDE: 1034.8034, Reg: 2210.6779), Eth Losses: China: 1057.5314, India: 504.8100, Philippines: 329.5673... (more ethnicities), Val Loss: 526.8483, Val MAE: 10.7523, Val R2: 0.7877
2025-04-24 17:42:01,371 - spatial_moe_trainer - INFO - Epoch 13/100 - Train Loss: 426.4567 (Col: 417.6967, Jump: 203.0670, Decline: 71.7211, PDE: 968.0091, Reg: 2655.3376), Eth Losses: China: 592.6246, India: 489.1466, Philippines: 317.3708... (more ethnicities), Val Loss: 581.8547, Val MAE: 11.4107, Val R2: 0.7656
2025-04-24 17:42:23,843 - spatial_moe_trainer - INFO - Epoch 14/100 - Train Loss: 485.9731 (Col: 513.1774, Jump: 182.4194, Decline: 73.2471, PDE: 906.0639, Reg: 2295.4950), Eth Losses: China: 741.9321, India: 644.6728, Philippines: 311.4724... (more ethnicities), Val Loss: 523.9814, Val MAE: 10.8166, Val R2: 0.7889
2025-04-24 17:42:46,327 - spatial_moe_trainer - INFO - Epoch 15/100 - Train Loss: 375.9671 (Col: 363.1871, Jump: 178.7022, Decline: 67.1697, PDE: 890.9071, Reg: 2231.9368), Eth Losses: China: 620.4311, India: 364.1468, Philippines: 246.4197... (more ethnicities), Val Loss: 479.5172, Val MAE: 10.4940, Val R2: 0.8068
2025-04-24 17:43:08,963 - spatial_moe_trainer - INFO - Epoch 16/100 - Train Loss: 367.7460 (Col: 354.7411, Jump: 172.7728, Decline: 67.5145, PDE: 882.7011, Reg: 2345.7905), Eth Losses: China: 414.6008, India: 382.0998, Philippines: 448.1708... (more ethnicities), Val Loss: 472.9280, Val MAE: 10.4250, Val R2: 0.8095
2025-04-24 17:43:31,834 - spatial_moe_trainer - INFO - Epoch 17/100 - Train Loss: 334.2025 (Col: 316.0281, Jump: 166.8318, Decline: 63.5033, PDE: 802.7698, Reg: 2559.9453), Eth Losses: China: 439.7290, India: 296.5327, Philippines: 363.6700... (more ethnicities), Val Loss: 507.8831, Val MAE: 10.6443, Val R2: 0.7954
2025-04-24 17:43:54,443 - spatial_moe_trainer - INFO - Epoch 18/100 - Train Loss: 347.8153 (Col: 346.6092, Jump: 176.6957, Decline: 66.0045, PDE: 755.1935, Reg: 2705.4903), Eth Losses: China: 440.7230, India: 301.5581, Philippines: 430.1283... (more ethnicities), Val Loss: 524.5109, Val MAE: 10.4187, Val R2: 0.7887
2025-04-24 17:44:16,999 - spatial_moe_trainer - INFO - Epoch 19/100 - Train Loss: 337.7232 (Col: 325.5289, Jump: 142.9782, Decline: 65.2393, PDE: 764.4726, Reg: 2526.8318), Eth Losses: China: 552.3315, India: 281.9960, Philippines: 381.3642... (more ethnicities), Val Loss: 528.1537, Val MAE: 10.6487, Val R2: 0.7872
2025-04-24 17:44:39,509 - spatial_moe_trainer - INFO - Epoch 20/100 - Train Loss: 328.4767 (Col: 319.7407, Jump: 148.1961, Decline: 74.1535, PDE: 730.2549, Reg: 2502.8561), Eth Losses: China: 478.1017, India: 359.2616, Philippines: 321.0111... (more ethnicities), Val Loss: 473.0269, Val MAE: 10.2154, Val R2: 0.8094
2025-04-24 17:45:01,933 - spatial_moe_trainer - INFO - Epoch 21/100 - Train Loss: 354.3929 (Col: 351.3624, Jump: 159.0574, Decline: 71.4635, PDE: 712.0907, Reg: 2693.9250), Eth Losses: China: 692.0259, India: 340.7049, Philippines: 241.3307... (more ethnicities), Val Loss: 575.4200, Val MAE: 10.5267, Val R2: 0.7682
2025-04-24 17:45:24,495 - spatial_moe_trainer - INFO - Epoch 22/100 - Train Loss: 354.2373 (Col: 337.4173, Jump: 165.1564, Decline: 85.0433, PDE: 722.6465, Reg: 2543.2686), Eth Losses: China: 459.2596, India: 292.9804, Philippines: 414.3213... (more ethnicities), Val Loss: 530.9891, Val MAE: 10.3478, Val R2: 0.7861
2025-04-24 17:45:47,073 - spatial_moe_trainer - INFO - Epoch 23/100 - Train Loss: 317.2616 (Col: 300.7915, Jump: 134.5202, Decline: 92.0551, PDE: 701.7687, Reg: 2160.0302), Eth Losses: China: 337.3079, India: 433.1210, Philippines: 281.8381... (more ethnicities), Val Loss: 504.5141, Val MAE: 10.3890, Val R2: 0.7967
2025-04-24 17:46:09,702 - spatial_moe_trainer - INFO - Epoch 24/100 - Train Loss: 258.6426 (Col: 220.0869, Jump: 136.6032, Decline: 87.5195, PDE: 698.2307, Reg: 3221.5835), Eth Losses: China: 400.2778, India: 257.7488, Philippines: 166.7187... (more ethnicities), Val Loss: 497.2117, Val MAE: 10.3415, Val R2: 0.7997
2025-04-24 17:46:32,042 - spatial_moe_trainer - INFO - Epoch 25/100 - Train Loss: 251.4426 (Col: 208.7488, Jump: 140.4027, Decline: 100.5978, PDE: 648.9585, Reg: 3238.7736), Eth Losses: China: 386.5422, India: 206.2751, Philippines: 173.6505... (more ethnicities), Val Loss: 490.4046, Val MAE: 10.3411, Val R2: 0.8024
2025-04-24 17:46:54,512 - spatial_moe_trainer - INFO - Epoch 26/100 - Train Loss: 238.8123 (Col: 193.0010, Jump: 143.3340, Decline: 105.3144, PDE: 661.1343, Reg: 3216.5990), Eth Losses: China: 337.1249, India: 241.5370, Philippines: 145.2639... (more ethnicities), Val Loss: 489.6158, Val MAE: 10.3732, Val R2: 0.8027
2025-04-24 17:46:54,512 - spatial_moe_trainer - INFO - Early stopping at epoch 26
2025-04-24 17:46:54,528 - spatial_moe_trainer - INFO - Saving metrics to ./optuna_results/trial_19/metrics
2025-04-24 17:46:54,530 - spatial_moe_trainer - INFO - Training metrics saved to ./optuna_results/trial_19/metrics/training_metrics.csv
2025-04-24 17:46:54,532 - spatial_moe_trainer - INFO - Validation metrics saved to ./optuna_results/trial_19/metrics/validation_metrics.csv
2025-04-24 17:46:54,572 - spatial_moe_trainer - INFO - Multi-Ethnic Spatial MoE model saved to ./optuna_results/trial_19/model.pt
2025-04-24 17:46:54,605 - __mp_main__ - INFO - Running trial 20 on device cuda:0
2025-04-24 17:46:54,621 - __main__ - INFO - Trial 19 completed with value: 472.927960
2025-04-24 17:46:54,802 - __mp_main__ - INFO - Using adjusted dimensions - hidden_dims: [96, 66, 24], coord_embed_dim: 48
2025-04-24 17:46:54,849 - spatial_moe_trainer - INFO - Multi-Ethnic Spatial MoE model initialized on cuda:0
2025-04-24 17:46:54,850 - spatial_moe_trainer - INFO - Model will predict 5 ethnicities: ['China', 'India', 'Philippines', 'Portugal', 'Sri Lanka']
2025-04-24 17:46:54,870 - __mp_main__ - INFO - Testing model forward pass before training...
2025-04-24 17:46:55,038 - __mp_main__ - INFO - Test forward pass successful. Output shape: torch.Size([64, 5])
2025-04-24 17:46:55,038 - spatial_moe_trainer - INFO - Starting multi-ethnic spatial MoE model training with learnable expert router...
2025-04-24 17:46:55,039 - spatial_moe_trainer - INFO - Using colonization_weight=4.954585329940597, jump_weight=4.6650256298244726, decline_weight=9.816035566193719, pde_weight=7.604698094384849
2025-04-24 17:47:17,636 - spatial_moe_trainer - INFO - Epoch 1/100 - Train Loss: 1737.1738 (Col: 2024.9227, Jump: 568.2219, Decline: 84.0047, PDE: 2266.2228, Reg: 3059.1469), Eth Losses: China: 3383.2107, India: 2162.3731, Philippines: 1281.0263... (more ethnicities), Val Loss: 1213.6825, Val MAE: 13.9480, Val R2: 0.5110
2025-04-24 17:47:40,139 - spatial_moe_trainer - INFO - Epoch 2/100 - Train Loss: 1172.9049 (Col: 1304.5537, Jump: 398.5305, Decline: 71.5159, PDE: 1634.2856, Reg: 6290.0296), Eth Losses: China: 1683.8476, India: 1588.7104, Philippines: 1120.2283... (more ethnicities), Val Loss: 930.9036, Val MAE: 13.3555, Val R2: 0.6250
2025-04-24 17:48:02,619 - spatial_moe_trainer - INFO - Epoch 3/100 - Train Loss: 812.1637 (Col: 824.3562, Jump: 379.4082, Decline: 68.3610, PDE: 1503.6097, Reg: 3983.3154), Eth Losses: China: 925.8615, India: 918.1332, Philippines: 991.2178... (more ethnicities), Val Loss: 891.1419, Val MAE: 12.9300, Val R2: 0.6410
2025-04-24 17:48:25,182 - spatial_moe_trainer - INFO - Epoch 4/100 - Train Loss: 744.5793 (Col: 758.5553, Jump: 326.8883, Decline: 68.6877, PDE: 1450.0384, Reg: 4361.6595), Eth Losses: China: 1113.4529, India: 638.4538, Philippines: 971.2607... (more ethnicities), Val Loss: 828.4296, Val MAE: 12.6731, Val R2: 0.6662
2025-04-24 17:48:47,612 - spatial_moe_trainer - INFO - Epoch 5/100 - Train Loss: 682.9145 (Col: 685.0359, Jump: 325.6706, Decline: 73.1232, PDE: 1301.1770, Reg: 4387.1303), Eth Losses: China: 834.3265, India: 902.5690, Philippines: 760.4155... (more ethnicities), Val Loss: 835.3683, Val MAE: 12.8191, Val R2: 0.6635
2025-04-24 17:49:10,112 - spatial_moe_trainer - INFO - Epoch 6/100 - Train Loss: 563.6553 (Col: 541.3606, Jump: 313.9378, Decline: 72.3027, PDE: 1285.7393, Reg: 3576.7369), Eth Losses: China: 859.7814, India: 405.3177, Philippines: 668.4307... (more ethnicities), Val Loss: 686.2581, Val MAE: 12.1193, Val R2: 0.7235
2025-04-24 17:49:32,582 - spatial_moe_trainer - INFO - Epoch 7/100 - Train Loss: 513.1062 (Col: 484.0337, Jump: 352.3900, Decline: 74.2715, PDE: 1208.8222, Reg: 3247.1261), Eth Losses: China: 629.7203, India: 450.6919, Philippines: 649.3946... (more ethnicities), Val Loss: 682.6595, Val MAE: 12.0328, Val R2: 0.7250
2025-04-24 17:49:55,047 - spatial_moe_trainer - INFO - Epoch 8/100 - Train Loss: 509.1577 (Col: 477.3249, Jump: 312.1252, Decline: 69.2885, PDE: 1164.3230, Reg: 3406.4187), Eth Losses: China: 713.8612, India: 471.1301, Philippines: 638.4777... (more ethnicities), Val Loss: 725.3526, Val MAE: 11.8176, Val R2: 0.7078
2025-04-24 17:50:17,506 - spatial_moe_trainer - INFO - Epoch 9/100 - Train Loss: 473.0123 (Col: 436.7748, Jump: 259.7904, Decline: 74.5537, PDE: 1101.0802, Reg: 3636.6240), Eth Losses: China: 754.1264, India: 346.8506, Philippines: 579.5419... (more ethnicities), Val Loss: 719.0828, Val MAE: 11.9938, Val R2: 0.7103
2025-04-24 17:50:39,953 - spatial_moe_trainer - INFO - Epoch 10/100 - Train Loss: 505.8385 (Col: 478.3090, Jump: 232.4864, Decline: 68.5844, PDE: 1081.4335, Reg: 3770.6558), Eth Losses: China: 685.8608, India: 621.2290, Philippines: 536.3099... (more ethnicities), Val Loss: 646.1910, Val MAE: 11.9020, Val R2: 0.7397
2025-04-24 17:51:02,352 - spatial_moe_trainer - INFO - Epoch 11/100 - Train Loss: 423.4747 (Col: 377.3250, Jump: 236.9084, Decline: 77.8385, PDE: 1047.8868, Reg: 3306.2490), Eth Losses: China: 509.3699, India: 468.8564, Philippines: 527.4901... (more ethnicities), Val Loss: 677.0406, Val MAE: 11.5952, Val R2: 0.7272
2025-04-24 17:51:24,887 - spatial_moe_trainer - INFO - Epoch 12/100 - Train Loss: 405.9910 (Col: 366.7876, Jump: 270.1607, Decline: 76.6828, PDE: 941.9685, Reg: 3405.2621), Eth Losses: China: 562.0028, India: 401.5623, Philippines: 578.4306... (more ethnicities), Val Loss: 642.3604, Val MAE: 11.3174, Val R2: 0.7412
2025-04-24 17:51:47,205 - spatial_moe_trainer - INFO - Epoch 13/100 - Train Loss: 462.9981 (Col: 461.0728, Jump: 209.5525, Decline: 66.1618, PDE: 916.8127, Reg: 3363.7151), Eth Losses: China: 531.4501, India: 527.3479, Philippines: 548.4987... (more ethnicities), Val Loss: 614.8568, Val MAE: 11.3694, Val R2: 0.7523
2025-04-24 17:52:09,720 - spatial_moe_trainer - INFO - Epoch 14/100 - Train Loss: 395.0043 (Col: 362.9087, Jump: 242.2621, Decline: 70.2166, PDE: 875.2618, Reg: 2775.0917), Eth Losses: China: 510.0743, India: 324.3488, Philippines: 496.9445... (more ethnicities), Val Loss: 557.7189, Val MAE: 10.9591, Val R2: 0.7753
2025-04-24 17:52:32,204 - spatial_moe_trainer - INFO - Epoch 15/100 - Train Loss: 330.8605 (Col: 283.1549, Jump: 225.0223, Decline: 69.2936, PDE: 843.8195, Reg: 2685.9356), Eth Losses: China: 403.4914, India: 416.1180, Philippines: 418.3551... (more ethnicities), Val Loss: 645.2101, Val MAE: 11.1684, Val R2: 0.7401
2025-04-24 17:52:54,591 - spatial_moe_trainer - INFO - Epoch 16/100 - Train Loss: 328.9156 (Col: 283.2579, Jump: 209.2027, Decline: 88.4145, PDE: 817.1695, Reg: 3052.3541), Eth Losses: China: 430.8601, India: 314.6542, Philippines: 380.7547... (more ethnicities), Val Loss: 577.7156, Val MAE: 11.0888, Val R2: 0.7673
2025-04-24 17:53:17,056 - spatial_moe_trainer - INFO - Epoch 17/100 - Train Loss: 352.2117 (Col: 310.5896, Jump: 185.5065, Decline: 80.0462, PDE: 838.9240, Reg: 2905.5069), Eth Losses: China: 515.0242, India: 377.7662, Philippines: 439.5254... (more ethnicities), Val Loss: 577.2222, Val MAE: 10.9128, Val R2: 0.7675
2025-04-24 17:53:39,538 - spatial_moe_trainer - INFO - Epoch 18/100 - Train Loss: 349.8560 (Col: 293.3994, Jump: 201.2973, Decline: 105.0859, PDE: 914.4428, Reg: 3370.6533), Eth Losses: China: 457.9793, India: 354.6605, Philippines: 526.0652... (more ethnicities), Val Loss: 690.6466, Val MAE: 11.5016, Val R2: 0.7218
2025-04-24 17:54:02,068 - spatial_moe_trainer - INFO - Epoch 19/100 - Train Loss: 387.6332 (Col: 330.7493, Jump: 179.3520, Decline: 115.0162, PDE: 958.1190, Reg: 2681.2827), Eth Losses: China: 523.3718, India: 441.3768, Philippines: 514.6337... (more ethnicities), Val Loss: 638.7229, Val MAE: 11.3454, Val R2: 0.7427
2025-04-24 17:54:24,495 - spatial_moe_trainer - INFO - Epoch 20/100 - Train Loss: 333.6415 (Col: 286.3819, Jump: 181.1371, Decline: 111.7924, PDE: 829.9593, Reg: 2568.9436), Eth Losses: China: 390.4952, India: 359.0314, Philippines: 510.5407... (more ethnicities), Val Loss: 584.0443, Val MAE: 10.8201, Val R2: 0.7647
2025-04-24 17:54:46,966 - spatial_moe_trainer - INFO - Epoch 21/100 - Train Loss: 298.0489 (Col: 252.1118, Jump: 195.8882, Decline: 100.6961, PDE: 790.7323, Reg: 1930.9830), Eth Losses: China: 387.6975, India: 291.1525, Philippines: 424.1088... (more ethnicities), Val Loss: 561.0007, Val MAE: 10.6590, Val R2: 0.7740
2025-04-24 17:55:09,342 - spatial_moe_trainer - INFO - Epoch 22/100 - Train Loss: 299.2331 (Col: 247.7194, Jump: 195.1559, Decline: 102.1988, PDE: 775.7105, Reg: 2188.0034), Eth Losses: China: 413.1209, India: 275.4808, Philippines: 408.8533... (more ethnicities), Val Loss: 580.2141, Val MAE: 10.6786, Val R2: 0.7662
2025-04-24 17:55:31,887 - spatial_moe_trainer - INFO - Epoch 23/100 - Train Loss: 284.7448 (Col: 241.2988, Jump: 209.1566, Decline: 113.1462, PDE: 702.2169, Reg: 1812.7966), Eth Losses: China: 381.6575, India: 319.5384, Philippines: 388.5205... (more ethnicities), Val Loss: 549.8294, Val MAE: 10.5514, Val R2: 0.7785
2025-04-24 17:55:54,398 - spatial_moe_trainer - INFO - Epoch 24/100 - Train Loss: 255.3146 (Col: 204.5913, Jump: 180.8337, Decline: 129.7004, PDE: 705.7405, Reg: 1741.8430), Eth Losses: China: 272.1237, India: 307.6558, Philippines: 387.3374... (more ethnicities), Val Loss: 530.0964, Val MAE: 10.5148, Val R2: 0.7864
2025-04-24 17:56:16,961 - spatial_moe_trainer - INFO - Epoch 25/100 - Train Loss: 258.7844 (Col: 184.6116, Jump: 184.5787, Decline: 158.7654, PDE: 778.7606, Reg: 1940.8925), Eth Losses: China: 273.3387, India: 317.2154, Philippines: 421.0942... (more ethnicities), Val Loss: 537.6806, Val MAE: 10.5147, Val R2: 0.7834
2025-04-24 17:56:39,419 - spatial_moe_trainer - INFO - Epoch 26/100 - Train Loss: 284.5141 (Col: 220.6230, Jump: 190.7177, Decline: 171.8289, PDE: 744.3772, Reg: 1845.7356), Eth Losses: China: 349.6992, India: 326.2983, Philippines: 417.2256... (more ethnicities), Val Loss: 560.8836, Val MAE: 10.5664, Val R2: 0.7740
2025-04-24 17:57:01,785 - spatial_moe_trainer - INFO - Epoch 27/100 - Train Loss: 253.3659 (Col: 178.6247, Jump: 193.0729, Decline: 207.3350, PDE: 720.2255, Reg: 1901.3962), Eth Losses: China: 258.5533, India: 315.8530, Philippines: 416.4340... (more ethnicities), Val Loss: 536.2006, Val MAE: 10.5987, Val R2: 0.7840
2025-04-24 17:57:24,164 - spatial_moe_trainer - INFO - Epoch 28/100 - Train Loss: 278.1782 (Col: 192.5143, Jump: 189.9817, Decline: 251.0321, PDE: 787.0521, Reg: 1930.8371), Eth Losses: China: 306.4785, India: 388.5967, Philippines: 464.7768... (more ethnicities), Val Loss: 533.9820, Val MAE: 10.7438, Val R2: 0.7849
2025-04-24 17:57:46,643 - spatial_moe_trainer - INFO - Epoch 29/100 - Train Loss: 286.8502 (Col: 186.0248, Jump: 183.0984, Decline: 290.6275, PDE: 828.8940, Reg: 2100.7983), Eth Losses: China: 287.9992, India: 369.7817, Philippines: 527.1893... (more ethnicities), Val Loss: 536.5458, Val MAE: 10.7805, Val R2: 0.7838
2025-04-24 17:58:09,065 - spatial_moe_trainer - INFO - Epoch 30/100 - Train Loss: 299.8028 (Col: 197.6802, Jump: 184.4142, Decline: 315.0363, PDE: 866.4847, Reg: 2180.7370), Eth Losses: China: 330.1727, India: 368.3189, Philippines: 536.4231... (more ethnicities), Val Loss: 562.4472, Val MAE: 10.9544, Val R2: 0.7734
2025-04-24 17:58:31,462 - spatial_moe_trainer - INFO - Epoch 31/100 - Train Loss: 277.7181 (Col: 172.2543, Jump: 201.8589, Decline: 326.5184, PDE: 803.5941, Reg: 2102.9225), Eth Losses: China: 242.5421, India: 398.1446, Philippines: 508.1341... (more ethnicities), Val Loss: 553.1820, Val MAE: 10.8448, Val R2: 0.7771
2025-04-24 17:58:53,970 - spatial_moe_trainer - INFO - Epoch 32/100 - Train Loss: 263.7228 (Col: 159.8228, Jump: 180.4823, Decline: 306.2818, PDE: 758.5115, Reg: 2005.2555), Eth Losses: China: 241.6264, India: 341.5862, Philippines: 495.3805... (more ethnicities), Val Loss: 545.2380, Val MAE: 10.7475, Val R2: 0.7803
2025-04-24 17:59:16,356 - spatial_moe_trainer - INFO - Epoch 33/100 - Train Loss: 281.9699 (Col: 171.9779, Jump: 166.4394, Decline: 325.1344, PDE: 808.3489, Reg: 2223.3384), Eth Losses: China: 232.5619, India: 412.9552, Philippines: 517.9199... (more ethnicities), Val Loss: 557.7732, Val MAE: 10.8346, Val R2: 0.7753
2025-04-24 17:59:38,855 - spatial_moe_trainer - INFO - Epoch 34/100 - Train Loss: 269.3132 (Col: 150.2129, Jump: 178.7517, Decline: 329.5812, PDE: 815.4001, Reg: 2893.2704), Eth Losses: China: 226.2747, India: 357.8775, Philippines: 524.7099... (more ethnicities), Val Loss: 557.7099, Val MAE: 10.8004, Val R2: 0.7753
2025-04-24 17:59:38,855 - spatial_moe_trainer - INFO - Early stopping at epoch 34
2025-04-24 17:59:38,872 - spatial_moe_trainer - INFO - Saving metrics to ./optuna_results/trial_20/metrics
2025-04-24 17:59:38,875 - spatial_moe_trainer - INFO - Training metrics saved to ./optuna_results/trial_20/metrics/training_metrics.csv
2025-04-24 17:59:38,877 - spatial_moe_trainer - INFO - Validation metrics saved to ./optuna_results/trial_20/metrics/validation_metrics.csv
2025-04-24 17:59:38,915 - spatial_moe_trainer - INFO - Multi-Ethnic Spatial MoE model saved to ./optuna_results/trial_20/model.pt
2025-04-24 17:59:38,950 - __mp_main__ - INFO - Running trial 21 on device cuda:0
2025-04-24 17:59:38,965 - __main__ - INFO - Trial 20 completed with value: 530.096381
2025-04-24 17:59:39,146 - __mp_main__ - INFO - Using adjusted dimensions - hidden_dims: [140, 55, 25], coord_embed_dim: 40
2025-04-24 17:59:39,196 - spatial_moe_trainer - INFO - Multi-Ethnic Spatial MoE model initialized on cuda:0
2025-04-24 17:59:39,196 - spatial_moe_trainer - INFO - Model will predict 5 ethnicities: ['China', 'India', 'Philippines', 'Portugal', 'Sri Lanka']
2025-04-24 17:59:39,216 - __mp_main__ - INFO - Testing model forward pass before training...
2025-04-24 17:59:39,376 - __mp_main__ - INFO - Test forward pass successful. Output shape: torch.Size([64, 5])
2025-04-24 17:59:39,376 - spatial_moe_trainer - INFO - Starting multi-ethnic spatial MoE model training with learnable expert router...
2025-04-24 17:59:39,376 - spatial_moe_trainer - INFO - Using colonization_weight=4.942565520337315, jump_weight=8.63849973877625, decline_weight=6.7403674729251195, pde_weight=5.213345673032614
2025-04-24 18:00:02,019 - spatial_moe_trainer - INFO - Epoch 1/100 - Train Loss: 2365.7721 (Col: 2609.3427, Jump: 821.5711, Decline: 163.7791, PDE: 3908.0574, Reg: 4734.5774), Eth Losses: China: 4399.8524, India: 2717.0426, Philippines: 1579.9726... (more ethnicities), Val Loss: 2425.8873, Val MAE: 30.6904, Val R2: 0.0227
2025-04-24 18:00:24,557 - spatial_moe_trainer - INFO - Epoch 2/100 - Train Loss: 2202.0254 (Col: 2450.0856, Jump: 738.5631, Decline: 154.3983, PDE: 3754.8911, Reg: 4387.1089), Eth Losses: China: 4160.0694, India: 2558.3462, Philippines: 1545.1504... (more ethnicities), Val Loss: 2258.3110, Val MAE: 28.5374, Val R2: 0.0902
2025-04-24 18:00:46,947 - spatial_moe_trainer - INFO - Epoch 3/100 - Train Loss: 2046.0048 (Col: 2236.4296, Jump: 715.5793, Decline: 149.9434, PDE: 3653.7629, Reg: 4419.7720), Eth Losses: China: 3882.7810, India: 2458.9642, Philippines: 1475.9442... (more ethnicities), Val Loss: 2071.3177, Val MAE: 26.0291, Val R2: 0.1655
2025-04-24 18:01:09,607 - spatial_moe_trainer - INFO - Epoch 4/100 - Train Loss: 1893.1649 (Col: 2057.9727, Jump: 613.0981, Decline: 139.2058, PDE: 3528.3779, Reg: 4151.0630), Eth Losses: China: 3638.3616, India: 2324.7890, Philippines: 1396.6557... (more ethnicities), Val Loss: 1841.7955, Val MAE: 22.7374, Val R2: 0.2580
2025-04-24 18:01:32,054 - spatial_moe_trainer - INFO - Epoch 5/100 - Train Loss: 1742.8242 (Col: 1859.2307, Jump: 625.2642, Decline: 126.7341, PDE: 3326.3200, Reg: 4161.5868), Eth Losses: China: 3350.0361, India: 2213.0729, Philippines: 1304.2710... (more ethnicities), Val Loss: 1643.9815, Val MAE: 19.3718, Val R2: 0.3377
2025-04-24 18:01:54,524 - spatial_moe_trainer - INFO - Epoch 6/100 - Train Loss: 1594.0652 (Col: 1684.2996, Jump: 542.8417, Decline: 117.8587, PDE: 3140.3405, Reg: 4217.7482), Eth Losses: China: 2913.6447, India: 2118.3211, Philippines: 1252.9750... (more ethnicities), Val Loss: 1501.5121, Val MAE: 17.0600, Val R2: 0.3951
2025-04-24 18:02:17,166 - spatial_moe_trainer - INFO - Epoch 7/100 - Train Loss: 1458.1711 (Col: 1513.2311, Jump: 577.8548, Decline: 115.9901, PDE: 2990.0456, Reg: 4538.6037), Eth Losses: China: 2440.0821, India: 2036.9119, Philippines: 1225.5669... (more ethnicities), Val Loss: 1394.5800, Val MAE: 16.0997, Val R2: 0.4382
2025-04-24 18:02:39,721 - spatial_moe_trainer - INFO - Epoch 8/100 - Train Loss: 1340.2443 (Col: 1361.5832, Jump: 532.3962, Decline: 115.3679, PDE: 2901.4417, Reg: 5494.4051), Eth Losses: China: 2012.0836, India: 1919.1243, Philippines: 1200.2978... (more ethnicities), Val Loss: 1282.0411, Val MAE: 15.4348, Val R2: 0.4835
2025-04-24 18:03:02,257 - spatial_moe_trainer - INFO - Epoch 9/100 - Train Loss: 1257.8209 (Col: 1290.8503, Jump: 500.3766, Decline: 109.7365, PDE: 2785.2316, Reg: 4816.4273), Eth Losses: China: 1813.5085, India: 1814.5311, Philippines: 1161.7661... (more ethnicities), Val Loss: 1220.3995, Val MAE: 14.9901, Val R2: 0.5083
2025-04-24 18:03:24,797 - spatial_moe_trainer - INFO - Epoch 10/100 - Train Loss: 1137.0551 (Col: 1131.0649, Jump: 487.0250, Decline: 107.5892, PDE: 2729.4169, Reg: 6974.6624), Eth Losses: China: 1364.3238, India: 1670.8103, Philippines: 1155.9037... (more ethnicities), Val Loss: 1148.9031, Val MAE: 14.7230, Val R2: 0.5371
2025-04-24 18:03:47,270 - spatial_moe_trainer - INFO - Trial pruned at epoch 11
2025-04-24 18:03:47,278 - spatial_moe_trainer - INFO - Saving metrics to ./optuna_results/trial_21/metrics
2025-04-24 18:03:47,280 - spatial_moe_trainer - INFO - Training metrics saved to ./optuna_results/trial_21/metrics/training_metrics.csv
2025-04-24 18:03:47,282 - spatial_moe_trainer - INFO - Validation metrics saved to ./optuna_results/trial_21/metrics/validation_metrics.csv
2025-04-24 18:03:47,321 - spatial_moe_trainer - INFO - Multi-Ethnic Spatial MoE model saved to ./optuna_results/trial_21/model.pt
2025-04-24 18:03:47,353 - __mp_main__ - INFO - Running trial 22 on device cuda:0
2025-04-24 18:03:47,367 - __main__ - INFO - Trial 21 completed with value: 1104.207474
2025-04-24 18:03:47,550 - __mp_main__ - INFO - Using adjusted dimensions - hidden_dims: [140, 75, 25], coord_embed_dim: 35
2025-04-24 18:03:47,740 - spatial_moe_trainer - INFO - Multi-Ethnic Spatial MoE model initialized on cuda:0
2025-04-24 18:03:47,740 - spatial_moe_trainer - INFO - Model will predict 5 ethnicities: ['China', 'India', 'Philippines', 'Portugal', 'Sri Lanka']
2025-04-24 18:03:47,760 - __mp_main__ - INFO - Testing model forward pass before training...
2025-04-24 18:03:47,919 - __mp_main__ - INFO - Test forward pass successful. Output shape: torch.Size([64, 5])
2025-04-24 18:03:47,919 - spatial_moe_trainer - INFO - Starting multi-ethnic spatial MoE model training with learnable expert router...
2025-04-24 18:03:47,920 - spatial_moe_trainer - INFO - Using colonization_weight=7.70194809505662, jump_weight=6.0267225770136115, decline_weight=6.7403674729251195, pde_weight=5.213345673032614
2025-04-24 18:04:10,372 - spatial_moe_trainer - INFO - Epoch 1/100 - Train Loss: 1907.8584 (Col: 1970.5599, Jump: 809.8244, Decline: 140.1336, PDE: 4124.6118, Reg: 10457.7656), Eth Losses: China: 3814.0899, India: 2196.2345, Philippines: 1394.8158... (more ethnicities), Val Loss: 1238.0707, Val MAE: 15.9155, Val R2: 0.5012
2025-04-24 18:04:32,771 - spatial_moe_trainer - INFO - Epoch 2/100 - Train Loss: 1210.9000 (Col: 1141.7113, Jump: 531.2901, Decline: 115.6184, PDE: 3199.3520, Reg: 15790.1102), Eth Losses: China: 1706.5595, India: 1575.7052, Philippines: 1138.2614... (more ethnicities), Val Loss: 891.5397, Val MAE: 13.3547, Val R2: 0.6408
2025-04-24 18:04:55,044 - spatial_moe_trainer - INFO - Epoch 3/100 - Train Loss: 1018.5976 (Col: 920.6593, Jump: 390.5085, Decline: 108.5856, PDE: 3023.8550, Reg: 13627.2220), Eth Losses: China: 1405.1861, India: 1128.1817, Philippines: 994.7979... (more ethnicities), Val Loss: 812.0820, Val MAE: 13.1008, Val R2: 0.6728
2025-04-24 18:05:17,579 - spatial_moe_trainer - INFO - Epoch 4/100 - Train Loss: 795.2027 (Col: 670.5567, Jump: 308.7000, Decline: 109.1364, PDE: 2639.8409, Reg: 13332.7147), Eth Losses: China: 859.4750, India: 820.1044, Philippines: 893.8679... (more ethnicities), Val Loss: 695.3416, Val MAE: 12.8144, Val R2: 0.7199
2025-04-24 18:05:40,240 - spatial_moe_trainer - INFO - Epoch 5/100 - Train Loss: 711.9146 (Col: 585.9523, Jump: 272.1134, Decline: 105.6098, PDE: 2358.8110, Reg: 12438.2981), Eth Losses: China: 944.5555, India: 825.3097, Philippines: 588.5179... (more ethnicities), Val Loss: 664.3457, Val MAE: 11.9924, Val R2: 0.7324
2025-04-24 18:06:02,645 - spatial_moe_trainer - INFO - Epoch 6/100 - Train Loss: 633.5044 (Col: 506.3520, Jump: 321.4086, Decline: 113.6851, PDE: 2189.2493, Reg: 13013.8591), Eth Losses: China: 908.7956, India: 610.2964, Philippines: 572.0147... (more ethnicities), Val Loss: 636.6326, Val MAE: 12.5494, Val R2: 0.7435
2025-04-24 18:06:25,366 - spatial_moe_trainer - INFO - Epoch 7/100 - Train Loss: 630.4648 (Col: 541.7760, Jump: 259.7512, Decline: 109.9172, PDE: 1992.0034, Reg: 9818.5304), Eth Losses: China: 1015.0047, India: 678.0607, Philippines: 504.7178... (more ethnicities), Val Loss: 641.3842, Val MAE: 11.9181, Val R2: 0.7416
2025-04-24 18:06:47,839 - spatial_moe_trainer - INFO - Epoch 8/100 - Train Loss: 530.1120 (Col: 428.9554, Jump: 291.9955, Decline: 108.8429, PDE: 1865.0531, Reg: 9695.8892), Eth Losses: China: 819.9573, India: 510.7345, Philippines: 428.9510... (more ethnicities), Val Loss: 590.1146, Val MAE: 11.4958, Val R2: 0.7623
2025-04-24 18:07:10,294 - spatial_moe_trainer - INFO - Epoch 9/100 - Train Loss: 489.7729 (Col: 375.9809, Jump: 249.7927, Decline: 104.1203, PDE: 1723.8570, Reg: 9119.1792), Eth Losses: China: 746.5835, India: 498.2682, Philippines: 376.2530... (more ethnicities), Val Loss: 549.5793, Val MAE: 11.3103, Val R2: 0.7786
2025-04-24 18:07:32,702 - spatial_moe_trainer - INFO - Epoch 10/100 - Train Loss: 498.5829 (Col: 406.1987, Jump: 254.0870, Decline: 96.1847, PDE: 1727.5742, Reg: 9122.3865), Eth Losses: China: 817.7573, India: 467.2048, Philippines: 410.6810... (more ethnicities), Val Loss: 738.8987, Val MAE: 11.4744, Val R2: 0.7023
2025-04-24 18:07:55,186 - spatial_moe_trainer - INFO - Epoch 11/100 - Train Loss: 483.9558 (Col: 408.0462, Jump: 230.6061, Decline: 89.4699, PDE: 1598.0808, Reg: 6431.4957), Eth Losses: China: 671.5223, India: 647.9199, Philippines: 345.3653... (more ethnicities), Val Loss: 722.0799, Val MAE: 11.6496, Val R2: 0.7091
2025-04-24 18:08:17,619 - spatial_moe_trainer - INFO - Epoch 12/100 - Train Loss: 509.7030 (Col: 450.0232, Jump: 211.7992, Decline: 90.6444, PDE: 1495.0460, Reg: 7399.9365), Eth Losses: China: 678.4779, India: 678.1432, Philippines: 434.7010... (more ethnicities), Val Loss: 657.0892, Val MAE: 11.3608, Val R2: 0.7353
2025-04-24 18:08:40,155 - spatial_moe_trainer - INFO - Epoch 13/100 - Train Loss: 447.1965 (Col: 372.2592, Jump: 246.2805, Decline: 83.5988, PDE: 1482.2099, Reg: 6001.3081), Eth Losses: China: 666.1830, India: 493.1289, Philippines: 377.1377... (more ethnicities), Val Loss: 594.0477, Val MAE: 11.1499, Val R2: 0.7607
2025-04-24 18:09:02,564 - spatial_moe_trainer - INFO - Epoch 14/100 - Train Loss: 405.2345 (Col: 328.8172, Jump: 219.4213, Decline: 88.9932, PDE: 1375.7917, Reg: 5777.2643), Eth Losses: China: 701.1011, India: 375.3842, Philippines: 308.9835... (more ethnicities), Val Loss: 506.7283, Val MAE: 10.5140, Val R2: 0.7959
2025-04-24 18:09:24,956 - spatial_moe_trainer - INFO - Epoch 15/100 - Train Loss: 430.5272 (Col: 365.1532, Jump: 235.0585, Decline: 79.2326, PDE: 1343.1403, Reg: 5432.0965), Eth Losses: China: 762.1708, India: 400.0460, Philippines: 344.4580... (more ethnicities), Val Loss: 579.9646, Val MAE: 11.1492, Val R2: 0.7663
2025-04-24 18:09:47,540 - spatial_moe_trainer - INFO - Epoch 16/100 - Train Loss: 380.0245 (Col: 306.5705, Jump: 198.8694, Decline: 75.2526, PDE: 1307.2478, Reg: 5833.9778), Eth Losses: China: 545.1316, India: 423.5051, Philippines: 280.7873... (more ethnicities), Val Loss: 506.1984, Val MAE: 10.6746, Val R2: 0.7961
2025-04-24 18:10:10,183 - spatial_moe_trainer - INFO - Epoch 17/100 - Train Loss: 360.8860 (Col: 288.4926, Jump: 214.3495, Decline: 75.2244, PDE: 1258.3708, Reg: 4495.8079), Eth Losses: China: 602.5486, India: 383.6584, Philippines: 267.2873... (more ethnicities), Val Loss: 595.7842, Val MAE: 10.9625, Val R2: 0.7600
2025-04-24 18:10:32,734 - spatial_moe_trainer - INFO - Epoch 18/100 - Train Loss: 391.9772 (Col: 319.9823, Jump: 232.9662, Decline: 77.3434, PDE: 1303.1087, Reg: 5189.3219), Eth Losses: China: 625.6790, India: 436.9935, Philippines: 300.4182... (more ethnicities), Val Loss: 545.7404, Val MAE: 10.5681, Val R2: 0.7801
2025-04-24 18:10:55,107 - spatial_moe_trainer - INFO - Epoch 19/100 - Train Loss: 366.7795 (Col: 305.7731, Jump: 203.6644, Decline: 71.2995, PDE: 1190.7260, Reg: 4793.0945), Eth Losses: China: 573.8394, India: 426.9059, Philippines: 272.1827... (more ethnicities), Val Loss: 559.4445, Val MAE: 10.6367, Val R2: 0.7746
2025-04-24 18:11:17,645 - spatial_moe_trainer - INFO - Epoch 20/100 - Train Loss: 373.8871 (Col: 322.8281, Jump: 216.2677, Decline: 71.8246, PDE: 1229.9811, Reg: 4451.2921), Eth Losses: China: 497.5492, India: 524.4537, Philippines: 303.3239... (more ethnicities), Val Loss: 485.7814, Val MAE: 10.2394, Val R2: 0.8043
2025-04-24 18:11:40,182 - spatial_moe_trainer - INFO - Epoch 21/100 - Train Loss: 364.3592 (Col: 305.6291, Jump: 193.6498, Decline: 71.0891, PDE: 1171.6969, Reg: 4419.4575), Eth Losses: China: 554.6197, India: 438.6540, Philippines: 244.7295... (more ethnicities), Val Loss: 511.5758, Val MAE: 10.3689, Val R2: 0.7939
2025-04-24 18:12:02,647 - spatial_moe_trainer - INFO - Epoch 22/100 - Train Loss: 326.7683 (Col: 269.9097, Jump: 207.7413, Decline: 67.1017, PDE: 1103.7676, Reg: 3218.4123), Eth Losses: China: 564.0421, India: 321.6898, Philippines: 244.5062... (more ethnicities), Val Loss: 444.8498, Val MAE: 10.2950, Val R2: 0.8208
2025-04-24 18:12:25,074 - spatial_moe_trainer - INFO - Epoch 23/100 - Train Loss: 318.7671 (Col: 253.3935, Jump: 203.7341, Decline: 65.1648, PDE: 1115.0916, Reg: 3530.2424), Eth Losses: China: 476.6705, India: 359.8915, Philippines: 236.2268... (more ethnicities), Val Loss: 475.3329, Val MAE: 10.2687, Val R2: 0.8085
2025-04-24 18:12:47,571 - spatial_moe_trainer - INFO - Epoch 24/100 - Train Loss: 364.1552 (Col: 327.4393, Jump: 183.2841, Decline: 65.3922, PDE: 1071.2007, Reg: 4887.1881), Eth Losses: China: 568.3780, India: 423.3748, Philippines: 262.7908... (more ethnicities), Val Loss: 566.7322, Val MAE: 10.5871, Val R2: 0.7717
2025-04-24 18:13:10,060 - spatial_moe_trainer - INFO - Epoch 25/100 - Train Loss: 333.3930 (Col: 284.4649, Jump: 169.1804, Decline: 63.5674, PDE: 1080.8840, Reg: 3895.1043), Eth Losses: China: 647.7382, India: 281.9640, Philippines: 243.4301... (more ethnicities), Val Loss: 522.0055, Val MAE: 10.2475, Val R2: 0.7897
2025-04-24 18:13:32,410 - spatial_moe_trainer - INFO - Epoch 26/100 - Train Loss: 321.8143 (Col: 273.6281, Jump: 206.6634, Decline: 63.9039, PDE: 1042.3552, Reg: 4187.4451), Eth Losses: China: 451.1510, India: 275.3650, Philippines: 430.0074... (more ethnicities), Val Loss: 505.6277, Val MAE: 10.2951, Val R2: 0.7963
2025-04-24 18:13:54,627 - spatial_moe_trainer - INFO - Epoch 27/100 - Train Loss: 321.7124 (Col: 272.3468, Jump: 206.3977, Decline: 62.8340, PDE: 1052.5322, Reg: 4000.0345), Eth Losses: China: 540.7641, India: 353.6068, Philippines: 244.3355... (more ethnicities), Val Loss: 503.5421, Val MAE: 10.1840, Val R2: 0.7971
2025-04-24 18:14:17,067 - spatial_moe_trainer - INFO - Epoch 28/100 - Train Loss: 332.8233 (Col: 301.1744, Jump: 207.6747, Decline: 65.3448, PDE: 938.4640, Reg: 5215.8777), Eth Losses: China: 428.9469, India: 491.9015, Philippines: 265.7773... (more ethnicities), Val Loss: 488.4157, Val MAE: 10.0536, Val R2: 0.8032
2025-04-24 18:14:39,474 - spatial_moe_trainer - INFO - Epoch 29/100 - Train Loss: 277.3875 (Col: 221.6538, Jump: 160.3269, Decline: 63.1024, PDE: 944.3436, Reg: 5570.7654), Eth Losses: China: 527.7151, India: 263.3957, Philippines: 223.7627... (more ethnicities), Val Loss: 504.5220, Val MAE: 10.1836, Val R2: 0.7967
2025-04-24 18:15:01,937 - spatial_moe_trainer - INFO - Epoch 30/100 - Train Loss: 253.6960 (Col: 202.9788, Jump: 154.3075, Decline: 63.7867, PDE: 867.1761, Reg: 2962.0222), Eth Losses: China: 391.2018, India: 245.2163, Philippines: 188.9518... (more ethnicities), Val Loss: 506.1578, Val MAE: 10.2062, Val R2: 0.7961
2025-04-24 18:15:24,429 - spatial_moe_trainer - INFO - Epoch 31/100 - Train Loss: 257.1642 (Col: 203.7865, Jump: 189.0598, Decline: 61.9212, PDE: 901.1918, Reg: 3697.5365), Eth Losses: China: 363.5602, India: 286.3964, Philippines: 242.4613... (more ethnicities), Val Loss: 515.1161, Val MAE: 10.2094, Val R2: 0.7925
2025-04-24 18:15:46,925 - spatial_moe_trainer - INFO - Epoch 32/100 - Train Loss: 238.8314 (Col: 183.5667, Jump: 183.7939, Decline: 60.8137, PDE: 901.0206, Reg: 3069.0371), Eth Losses: China: 343.1430, India: 226.2842, Philippines: 205.6364... (more ethnicities), Val Loss: 492.0190, Val MAE: 10.0436, Val R2: 0.8018
2025-04-24 18:15:46,925 - spatial_moe_trainer - INFO - Early stopping at epoch 32
2025-04-24 18:15:46,947 - spatial_moe_trainer - INFO - Saving metrics to ./optuna_results/trial_22/metrics
2025-04-24 18:15:46,949 - spatial_moe_trainer - INFO - Training metrics saved to ./optuna_results/trial_22/metrics/training_metrics.csv
2025-04-24 18:15:46,952 - spatial_moe_trainer - INFO - Validation metrics saved to ./optuna_results/trial_22/metrics/validation_metrics.csv
2025-04-24 18:15:46,991 - spatial_moe_trainer - INFO - Multi-Ethnic Spatial MoE model saved to ./optuna_results/trial_22/model.pt
2025-04-24 18:15:47,024 - __mp_main__ - INFO - Running trial 23 on device cuda:0
2025-04-24 18:15:47,040 - __main__ - INFO - Trial 22 completed with value: 444.849807
2025-04-24 18:15:47,226 - __mp_main__ - INFO - Using adjusted dimensions - hidden_dims: [140, 75, 25], coord_embed_dim: 35
2025-04-24 18:15:47,275 - spatial_moe_trainer - INFO - Multi-Ethnic Spatial MoE model initialized on cuda:0
2025-04-24 18:15:47,275 - spatial_moe_trainer - INFO - Model will predict 5 ethnicities: ['China', 'India', 'Philippines', 'Portugal', 'Sri Lanka']
2025-04-24 18:15:47,296 - __mp_main__ - INFO - Testing model forward pass before training...
2025-04-24 18:15:47,457 - __mp_main__ - INFO - Test forward pass successful. Output shape: torch.Size([64, 5])
2025-04-24 18:15:47,457 - spatial_moe_trainer - INFO - Starting multi-ethnic spatial MoE model training with learnable expert router...
2025-04-24 18:15:47,457 - spatial_moe_trainer - INFO - Using colonization_weight=7.70194809505662, jump_weight=6.031300272068899, decline_weight=7.016472671080615, pde_weight=5.213345673032614
2025-04-24 18:16:10,026 - spatial_moe_trainer - INFO - Epoch 1/100 - Train Loss: 1654.6884 (Col: 1743.5876, Jump: 431.9992, Decline: 185.7349, PDE: 3245.6008, Reg: 20194.7942), Eth Losses: China: 3358.5059, India: 1938.4074, Philippines: 1170.1952... (more ethnicities), Val Loss: 1202.4359, Val MAE: 13.6958, Val R2: 0.5156
2025-04-24 18:16:32,612 - spatial_moe_trainer - INFO - Epoch 2/100 - Train Loss: 1077.8601 (Col: 1007.8499, Jump: 230.3118, Decline: 265.6904, PDE: 2475.4533, Reg: 22847.2377), Eth Losses: China: 1516.5751, India: 1482.1803, Philippines: 929.4799... (more ethnicities), Val Loss: 1227.4071, Val MAE: 13.2235, Val R2: 0.5055
2025-04-24 18:16:55,362 - spatial_moe_trainer - INFO - Epoch 3/100 - Train Loss: 1021.5535 (Col: 994.1115, Jump: 300.3532, Decline: 185.6093, PDE: 2368.5711, Reg: 17632.9636), Eth Losses: China: 1509.0084, India: 1574.4721, Philippines: 741.1901... (more ethnicities), Val Loss: 1056.3763, Val MAE: 13.7080, Val R2: 0.5744
2025-04-24 18:17:17,949 - spatial_moe_trainer - INFO - Epoch 4/100 - Train Loss: 1086.5764 (Col: 1065.2154, Jump: 255.1098, Decline: 185.1502, PDE: 2361.6769, Reg: 16628.0698), Eth Losses: China: 1836.3414, India: 1613.8093, Philippines: 812.8809... (more ethnicities), Val Loss: 1205.0649, Val MAE: 13.2070, Val R2: 0.5145
2025-04-24 18:17:40,375 - spatial_moe_trainer - INFO - Epoch 5/100 - Train Loss: 999.0229 (Col: 1037.6232, Jump: 233.6168, Decline: 136.5241, PDE: 2101.8502, Reg: 11844.8534), Eth Losses: China: 1451.8797, India: 1522.0019, Philippines: 862.9657... (more ethnicities), Val Loss: 748.9142, Val MAE: 11.6190, Val R2: 0.6983
2025-04-24 18:18:02,984 - spatial_moe_trainer - INFO - Epoch 6/100 - Train Loss: 860.4742 (Col: 848.3696, Jump: 233.2882, Decline: 135.6075, PDE: 1916.8372, Reg: 10582.3735), Eth Losses: China: 1546.7894, India: 1145.9170, Philippines: 685.8522... (more ethnicities), Val Loss: 749.1209, Val MAE: 12.2481, Val R2: 0.6982
2025-04-24 18:18:25,532 - spatial_moe_trainer - INFO - Epoch 7/100 - Train Loss: 743.0409 (Col: 730.4874, Jump: 187.5639, Decline: 122.0292, PDE: 1778.2694, Reg: 8694.4334), Eth Losses: China: 1207.1452, India: 1010.8599, Philippines: 547.2241... (more ethnicities), Val Loss: 706.4956, Val MAE: 10.9870, Val R2: 0.7154
2025-04-24 18:18:47,933 - spatial_moe_trainer - INFO - Epoch 8/100 - Train Loss: 661.0992 (Col: 622.1211, Jump: 200.6351, Decline: 117.0391, PDE: 1619.5850, Reg: 10040.1829), Eth Losses: China: 1062.0073, India: 875.0593, Philippines: 492.9322... (more ethnicities), Val Loss: 753.3785, Val MAE: 11.8387, Val R2: 0.6965
2025-04-24 18:19:10,267 - spatial_moe_trainer - INFO - Epoch 9/100 - Train Loss: 623.4965 (Col: 583.7044, Jump: 194.5413, Decline: 119.9985, PDE: 1546.0512, Reg: 8503.6879), Eth Losses: China: 924.8324, India: 936.0336, Philippines: 469.9449... (more ethnicities), Val Loss: 650.4600, Val MAE: 11.1301, Val R2: 0.7379
2025-04-24 18:19:32,803 - spatial_moe_trainer - INFO - Epoch 10/100 - Train Loss: 581.0097 (Col: 566.0546, Jump: 155.1546, Decline: 116.8118, PDE: 1427.3941, Reg: 5422.9579), Eth Losses: China: 936.6017, India: 748.3714, Philippines: 476.0561... (more ethnicities), Val Loss: 604.6664, Val MAE: 11.5181, Val R2: 0.7564
2025-04-24 18:19:55,201 - spatial_moe_trainer - INFO - Epoch 11/100 - Train Loss: 714.4925 (Col: 731.1412, Jump: 175.3202, Decline: 120.3081, PDE: 1406.4612, Reg: 6487.7049), Eth Losses: China: 1273.3388, India: 968.8368, Philippines: 594.4096... (more ethnicities), Val Loss: 710.1312, Val MAE: 11.1838, Val R2: 0.7139
2025-04-24 18:20:17,596 - spatial_moe_trainer - INFO - Epoch 12/100 - Train Loss: 648.9798 (Col: 666.6210, Jump: 214.2563, Decline: 115.1456, PDE: 1354.6848, Reg: 6309.4195), Eth Losses: China: 851.1474, India: 1173.4014, Philippines: 536.7278... (more ethnicities), Val Loss: 777.6207, Val MAE: 11.0980, Val R2: 0.6867
2025-04-24 18:20:40,046 - spatial_moe_trainer - INFO - Epoch 13/100 - Train Loss: 611.5248 (Col: 617.7880, Jump: 148.6595, Decline: 103.5921, PDE: 1172.6105, Reg: 9021.5636), Eth Losses: China: 931.8978, India: 831.3061, Philippines: 545.5062... (more ethnicities), Val Loss: 620.9400, Val MAE: 10.4183, Val R2: 0.7498
2025-04-24 18:21:02,497 - spatial_moe_trainer - INFO - Epoch 14/100 - Train Loss: 524.6677 (Col: 509.2336, Jump: 162.0899, Decline: 108.0147, PDE: 1194.4307, Reg: 6686.0342), Eth Losses: China: 933.2549, India: 496.9532, Philippines: 484.6032... (more ethnicities), Val Loss: 613.2414, Val MAE: 10.6480, Val R2: 0.7529
2025-04-24 18:21:24,963 - spatial_moe_trainer - INFO - Epoch 15/100 - Train Loss: 553.0469 (Col: 575.3393, Jump: 145.0627, Decline: 114.2369, PDE: 1092.7109, Reg: 5538.4200), Eth Losses: China: 759.6914, India: 883.3030, Philippines: 541.0843... (more ethnicities), Val Loss: 699.7393, Val MAE: 10.9421, Val R2: 0.7181
2025-04-24 18:21:47,518 - spatial_moe_trainer - INFO - Epoch 16/100 - Train Loss: 555.8747 (Col: 561.4498, Jump: 167.5890, Decline: 112.3032, PDE: 990.6063, Reg: 5697.0692), Eth Losses: China: 786.6869, India: 990.8633, Philippines: 389.3541... (more ethnicities), Val Loss: 585.3447, Val MAE: 10.4989, Val R2: 0.7642
2025-04-24 18:22:09,992 - spatial_moe_trainer - INFO - Epoch 17/100 - Train Loss: 576.5138 (Col: 595.2297, Jump: 169.5956, Decline: 117.2536, PDE: 1026.8381, Reg: 5585.2637), Eth Losses: China: 911.3741, India: 918.9110, Philippines: 448.9238... (more ethnicities), Val Loss: 589.8175, Val MAE: 10.5835, Val R2: 0.7624
2025-04-24 18:22:32,404 - spatial_moe_trainer - INFO - Epoch 18/100 - Train Loss: 443.7728 (Col: 416.1104, Jump: 177.8594, Decline: 140.1819, PDE: 1029.8775, Reg: 5270.7780), Eth Losses: China: 667.5641, India: 690.3855, Philippines: 284.0531... (more ethnicities), Val Loss: 571.0225, Val MAE: 11.1817, Val R2: 0.7699
2025-04-24 18:22:54,879 - spatial_moe_trainer - INFO - Epoch 19/100 - Train Loss: 450.2395 (Col: 391.1656, Jump: 144.2958, Decline: 202.5017, PDE: 1159.3139, Reg: 12427.4445), Eth Losses: China: 518.8639, India: 583.3477, Philippines: 522.4808... (more ethnicities), Val Loss: 699.1017, Val MAE: 11.4807, Val R2: 0.7183
2025-04-24 18:23:17,497 - spatial_moe_trainer - INFO - Epoch 20/100 - Train Loss: 569.2890 (Col: 562.4481, Jump: 156.5057, Decline: 163.1642, PDE: 1167.9355, Reg: 5104.6007), Eth Losses: China: 985.5430, India: 728.3245, Philippines: 506.3715... (more ethnicities), Val Loss: 617.1504, Val MAE: 11.2120, Val R2: 0.7514
2025-04-24 18:23:39,981 - spatial_moe_trainer - INFO - Epoch 21/100 - Train Loss: 593.8633 (Col: 586.8489, Jump: 197.4199, Decline: 118.8053, PDE: 1315.1963, Reg: 9625.9045), Eth Losses: China: 926.3612, India: 794.2028, Philippines: 567.9833... (more ethnicities), Val Loss: 664.8965, Val MAE: 10.8963, Val R2: 0.7321
2025-04-24 18:24:02,527 - spatial_moe_trainer - INFO - Epoch 22/100 - Train Loss: 454.3792 (Col: 433.2093, Jump: 174.7499, Decline: 121.4962, PDE: 1037.6345, Reg: 6002.4120), Eth Losses: China: 623.9604, India: 624.6316, Philippines: 399.8019... (more ethnicities), Val Loss: 686.7534, Val MAE: 10.9040, Val R2: 0.7233
2025-04-24 18:24:25,148 - spatial_moe_trainer - INFO - Trial pruned at epoch 23
2025-04-24 18:24:25,162 - spatial_moe_trainer - INFO - Saving metrics to ./optuna_results/trial_23/metrics
2025-04-24 18:24:25,164 - spatial_moe_trainer - INFO - Training metrics saved to ./optuna_results/trial_23/metrics/training_metrics.csv
2025-04-24 18:24:25,166 - spatial_moe_trainer - INFO - Validation metrics saved to ./optuna_results/trial_23/metrics/validation_metrics.csv
2025-04-24 18:24:25,205 - spatial_moe_trainer - INFO - Multi-Ethnic Spatial MoE model saved to ./optuna_results/trial_23/model.pt
2025-04-24 18:24:25,238 - __mp_main__ - INFO - Running trial 24 on device cuda:0
2025-04-24 18:24:25,392 - __main__ - INFO - Trial 23 completed with value: 571.022502
2025-04-24 18:24:25,438 - __mp_main__ - INFO - Using adjusted dimensions - hidden_dims: [140, 75, 25], coord_embed_dim: 35
2025-04-24 18:24:25,493 - spatial_moe_trainer - INFO - Multi-Ethnic Spatial MoE model initialized on cuda:0
2025-04-24 18:24:25,493 - spatial_moe_trainer - INFO - Model will predict 5 ethnicities: ['China', 'India', 'Philippines', 'Portugal', 'Sri Lanka']
2025-04-24 18:24:25,515 - __mp_main__ - INFO - Testing model forward pass before training...
2025-04-24 18:24:25,679 - __mp_main__ - INFO - Test forward pass successful. Output shape: torch.Size([64, 5])
2025-04-24 18:24:25,679 - spatial_moe_trainer - INFO - Starting multi-ethnic spatial MoE model training with learnable expert router...
2025-04-24 18:24:25,679 - spatial_moe_trainer - INFO - Using colonization_weight=7.70194809505662, jump_weight=6.031300272068899, decline_weight=7.016472671080615, pde_weight=5.213345673032614
2025-04-24 18:24:47,962 - spatial_moe_trainer - INFO - Epoch 1/100 - Train Loss: 1639.4453 (Col: 1715.3559, Jump: 442.4202, Decline: 147.7909, PDE: 3260.9629, Reg: 18832.5960), Eth Losses: China: 3170.1893, India: 2150.8629, Philippines: 1104.6883... (more ethnicities), Val Loss: 1077.2396, Val MAE: 13.5959, Val R2: 0.5660
2025-04-24 18:25:10,416 - spatial_moe_trainer - INFO - Epoch 2/100 - Train Loss: 1211.1673 (Col: 1201.9539, Jump: 308.6966, Decline: 145.1622, PDE: 2655.2894, Reg: 20088.0145), Eth Losses: China: 2295.4407, India: 1580.6174, Philippines: 793.9648... (more ethnicities), Val Loss: 839.4737, Val MAE: 12.1962, Val R2: 0.6618
2025-04-24 18:25:32,937 - spatial_moe_trainer - INFO - Epoch 3/100 - Train Loss: 1094.2000 (Col: 1113.7289, Jump: 306.8245, Decline: 118.5588, PDE: 2321.3828, Reg: 11970.3942), Eth Losses: China: 2062.3095, India: 1379.4614, Philippines: 745.6081... (more ethnicities), Val Loss: 896.3077, Val MAE: 12.1919, Val R2: 0.6389
2025-04-24 18:25:55,480 - spatial_moe_trainer - INFO - Epoch 4/100 - Train Loss: 972.2854 (Col: 992.3810, Jump: 319.0721, Decline: 122.3950, PDE: 2060.4358, Reg: 8269.9657), Eth Losses: China: 1647.7477, India: 1427.9337, Philippines: 677.6683... (more ethnicities), Val Loss: 852.7003, Val MAE: 11.4240, Val R2: 0.6565
2025-04-24 18:26:17,953 - spatial_moe_trainer - INFO - Epoch 5/100 - Train Loss: 753.7711 (Col: 734.1797, Jump: 271.1881, Decline: 114.0313, PDE: 1796.1527, Reg: 12155.6719), Eth Losses: China: 1147.3195, India: 1025.3002, Philippines: 578.9734... (more ethnicities), Val Loss: 816.7158, Val MAE: 11.3311, Val R2: 0.6710
2025-04-24 18:26:40,406 - spatial_moe_trainer - INFO - Epoch 6/100 - Train Loss: 842.9659 (Col: 859.6029, Jump: 194.2526, Decline: 107.1931, PDE: 1758.1982, Reg: 10043.0527), Eth Losses: China: 1831.0369, India: 1009.8897, Philippines: 512.5997... (more ethnicities), Val Loss: 763.7926, Val MAE: 11.1261, Val R2: 0.6923
2025-04-24 18:27:03,082 - spatial_moe_trainer - INFO - Epoch 7/100 - Train Loss: 825.5194 (Col: 859.4947, Jump: 203.2289, Decline: 128.0540, PDE: 1615.0953, Reg: 9059.9768), Eth Losses: China: 1391.1371, India: 994.5151, Philippines: 811.0669... (more ethnicities), Val Loss: 825.7808, Val MAE: 13.0685, Val R2: 0.6673
2025-04-24 18:27:25,545 - spatial_moe_trainer - INFO - Epoch 8/100 - Train Loss: 893.1767 (Col: 923.8507, Jump: 282.4064, Decline: 121.7602, PDE: 1765.1873, Reg: 9475.9696), Eth Losses: China: 1380.1417, India: 1375.5947, Philippines: 745.4527... (more ethnicities), Val Loss: 662.3505, Val MAE: 11.6740, Val R2: 0.7332
2025-04-24 18:27:48,066 - spatial_moe_trainer - INFO - Epoch 9/100 - Train Loss: 750.9580 (Col: 778.3842, Jump: 187.4319, Decline: 97.1571, PDE: 1512.8467, Reg: 8892.5604), Eth Losses: China: 936.9545, India: 1390.3017, Philippines: 551.0886... (more ethnicities), Val Loss: 623.8408, Val MAE: 11.2718, Val R2: 0.7487
2025-04-24 18:28:10,439 - spatial_moe_trainer - INFO - Epoch 10/100 - Train Loss: 578.7219 (Col: 563.4912, Jump: 170.3392, Decline: 110.8081, PDE: 1407.3376, Reg: 7517.6997), Eth Losses: China: 833.5597, India: 884.6586, Philippines: 432.1586... (more ethnicities), Val Loss: 663.8696, Val MAE: 11.1993, Val R2: 0.7325
2025-04-24 18:28:32,871 - spatial_moe_trainer - INFO - Epoch 11/100 - Train Loss: 611.9607 (Col: 604.8195, Jump: 179.7721, Decline: 101.9216, PDE: 1432.7523, Reg: 6044.1998), Eth Losses: China: 1205.1456, India: 501.6251, Philippines: 496.0684... (more ethnicities), Val Loss: 582.3117, Val MAE: 10.8502, Val R2: 0.7654
2025-04-24 18:28:55,266 - spatial_moe_trainer - INFO - Epoch 12/100 - Train Loss: 559.6758 (Col: 493.5917, Jump: 139.0107, Decline: 95.2130, PDE: 1660.2920, Reg: 9673.0528), Eth Losses: China: 856.7891, India: 776.7192, Philippines: 417.3973... (more ethnicities), Val Loss: 529.9455, Val MAE: 10.7162, Val R2: 0.7865
2025-04-24 18:29:17,824 - spatial_moe_trainer - INFO - Epoch 13/100 - Train Loss: 468.2532 (Col: 420.7890, Jump: 140.9257, Decline: 104.6322, PDE: 1238.7301, Reg: 7925.8434), Eth Losses: China: 728.3163, India: 459.1819, Philippines: 355.6399... (more ethnicities), Val Loss: 583.0388, Val MAE: 10.9254, Val R2: 0.7651
2025-04-24 18:29:40,313 - spatial_moe_trainer - INFO - Epoch 14/100 - Train Loss: 570.1031 (Col: 556.8453, Jump: 151.4208, Decline: 103.2943, PDE: 1283.1902, Reg: 9380.5445), Eth Losses: China: 644.8990, India: 988.0981, Philippines: 372.9213... (more ethnicities), Val Loss: 530.4987, Val MAE: 10.3146, Val R2: 0.7863
2025-04-24 18:30:03,015 - spatial_moe_trainer - INFO - Epoch 15/100 - Train Loss: 477.0930 (Col: 454.2821, Jump: 165.5895, Decline: 95.7664, PDE: 1176.3073, Reg: 7333.3342), Eth Losses: China: 718.0377, India: 678.7922, Philippines: 294.7434... (more ethnicities), Val Loss: 797.1144, Val MAE: 11.2604, Val R2: 0.6789
2025-04-24 18:30:25,505 - spatial_moe_trainer - INFO - Epoch 16/100 - Train Loss: 539.0320 (Col: 537.2233, Jump: 137.4334, Decline: 106.7260, PDE: 1143.6652, Reg: 6564.6752), Eth Losses: China: 1089.7266, India: 623.0957, Philippines: 261.3603... (more ethnicities), Val Loss: 572.0221, Val MAE: 10.6660, Val R2: 0.7695
2025-04-24 18:30:47,971 - spatial_moe_trainer - INFO - Epoch 17/100 - Train Loss: 481.1463 (Col: 452.5141, Jump: 168.2557, Decline: 95.4173, PDE: 1205.1209, Reg: 8422.4730), Eth Losses: China: 737.8990, India: 471.8493, Philippines: 398.9922... (more ethnicities), Val Loss: 546.4368, Val MAE: 10.6352, Val R2: 0.7799
2025-04-24 18:31:10,427 - spatial_moe_trainer - INFO - Epoch 18/100 - Train Loss: 477.6644 (Col: 469.6433, Jump: 164.2213, Decline: 91.4428, PDE: 1067.3032, Reg: 6500.1463), Eth Losses: China: 1028.3788, India: 435.8707, Philippines: 258.4905... (more ethnicities), Val Loss: 538.2549, Val MAE: 10.5937, Val R2: 0.7832
2025-04-24 18:31:32,881 - spatial_moe_trainer - INFO - Epoch 19/100 - Train Loss: 380.8635 (Col: 342.9257, Jump: 145.9777, Decline: 96.4363, PDE: 1034.9221, Reg: 4692.5786), Eth Losses: China: 696.0507, India: 366.3097, Philippines: 250.9400... (more ethnicities), Val Loss: 546.0319, Val MAE: 10.6311, Val R2: 0.7800
2025-04-24 18:31:55,411 - spatial_moe_trainer - INFO - Epoch 20/100 - Train Loss: 337.6926 (Col: 289.8690, Jump: 147.0453, Decline: 83.3108, PDE: 1018.0202, Reg: 5481.6534), Eth Losses: China: 564.4553, India: 342.8491, Philippines: 214.0266... (more ethnicities), Val Loss: 493.6128, Val MAE: 10.4269, Val R2: 0.8011
2025-04-24 18:32:17,857 - spatial_moe_trainer - INFO - Epoch 21/100 - Train Loss: 333.5433 (Col: 295.2351, Jump: 133.5488, Decline: 91.7330, PDE: 918.8103, Reg: 5172.1278), Eth Losses: China: 541.2798, India: 359.7247, Philippines: 217.9494... (more ethnicities), Val Loss: 479.1642, Val MAE: 10.4008, Val R2: 0.8070
2025-04-24 18:32:40,149 - spatial_moe_trainer - INFO - Epoch 22/100 - Train Loss: 326.2771 (Col: 291.5043, Jump: 131.8969, Decline: 84.7272, PDE: 898.1752, Reg: 4187.9097), Eth Losses: China: 583.6356, India: 254.1486, Philippines: 218.9760... (more ethnicities), Val Loss: 483.0870, Val MAE: 10.1222, Val R2: 0.8054
2025-04-24 18:33:02,490 - spatial_moe_trainer - INFO - Epoch 23/100 - Train Loss: 319.9108 (Col: 275.2087, Jump: 123.9056, Decline: 128.2809, PDE: 880.1548, Reg: 4781.2726), Eth Losses: China: 452.5904, India: 361.6632, Philippines: 276.1629... (more ethnicities), Val Loss: 490.2638, Val MAE: 10.3485, Val R2: 0.8025
2025-04-24 18:33:25,140 - spatial_moe_trainer - INFO - Epoch 24/100 - Train Loss: 335.7943 (Col: 296.5923, Jump: 143.9592, Decline: 118.3889, PDE: 909.5430, Reg: 4526.7071), Eth Losses: China: 540.1507, India: 455.1391, Philippines: 204.3003... (more ethnicities), Val Loss: 564.0592, Val MAE: 10.9705, Val R2: 0.7728
2025-04-24 18:33:47,741 - spatial_moe_trainer - INFO - Epoch 25/100 - Train Loss: 294.0181 (Col: 216.4393, Jump: 136.9348, Decline: 197.2709, PDE: 931.2670, Reg: 5785.6824), Eth Losses: China: 405.8989, India: 419.1286, Philippines: 182.5723... (more ethnicities), Val Loss: 540.6811, Val MAE: 10.6678, Val R2: 0.7822
2025-04-24 18:34:10,137 - spatial_moe_trainer - INFO - Epoch 26/100 - Train Loss: 384.8237 (Col: 312.6886, Jump: 143.9976, Decline: 219.3025, PDE: 1009.4539, Reg: 6503.9033), Eth Losses: China: 476.2466, India: 493.2597, Philippines: 403.2994... (more ethnicities), Val Loss: 616.9170, Val MAE: 10.8366, Val R2: 0.7515
2025-04-24 18:34:32,555 - spatial_moe_trainer - INFO - Epoch 27/100 - Train Loss: 344.9985 (Col: 236.6935, Jump: 134.8547, Decline: 266.2891, PDE: 1140.9215, Reg: 4726.6239), Eth Losses: China: 326.5419, India: 628.7959, Philippines: 313.9127... (more ethnicities), Val Loss: 628.5840, Val MAE: 11.1921, Val R2: 0.7468
2025-04-24 18:34:54,988 - spatial_moe_trainer - INFO - Epoch 28/100 - Train Loss: 354.9319 (Col: 239.9238, Jump: 123.1173, Decline: 300.9210, PDE: 1244.4551, Reg: 5423.1905), Eth Losses: China: 469.2658, India: 661.9612, Philippines: 189.8501... (more ethnicities), Val Loss: 640.3229, Val MAE: 11.2013, Val R2: 0.7420
2025-04-24 18:35:17,393 - spatial_moe_trainer - INFO - Epoch 29/100 - Train Loss: 339.8516 (Col: 203.5592, Jump: 115.7432, Decline: 350.0944, PDE: 1160.4872, Reg: 5432.0183), Eth Losses: China: 385.4013, India: 658.3309, Philippines: 180.3026... (more ethnicities), Val Loss: 628.5222, Val MAE: 10.9879, Val R2: 0.7468
2025-04-24 18:35:39,969 - spatial_moe_trainer - INFO - Epoch 30/100 - Train Loss: 344.0508 (Col: 206.1723, Jump: 130.5845, Decline: 358.1097, PDE: 1224.4498, Reg: 4499.8719), Eth Losses: China: 415.8220, India: 662.5818, Philippines: 180.9650... (more ethnicities), Val Loss: 655.4831, Val MAE: 11.0927, Val R2: 0.7359
2025-04-24 18:36:02,391 - spatial_moe_trainer - INFO - Epoch 31/100 - Train Loss: 316.4457 (Col: 198.7000, Jump: 128.9423, Decline: 301.1034, PDE: 1114.8862, Reg: 4984.4817), Eth Losses: China: 383.3954, India: 578.9785, Philippines: 229.7252... (more ethnicities), Val Loss: 634.4491, Val MAE: 11.0541, Val R2: 0.7444
2025-04-24 18:36:02,391 - spatial_moe_trainer - INFO - Early stopping at epoch 31
2025-04-24 18:36:02,413 - spatial_moe_trainer - INFO - Saving metrics to ./optuna_results/trial_24/metrics
2025-04-24 18:36:02,416 - spatial_moe_trainer - INFO - Training metrics saved to ./optuna_results/trial_24/metrics/training_metrics.csv
2025-04-24 18:36:02,418 - spatial_moe_trainer - INFO - Validation metrics saved to ./optuna_results/trial_24/metrics/validation_metrics.csv
2025-04-24 18:36:02,457 - spatial_moe_trainer - INFO - Multi-Ethnic Spatial MoE model saved to ./optuna_results/trial_24/model.pt
2025-04-24 18:36:02,491 - __mp_main__ - INFO - Running trial 25 on device cuda:0
2025-04-24 18:36:02,509 - __main__ - INFO - Trial 24 completed with value: 479.164248
2025-04-24 18:36:02,696 - __mp_main__ - INFO - Using adjusted dimensions - hidden_dims: [147, 56, 21], coord_embed_dim: 56
2025-04-24 18:36:02,747 - spatial_moe_trainer - INFO - Multi-Ethnic Spatial MoE model initialized on cuda:0
2025-04-24 18:36:02,747 - spatial_moe_trainer - INFO - Model will predict 5 ethnicities: ['China', 'India', 'Philippines', 'Portugal', 'Sri Lanka']
2025-04-24 18:36:02,767 - __mp_main__ - INFO - Testing model forward pass before training...
2025-04-24 18:36:02,926 - __mp_main__ - INFO - Test forward pass successful. Output shape: torch.Size([64, 5])
2025-04-24 18:36:02,926 - spatial_moe_trainer - INFO - Starting multi-ethnic spatial MoE model training with learnable expert router...
2025-04-24 18:36:02,926 - spatial_moe_trainer - INFO - Using colonization_weight=2.113747419201565, jump_weight=4.6650256298244726, decline_weight=8.140072354070861, pde_weight=9.240454320771908
2025-04-24 18:36:25,226 - spatial_moe_trainer - INFO - Epoch 1/100 - Train Loss: 1807.8087 (Col: 2054.4332, Jump: 533.8892, Decline: 107.2950, PDE: 2437.1546, Reg: 3509.7359), Eth Losses: China: 3263.8456, India: 2379.5434, Philippines: 1339.7278... (more ethnicities), Val Loss: 1361.2441, Val MAE: 15.0390, Val R2: 0.4516
2025-04-24 18:36:47,519 - spatial_moe_trainer - INFO - Epoch 2/100 - Train Loss: 1285.6762 (Col: 1422.2320, Jump: 413.2362, Decline: 88.2203, PDE: 1774.9809, Reg: 7619.4991), Eth Losses: China: 1871.3099, India: 2048.4842, Philippines: 1025.2505... (more ethnicities), Val Loss: 1034.3583, Val MAE: 14.4792, Val R2: 0.5833
2025-04-24 18:37:10,146 - spatial_moe_trainer - INFO - Epoch 3/100 - Train Loss: 1029.8816 (Col: 1115.3831, Jump: 359.8354, Decline: 93.1250, PDE: 1549.2415, Reg: 5233.8783), Eth Losses: China: 1080.2950, India: 1796.5662, Philippines: 944.4770... (more ethnicities), Val Loss: 927.2157, Val MAE: 14.0980, Val R2: 0.6264
2025-04-24 18:37:32,601 - spatial_moe_trainer - INFO - Epoch 4/100 - Train Loss: 884.9703 (Col: 933.4059, Jump: 319.4521, Decline: 95.2164, PDE: 1431.1367, Reg: 5870.4733), Eth Losses: China: 957.6418, India: 1422.6810, Philippines: 875.2186... (more ethnicities), Val Loss: 893.7307, Val MAE: 13.7055, Val R2: 0.6399
2025-04-24 18:37:55,141 - spatial_moe_trainer - INFO - Epoch 5/100 - Train Loss: 699.9799 (Col: 678.7837, Jump: 347.9810, Decline: 96.8397, PDE: 1410.3123, Reg: 5705.0792), Eth Losses: China: 982.7846, India: 669.4368, Philippines: 778.5293... (more ethnicities), Val Loss: 842.4435, Val MAE: 13.5024, Val R2: 0.6606
2025-04-24 18:38:17,577 - spatial_moe_trainer - INFO - Epoch 6/100 - Train Loss: 650.3678 (Col: 621.5906, Jump: 313.4742, Decline: 88.9990, PDE: 1326.0064, Reg: 6807.7358), Eth Losses: China: 1057.9385, India: 571.7493, Philippines: 657.1779... (more ethnicities), Val Loss: 773.9835, Val MAE: 12.9848, Val R2: 0.6882
2025-04-24 18:38:40,073 - spatial_moe_trainer - INFO - Epoch 7/100 - Train Loss: 630.5320 (Col: 608.8057, Jump: 318.4280, Decline: 89.2378, PDE: 1330.8336, Reg: 4641.7085), Eth Losses: China: 892.3181, India: 820.2457, Philippines: 571.9721... (more ethnicities), Val Loss: 682.2895, Val MAE: 13.0674, Val R2: 0.7251
2025-04-24 18:39:02,660 - spatial_moe_trainer - INFO - Epoch 8/100 - Train Loss: 556.1244 (Col: 519.9710, Jump: 281.0138, Decline: 103.7841, PDE: 1204.7989, Reg: 4631.2508), Eth Losses: China: 930.3294, India: 507.4878, Philippines: 477.0605... (more ethnicities), Val Loss: 719.8017, Val MAE: 13.0477, Val R2: 0.7100
2025-04-24 18:39:25,070 - spatial_moe_trainer - INFO - Epoch 9/100 - Train Loss: 598.8924 (Col: 577.6077, Jump: 286.6476, Decline: 98.1738, PDE: 1176.1460, Reg: 4795.3946), Eth Losses: China: 1076.6421, India: 668.4114, Philippines: 417.2943... (more ethnicities), Val Loss: 647.7679, Val MAE: 12.9121, Val R2: 0.7390
2025-04-24 18:39:47,721 - spatial_moe_trainer - INFO - Epoch 10/100 - Train Loss: 441.8449 (Col: 379.6639, Jump: 258.1765, Decline: 92.0515, PDE: 1154.7794, Reg: 3932.9421), Eth Losses: China: 550.2823, India: 474.5919, Philippines: 355.3793... (more ethnicities), Val Loss: 653.6944, Val MAE: 12.2813, Val R2: 0.7366
2025-04-24 18:40:10,354 - spatial_moe_trainer - INFO - Epoch 11/100 - Train Loss: 498.6022 (Col: 465.5142, Jump: 264.4779, Decline: 96.7068, PDE: 1078.2423, Reg: 3920.4972), Eth Losses: China: 785.7098, India: 671.6091, Philippines: 355.6232... (more ethnicities), Val Loss: 677.2348, Val MAE: 12.4559, Val R2: 0.7272
2025-04-24 18:40:32,910 - spatial_moe_trainer - INFO - Epoch 12/100 - Train Loss: 513.2905 (Col: 501.1787, Jump: 237.1669, Decline: 87.3319, PDE: 1040.4950, Reg: 3449.1372), Eth Losses: China: 783.8002, India: 548.7511, Philippines: 436.4137... (more ethnicities), Val Loss: 683.0133, Val MAE: 12.4834, Val R2: 0.7248
2025-04-24 18:40:55,542 - spatial_moe_trainer - INFO - Epoch 13/100 - Train Loss: 431.9034 (Col: 396.2608, Jump: 244.8701, Decline: 82.9636, PDE: 956.8904, Reg: 3696.4049), Eth Losses: China: 574.4332, India: 516.0233, Philippines: 340.5947... (more ethnicities), Val Loss: 623.3894, Val MAE: 13.3835, Val R2: 0.7489
2025-04-24 18:41:18,074 - spatial_moe_trainer - INFO - Epoch 14/100 - Train Loss: 440.3284 (Col: 423.5143, Jump: 218.9753, Decline: 79.6978, PDE: 933.1257, Reg: 2884.0066), Eth Losses: China: 496.9229, India: 689.6994, Philippines: 327.2358... (more ethnicities), Val Loss: 595.3092, Val MAE: 11.9578, Val R2: 0.7602
2025-04-24 18:41:40,447 - spatial_moe_trainer - INFO - Epoch 15/100 - Train Loss: 387.4050 (Col: 360.7024, Jump: 207.2198, Decline: 79.0405, PDE: 859.4946, Reg: 2586.1315), Eth Losses: China: 661.2231, India: 348.6335, Philippines: 312.9305... (more ethnicities), Val Loss: 562.7070, Val MAE: 11.7589, Val R2: 0.7733
2025-04-24 18:42:03,010 - spatial_moe_trainer - INFO - Epoch 16/100 - Train Loss: 450.3858 (Col: 451.3593, Jump: 223.6194, Decline: 75.4230, PDE: 811.9150, Reg: 2784.7235), Eth Losses: China: 782.3289, India: 381.2418, Philippines: 436.2997... (more ethnicities), Val Loss: 615.2852, Val MAE: 11.5647, Val R2: 0.7521
2025-04-24 18:42:25,633 - spatial_moe_trainer - INFO - Epoch 17/100 - Train Loss: 421.6845 (Col: 409.0697, Jump: 219.7701, Decline: 79.2511, PDE: 801.4721, Reg: 2955.8772), Eth Losses: China: 497.2808, India: 643.9782, Philippines: 300.9465... (more ethnicities), Val Loss: 552.4899, Val MAE: 11.2945, Val R2: 0.7774
2025-04-24 18:42:47,994 - spatial_moe_trainer - INFO - Epoch 18/100 - Train Loss: 388.2384 (Col: 386.3005, Jump: 202.8703, Decline: 75.7855, PDE: 745.1280, Reg: 2698.8082), Eth Losses: China: 582.1668, India: 472.8538, Philippines: 283.7915... (more ethnicities), Val Loss: 525.2679, Val MAE: 11.5463, Val R2: 0.7884
2025-04-24 18:43:10,630 - spatial_moe_trainer - INFO - Epoch 19/100 - Train Loss: 352.2604 (Col: 338.0515, Jump: 208.2974, Decline: 76.3132, PDE: 733.1306, Reg: 2692.9019), Eth Losses: China: 468.5747, India: 341.1495, Philippines: 348.2434... (more ethnicities), Val Loss: 540.0762, Val MAE: 11.5359, Val R2: 0.7824
2025-04-24 18:43:33,027 - spatial_moe_trainer - INFO - Epoch 20/100 - Train Loss: 330.0599 (Col: 302.4507, Jump: 179.6354, Decline: 70.2866, PDE: 728.7598, Reg: 2456.2221), Eth Losses: China: 545.3925, India: 282.7678, Philippines: 275.6777... (more ethnicities), Val Loss: 526.2231, Val MAE: 11.3660, Val R2: 0.7880
2025-04-24 18:43:55,502 - spatial_moe_trainer - INFO - Epoch 21/100 - Train Loss: 342.5231 (Col: 322.9263, Jump: 183.8968, Decline: 75.3473, PDE: 697.0554, Reg: 2447.5053), Eth Losses: China: 501.5782, India: 368.8172, Philippines: 309.2066... (more ethnicities), Val Loss: 540.4034, Val MAE: 11.1923, Val R2: 0.7823
2025-04-24 18:44:17,935 - spatial_moe_trainer - INFO - Epoch 22/100 - Train Loss: 343.1468 (Col: 335.3827, Jump: 203.9155, Decline: 71.9241, PDE: 669.7264, Reg: 2470.8615), Eth Losses: China: 488.4351, India: 401.1249, Philippines: 259.0948... (more ethnicities), Val Loss: 538.4637, Val MAE: 11.2303, Val R2: 0.7831
2025-04-24 18:44:40,423 - spatial_moe_trainer - INFO - Epoch 23/100 - Train Loss: 323.1456 (Col: 309.5386, Jump: 183.2341, Decline: 69.2646, PDE: 624.2899, Reg: 2745.8779), Eth Losses: China: 364.9385, India: 311.9653, Philippines: 353.6674... (more ethnicities), Val Loss: 529.3924, Val MAE: 11.2509, Val R2: 0.7867
2025-04-24 18:45:02,791 - spatial_moe_trainer - INFO - Epoch 24/100 - Train Loss: 313.4565 (Col: 311.2411, Jump: 185.3839, Decline: 72.3492, PDE: 622.4776, Reg: 1873.9363), Eth Losses: China: 478.9516, India: 321.0705, Philippines: 221.2008... (more ethnicities), Val Loss: 522.9362, Val MAE: 10.9849, Val R2: 0.7893
2025-04-24 18:45:25,276 - spatial_moe_trainer - INFO - Epoch 25/100 - Train Loss: 344.9012 (Col: 347.0267, Jump: 197.5508, Decline: 77.1175, PDE: 591.9655, Reg: 2635.6673), Eth Losses: China: 537.1797, India: 429.0322, Philippines: 205.0171... (more ethnicities), Val Loss: 542.7666, Val MAE: 11.0320, Val R2: 0.7813
2025-04-24 18:45:47,771 - spatial_moe_trainer - INFO - Epoch 26/100 - Train Loss: 299.6580 (Col: 278.7334, Jump: 152.3003, Decline: 93.4385, PDE: 574.8274, Reg: 2669.9616), Eth Losses: China: 337.8297, India: 268.1653, Philippines: 323.1886... (more ethnicities), Val Loss: 532.3496, Val MAE: 10.9001, Val R2: 0.7855
2025-04-24 18:46:10,414 - spatial_moe_trainer - INFO - Epoch 27/100 - Train Loss: 291.8425 (Col: 268.7325, Jump: 179.9836, Decline: 90.3827, PDE: 586.2262, Reg: 2332.8061), Eth Losses: China: 419.3404, India: 320.7319, Philippines: 208.2636... (more ethnicities), Val Loss: 551.7814, Val MAE: 11.1361, Val R2: 0.7777
2025-04-24 18:46:32,891 - spatial_moe_trainer - INFO - Epoch 28/100 - Train Loss: 333.8328 (Col: 338.4232, Jump: 158.1237, Decline: 88.0152, PDE: 536.3777, Reg: 2595.5524), Eth Losses: China: 403.5866, India: 382.4374, Philippines: 223.6757... (more ethnicities), Val Loss: 506.5289, Val MAE: 11.0874, Val R2: 0.7959
2025-04-24 18:46:55,583 - spatial_moe_trainer - INFO - Epoch 29/100 - Train Loss: 290.6823 (Col: 270.7491, Jump: 153.8392, Decline: 94.0430, PDE: 560.4315, Reg: 2806.2204), Eth Losses: China: 488.5373, India: 222.5982, Philippines: 217.7756... (more ethnicities), Val Loss: 552.6139, Val MAE: 10.8960, Val R2: 0.7774
2025-04-24 18:47:18,156 - spatial_moe_trainer - INFO - Epoch 30/100 - Train Loss: 306.8598 (Col: 300.4014, Jump: 150.1752, Decline: 104.4803, PDE: 519.0987, Reg: 2299.2334), Eth Losses: China: 484.0069, India: 242.2484, Philippines: 206.9331... (more ethnicities), Val Loss: 526.3624, Val MAE: 10.8104, Val R2: 0.7879
2025-04-24 18:47:40,698 - spatial_moe_trainer - INFO - Epoch 31/100 - Train Loss: 300.3249 (Col: 285.8730, Jump: 151.7286, Decline: 85.7593, PDE: 542.5812, Reg: 2617.0797), Eth Losses: China: 512.2824, India: 283.9531, Philippines: 195.7329... (more ethnicities), Val Loss: 547.4398, Val MAE: 10.7872, Val R2: 0.7794
2025-04-24 18:48:03,167 - spatial_moe_trainer - INFO - Epoch 32/100 - Train Loss: 308.8413 (Col: 299.9379, Jump: 159.7969, Decline: 87.3844, PDE: 542.4921, Reg: 2589.8885), Eth Losses: China: 416.9308, India: 337.6544, Philippines: 277.4013... (more ethnicities), Val Loss: 531.3924, Val MAE: 10.5593, Val R2: 0.7859
2025-04-24 18:48:25,607 - spatial_moe_trainer - INFO - Epoch 33/100 - Train Loss: 282.3099 (Col: 271.5539, Jump: 155.9929, Decline: 83.1754, PDE: 532.7019, Reg: 2825.7142), Eth Losses: China: 430.1766, India: 240.1692, Philippines: 281.7064... (more ethnicities), Val Loss: 515.7636, Val MAE: 10.7502, Val R2: 0.7922
2025-04-24 18:48:47,982 - spatial_moe_trainer - INFO - Epoch 34/100 - Train Loss: 290.6953 (Col: 273.4586, Jump: 147.5707, Decline: 110.1609, PDE: 549.0151, Reg: 2359.4159), Eth Losses: China: 369.1808, India: 397.3877, Philippines: 158.6601... (more ethnicities), Val Loss: 542.2049, Val MAE: 10.7781, Val R2: 0.7816
2025-04-24 18:49:10,585 - spatial_moe_trainer - INFO - Epoch 35/100 - Train Loss: 262.2685 (Col: 231.8608, Jump: 140.4310, Decline: 91.2556, PDE: 582.5192, Reg: 3440.4368), Eth Losses: China: 396.6574, India: 238.4047, Philippines: 188.4559... (more ethnicities), Val Loss: 507.6752, Val MAE: 10.7744, Val R2: 0.7955
2025-04-24 18:49:33,002 - spatial_moe_trainer - INFO - Epoch 36/100 - Train Loss: 229.5345 (Col: 191.9704, Jump: 155.0582, Decline: 93.5922, PDE: 507.1508, Reg: 3275.8092), Eth Losses: China: 260.8985, India: 225.9828, Philippines: 189.2645... (more ethnicities), Val Loss: 526.2175, Val MAE: 10.6637, Val R2: 0.7880
2025-04-24 18:49:55,364 - spatial_moe_trainer - INFO - Epoch 37/100 - Train Loss: 244.2630 (Col: 213.3379, Jump: 163.5330, Decline: 92.9626, PDE: 484.0807, Reg: 2980.2568), Eth Losses: China: 306.6571, India: 284.3344, Philippines: 156.1291... (more ethnicities), Val Loss: 539.3038, Val MAE: 10.7352, Val R2: 0.7827
2025-04-24 18:50:17,954 - spatial_moe_trainer - INFO - Epoch 38/100 - Train Loss: 240.8984 (Col: 211.0335, Jump: 145.8408, Decline: 83.8220, PDE: 502.9200, Reg: 2806.2695), Eth Losses: China: 217.7290, India: 237.5857, Philippines: 302.6429... (more ethnicities), Val Loss: 541.4907, Val MAE: 10.7692, Val R2: 0.7818
2025-04-24 18:50:17,954 - spatial_moe_trainer - INFO - Early stopping at epoch 38
2025-04-24 18:50:17,970 - spatial_moe_trainer - INFO - Saving metrics to ./optuna_results/trial_25/metrics
2025-04-24 18:50:17,973 - spatial_moe_trainer - INFO - Training metrics saved to ./optuna_results/trial_25/metrics/training_metrics.csv
2025-04-24 18:50:17,976 - spatial_moe_trainer - INFO - Validation metrics saved to ./optuna_results/trial_25/metrics/validation_metrics.csv
2025-04-24 18:50:18,015 - spatial_moe_trainer - INFO - Multi-Ethnic Spatial MoE model saved to ./optuna_results/trial_25/model.pt
2025-04-24 18:50:18,048 - __mp_main__ - INFO - Running trial 26 on device cuda:0
2025-04-24 18:50:18,063 - __main__ - INFO - Trial 25 completed with value: 506.528852
2025-04-24 18:50:18,240 - __mp_main__ - INFO - Using adjusted dimensions - hidden_dims: [161, 77, 21], coord_embed_dim: 42
2025-04-24 18:50:18,293 - spatial_moe_trainer - INFO - Multi-Ethnic Spatial MoE model initialized on cuda:0
2025-04-24 18:50:18,293 - spatial_moe_trainer - INFO - Model will predict 5 ethnicities: ['China', 'India', 'Philippines', 'Portugal', 'Sri Lanka']
2025-04-24 18:50:18,314 - __mp_main__ - INFO - Testing model forward pass before training...
2025-04-24 18:50:18,473 - __mp_main__ - INFO - Test forward pass successful. Output shape: torch.Size([64, 5])
2025-04-24 18:50:18,473 - spatial_moe_trainer - INFO - Starting multi-ethnic spatial MoE model training with learnable expert router...
2025-04-24 18:50:18,473 - spatial_moe_trainer - INFO - Using colonization_weight=5.357351831472817, jump_weight=2.9908768888950084, decline_weight=5.923140703651437, pde_weight=6.15605757570809
2025-04-24 18:50:40,927 - spatial_moe_trainer - INFO - Epoch 1/100 - Train Loss: 1937.1828 (Col: 2054.1365, Jump: 912.2666, Decline: 142.5397, PDE: 3934.5046, Reg: 7952.8118), Eth Losses: China: 3769.1995, India: 2448.0776, Philippines: 1414.6486... (more ethnicities), Val Loss: 1420.8861, Val MAE: 15.9364, Val R2: 0.4276
2025-04-24 18:51:03,609 - spatial_moe_trainer - INFO - Epoch 2/100 - Train Loss: 1385.9568 (Col: 1404.3259, Jump: 565.8167, Decline: 120.2174, PDE: 3148.5401, Reg: 11379.0829), Eth Losses: China: 2206.8985, India: 1891.0673, Philippines: 1194.9721... (more ethnicities), Val Loss: 1010.6686, Val MAE: 14.2264, Val R2: 0.5928
2025-04-24 18:51:26,091 - spatial_moe_trainer - INFO - Epoch 3/100 - Train Loss: 1092.2460 (Col: 1061.7187, Jump: 427.1621, Decline: 110.1762, PDE: 2849.2159, Reg: 11077.1775), Eth Losses: China: 1325.3888, India: 1616.1915, Philippines: 988.2874... (more ethnicities), Val Loss: 885.5600, Val MAE: 13.7371, Val R2: 0.6432
2025-04-24 18:51:48,497 - spatial_moe_trainer - INFO - Epoch 4/100 - Train Loss: 919.8080 (Col: 856.7883, Jump: 403.8814, Decline: 113.8637, PDE: 2510.8626, Reg: 11324.6742), Eth Losses: China: 908.7618, India: 1330.9224, Philippines: 867.9624... (more ethnicities), Val Loss: 834.4235, Val MAE: 13.1924, Val R2: 0.6638
2025-04-24 18:52:11,017 - spatial_moe_trainer - INFO - Epoch 5/100 - Train Loss: 855.7163 (Col: 770.4318, Jump: 357.3917, Decline: 108.1175, PDE: 2409.5300, Reg: 12444.2870), Eth Losses: China: 1144.8983, India: 1000.4671, Philippines: 735.5505... (more ethnicities), Val Loss: 782.5626, Val MAE: 13.0344, Val R2: 0.6847
2025-04-24 18:52:33,492 - spatial_moe_trainer - INFO - Epoch 6/100 - Train Loss: 740.8558 (Col: 637.5302, Jump: 393.9802, Decline: 114.0789, PDE: 2325.8673, Reg: 10098.8347), Eth Losses: China: 1141.4916, India: 501.4193, Philippines: 757.2303... (more ethnicities), Val Loss: 705.2148, Val MAE: 12.6989, Val R2: 0.7159
2025-04-24 18:52:55,904 - spatial_moe_trainer - INFO - Epoch 7/100 - Train Loss: 768.8546 (Col: 674.7318, Jump: 309.3121, Decline: 115.8451, PDE: 2231.7119, Reg: 12847.1196), Eth Losses: China: 972.0068, India: 871.7207, Philippines: 764.0666... (more ethnicities), Val Loss: 709.7769, Val MAE: 12.5126, Val R2: 0.7140
2025-04-24 18:53:18,327 - spatial_moe_trainer - INFO - Epoch 8/100 - Train Loss: 673.1032 (Col: 571.6152, Jump: 355.1380, Decline: 112.6949, PDE: 2193.7894, Reg: 12225.5827), Eth Losses: China: 1117.3106, India: 566.6850, Philippines: 558.2001... (more ethnicities), Val Loss: 655.7558, Val MAE: 12.1593, Val R2: 0.7358
2025-04-24 18:53:40,791 - spatial_moe_trainer - INFO - Epoch 9/100 - Train Loss: 626.5565 (Col: 512.0682, Jump: 312.0356, Decline: 123.5341, PDE: 2044.2283, Reg: 10375.0790), Eth Losses: China: 952.2511, India: 675.2862, Philippines: 502.1414... (more ethnicities), Val Loss: 647.1582, Val MAE: 11.6268, Val R2: 0.7393
2025-04-24 18:54:03,306 - spatial_moe_trainer - INFO - Epoch 10/100 - Train Loss: 584.4603 (Col: 466.0177, Jump: 335.2791, Decline: 111.8748, PDE: 2097.0074, Reg: 8074.4622), Eth Losses: China: 776.4277, India: 713.3958, Philippines: 487.1462... (more ethnicities), Val Loss: 675.3356, Val MAE: 12.0403, Val R2: 0.7279
2025-04-24 18:54:25,774 - spatial_moe_trainer - INFO - Epoch 11/100 - Train Loss: 617.0428 (Col: 523.7750, Jump: 299.4593, Decline: 125.3533, PDE: 1970.0125, Reg: 8581.4133), Eth Losses: China: 1001.8778, India: 624.2365, Philippines: 581.6569... (more ethnicities), Val Loss: 658.2152, Val MAE: 11.8846, Val R2: 0.7348
2025-04-24 18:54:48,202 - spatial_moe_trainer - INFO - Epoch 12/100 - Train Loss: 512.8997 (Col: 370.1745, Jump: 403.0449, Decline: 140.2873, PDE: 1997.3189, Reg: 8213.8024), Eth Losses: China: 802.3978, India: 436.3103, Philippines: 446.2603... (more ethnicities), Val Loss: 641.4108, Val MAE: 12.0043, Val R2: 0.7416
2025-04-24 18:55:10,610 - spatial_moe_trainer - INFO - Trial pruned at epoch 13
2025-04-24 18:55:10,618 - spatial_moe_trainer - INFO - Saving metrics to ./optuna_results/trial_26/metrics
2025-04-24 18:55:10,620 - spatial_moe_trainer - INFO - Training metrics saved to ./optuna_results/trial_26/metrics/training_metrics.csv
2025-04-24 18:55:10,622 - spatial_moe_trainer - INFO - Validation metrics saved to ./optuna_results/trial_26/metrics/validation_metrics.csv
2025-04-24 18:55:10,662 - spatial_moe_trainer - INFO - Multi-Ethnic Spatial MoE model saved to ./optuna_results/trial_26/model.pt
2025-04-24 18:55:10,696 - __mp_main__ - INFO - Running trial 27 on device cuda:0
2025-04-24 18:55:10,710 - __main__ - INFO - Trial 26 completed with value: 639.492164
2025-04-24 18:55:10,892 - __mp_main__ - INFO - Using adjusted dimensions - hidden_dims: [108, 36, 24], coord_embed_dim: 42
2025-04-24 18:55:10,940 - spatial_moe_trainer - INFO - Multi-Ethnic Spatial MoE model initialized on cuda:0
2025-04-24 18:55:10,941 - spatial_moe_trainer - INFO - Model will predict 5 ethnicities: ['China', 'India', 'Philippines', 'Portugal', 'Sri Lanka']
2025-04-24 18:55:10,961 - __mp_main__ - INFO - Testing model forward pass before training...
2025-04-24 18:55:11,121 - __mp_main__ - INFO - Test forward pass successful. Output shape: torch.Size([64, 5])
2025-04-24 18:55:11,121 - spatial_moe_trainer - INFO - Starting multi-ethnic spatial MoE model training with learnable expert router...
2025-04-24 18:55:11,121 - spatial_moe_trainer - INFO - Using colonization_weight=3.331627132623818, jump_weight=6.557090256937188, decline_weight=8.140072354070861, pde_weight=7.183273796782091
2025-04-24 18:55:33,687 - spatial_moe_trainer - INFO - Epoch 1/100 - Train Loss: 1689.5779 (Col: 1892.2233, Jump: 464.1144, Decline: 81.5620, PDE: 2540.3459, Reg: 7003.6474), Eth Losses: China: 3392.0078, India: 2232.0153, Philippines: 1160.5394... (more ethnicities), Val Loss: 881.8904, Val MAE: 13.7957, Val R2: 0.6447
2025-04-24 18:55:55,942 - spatial_moe_trainer - INFO - Epoch 2/100 - Train Loss: 1060.6727 (Col: 1095.6228, Jump: 353.4279, Decline: 77.8240, PDE: 1918.1039, Reg: 5915.7131), Eth Losses: China: 1411.1699, India: 1861.9945, Philippines: 749.2811... (more ethnicities), Val Loss: 739.8877, Val MAE: 13.0919, Val R2: 0.7019
2025-04-24 18:56:18,549 - spatial_moe_trainer - INFO - Epoch 3/100 - Train Loss: 867.3333 (Col: 871.6086, Jump: 308.4244, Decline: 82.8793, PDE: 1642.1005, Reg: 6987.8764), Eth Losses: China: 1292.7192, India: 1230.7739, Philippines: 648.7274... (more ethnicities), Val Loss: 694.6952, Val MAE: 12.5797, Val R2: 0.7201
2025-04-24 18:56:40,940 - spatial_moe_trainer - INFO - Epoch 4/100 - Train Loss: 774.4916 (Col: 781.9910, Jump: 243.5840, Decline: 86.3674, PDE: 1449.3105, Reg: 6742.2761), Eth Losses: China: 1124.2535, India: 1001.7878, Philippines: 707.2967... (more ethnicities), Val Loss: 647.5417, Val MAE: 12.0724, Val R2: 0.7391
2025-04-24 18:57:03,456 - spatial_moe_trainer - INFO - Epoch 5/100 - Train Loss: 749.9063 (Col: 787.3050, Jump: 228.2372, Decline: 82.3180, PDE: 1336.4184, Reg: 5540.3745), Eth Losses: China: 1543.2676, India: 764.8530, Philippines: 573.0343... (more ethnicities), Val Loss: 653.2514, Val MAE: 12.0333, Val R2: 0.7368
2025-04-24 18:57:25,912 - spatial_moe_trainer - INFO - Epoch 6/100 - Train Loss: 731.8170 (Col: 772.1733, Jump: 198.7638, Decline: 87.4568, PDE: 1228.6781, Reg: 5132.7931), Eth Losses: China: 1333.1891, India: 961.6181, Philippines: 631.3561... (more ethnicities), Val Loss: 575.9057, Val MAE: 11.5307, Val R2: 0.7680
2025-04-24 18:57:48,308 - spatial_moe_trainer - INFO - Epoch 7/100 - Train Loss: 566.9053 (Col: 559.3269, Jump: 191.4872, Decline: 77.6612, PDE: 1130.2996, Reg: 4853.9437), Eth Losses: China: 1112.2276, India: 540.0753, Philippines: 506.6784... (more ethnicities), Val Loss: 622.7025, Val MAE: 11.3471, Val R2: 0.7491
2025-04-24 18:58:10,800 - spatial_moe_trainer - INFO - Epoch 8/100 - Train Loss: 565.6818 (Col: 570.1645, Jump: 179.2493, Decline: 76.4985, PDE: 1086.6786, Reg: 4923.2832), Eth Losses: China: 1101.4931, India: 454.5812, Philippines: 418.4370... (more ethnicities), Val Loss: 576.1282, Val MAE: 11.0835, Val R2: 0.7679
2025-04-24 18:58:33,178 - spatial_moe_trainer - INFO - Epoch 9/100 - Train Loss: 499.8814 (Col: 473.9288, Jump: 174.6016, Decline: 81.5577, PDE: 1093.4555, Reg: 4137.8796), Eth Losses: China: 801.8946, India: 611.1556, Philippines: 514.6072... (more ethnicities), Val Loss: 626.8737, Val MAE: 11.2906, Val R2: 0.7474
2025-04-24 18:58:55,558 - spatial_moe_trainer - INFO - Epoch 10/100 - Train Loss: 464.1021 (Col: 439.8721, Jump: 174.9829, Decline: 79.0690, PDE: 1003.2873, Reg: 3366.8815), Eth Losses: China: 740.1768, India: 593.4196, Philippines: 453.6796... (more ethnicities), Val Loss: 694.8411, Val MAE: 11.2132, Val R2: 0.7201
2025-04-24 18:59:18,029 - spatial_moe_trainer - INFO - Epoch 11/100 - Train Loss: 525.3630 (Col: 520.6597, Jump: 145.5542, Decline: 87.0289, PDE: 958.0341, Reg: 4625.6473), Eth Losses: China: 770.7298, India: 640.3555, Philippines: 514.2800... (more ethnicities), Val Loss: 685.8495, Val MAE: 11.3817, Val R2: 0.7237
2025-04-24 18:59:40,620 - spatial_moe_trainer - INFO - Epoch 12/100 - Train Loss: 447.7891 (Col: 420.2551, Jump: 179.2106, Decline: 93.4661, PDE: 951.1138, Reg: 5656.8589), Eth Losses: China: 784.3168, India: 483.7505, Philippines: 463.6118... (more ethnicities), Val Loss: 689.0070, Val MAE: 11.3974, Val R2: 0.7224
2025-04-24 19:00:02,994 - spatial_moe_trainer - INFO - Epoch 13/100 - Train Loss: 447.2824 (Col: 436.5005, Jump: 153.0539, Decline: 80.6773, PDE: 883.1680, Reg: 3646.2677), Eth Losses: China: 773.5350, India: 379.2224, Philippines: 393.3311... (more ethnicities), Val Loss: 599.7879, Val MAE: 10.8107, Val R2: 0.7584
2025-04-24 19:00:25,439 - spatial_moe_trainer - INFO - Epoch 14/100 - Train Loss: 384.9674 (Col: 358.3789, Jump: 161.5823, Decline: 70.1914, PDE: 869.9547, Reg: 2939.8416), Eth Losses: China: 769.1805, India: 313.7379, Philippines: 312.8086... (more ethnicities), Val Loss: 532.0835, Val MAE: 10.9421, Val R2: 0.7856
2025-04-24 19:00:47,942 - spatial_moe_trainer - INFO - Epoch 15/100 - Train Loss: 335.4864 (Col: 298.6566, Jump: 149.9400, Decline: 74.5777, PDE: 783.7505, Reg: 3468.2547), Eth Losses: China: 547.5474, India: 351.3539, Philippines: 267.0995... (more ethnicities), Val Loss: 535.8126, Val MAE: 10.8156, Val R2: 0.7841
2025-04-24 19:01:10,352 - spatial_moe_trainer - INFO - Epoch 16/100 - Train Loss: 315.2398 (Col: 270.0253, Jump: 153.6721, Decline: 66.3464, PDE: 782.1831, Reg: 3826.2475), Eth Losses: China: 532.1347, India: 283.4814, Philippines: 383.7158... (more ethnicities), Val Loss: 483.3369, Val MAE: 10.3520, Val R2: 0.8053
2025-04-24 19:01:32,767 - spatial_moe_trainer - INFO - Epoch 17/100 - Train Loss: 333.4446 (Col: 311.1721, Jump: 125.7252, Decline: 67.8635, PDE: 707.9516, Reg: 3028.0800), Eth Losses: China: 454.6134, India: 418.8800, Philippines: 256.5644... (more ethnicities), Val Loss: 560.9224, Val MAE: 10.7218, Val R2: 0.7740
2025-04-24 19:01:55,224 - spatial_moe_trainer - INFO - Epoch 18/100 - Train Loss: 319.3428 (Col: 294.0835, Jump: 123.0794, Decline: 68.2928, PDE: 700.6611, Reg: 2837.0184), Eth Losses: China: 537.8199, India: 342.0763, Philippines: 232.9800... (more ethnicities), Val Loss: 549.0849, Val MAE: 10.9991, Val R2: 0.7788
2025-04-24 19:02:17,707 - spatial_moe_trainer - INFO - Epoch 19/100 - Train Loss: 303.8830 (Col: 275.0872, Jump: 152.9592, Decline: 67.1525, PDE: 693.6206, Reg: 2658.8803), Eth Losses: China: 458.6698, India: 267.1224, Philippines: 318.6775... (more ethnicities), Val Loss: 578.3204, Val MAE: 10.6138, Val R2: 0.7670
2025-04-24 19:02:40,165 - spatial_moe_trainer - INFO - Epoch 20/100 - Train Loss: 307.5751 (Col: 282.0424, Jump: 129.5178, Decline: 64.8273, PDE: 734.2794, Reg: 2624.7053), Eth Losses: China: 558.0250, India: 282.4805, Philippines: 258.4210... (more ethnicities), Val Loss: 535.7648, Val MAE: 10.6267, Val R2: 0.7842
2025-04-24 19:03:02,826 - spatial_moe_trainer - INFO - Epoch 21/100 - Train Loss: 271.3056 (Col: 238.8444, Jump: 137.1344, Decline: 64.9855, PDE: 664.0465, Reg: 2968.7026), Eth Losses: China: 438.1562, India: 227.4360, Philippines: 331.1676... (more ethnicities), Val Loss: 543.8215, Val MAE: 10.8362, Val R2: 0.7809
2025-04-24 19:03:25,351 - spatial_moe_trainer - INFO - Epoch 22/100 - Train Loss: 254.1634 (Col: 210.4994, Jump: 137.1941, Decline: 66.9074, PDE: 626.5730, Reg: 4208.5595), Eth Losses: China: 388.2787, India: 268.7535, Philippines: 185.9701... (more ethnicities), Val Loss: 589.7642, Val MAE: 10.9524, Val R2: 0.7624
2025-04-24 19:03:47,720 - spatial_moe_trainer - INFO - Epoch 23/100 - Train Loss: 314.2648 (Col: 303.8000, Jump: 149.9895, Decline: 68.5388, PDE: 606.3747, Reg: 2967.1739), Eth Losses: China: 594.4022, India: 255.9975, Philippines: 320.0038... (more ethnicities), Val Loss: 496.7183, Val MAE: 10.5157, Val R2: 0.7999
2025-04-24 19:04:10,251 - spatial_moe_trainer - INFO - Epoch 24/100 - Train Loss: 271.6472 (Col: 236.5838, Jump: 119.5047, Decline: 68.7598, PDE: 616.5620, Reg: 3170.9237), Eth Losses: China: 550.4169, India: 232.5368, Philippines: 201.6935... (more ethnicities), Val Loss: 550.4317, Val MAE: 10.6582, Val R2: 0.7782
2025-04-24 19:04:32,587 - spatial_moe_trainer - INFO - Epoch 25/100 - Train Loss: 234.6012 (Col: 193.9795, Jump: 131.7373, Decline: 67.1398, PDE: 604.5417, Reg: 2852.9646), Eth Losses: China: 345.6853, India: 212.0191, Philippines: 225.9602... (more ethnicities), Val Loss: 531.5040, Val MAE: 10.6962, Val R2: 0.7859
2025-04-24 19:04:55,035 - spatial_moe_trainer - INFO - Epoch 26/100 - Train Loss: 225.7673 (Col: 179.4415, Jump: 136.1895, Decline: 73.4861, PDE: 620.1798, Reg: 2554.3514), Eth Losses: China: 355.5680, India: 228.5388, Philippines: 220.1605... (more ethnicities), Val Loss: 628.5767, Val MAE: 10.7751, Val R2: 0.7468
2025-04-24 19:04:55,035 - spatial_moe_trainer - INFO - Early stopping at epoch 26
2025-04-24 19:04:55,051 - spatial_moe_trainer - INFO - Saving metrics to ./optuna_results/trial_27/metrics
2025-04-24 19:04:55,054 - spatial_moe_trainer - INFO - Training metrics saved to ./optuna_results/trial_27/metrics/training_metrics.csv
2025-04-24 19:04:55,056 - spatial_moe_trainer - INFO - Validation metrics saved to ./optuna_results/trial_27/metrics/validation_metrics.csv
2025-04-24 19:04:55,094 - spatial_moe_trainer - INFO - Multi-Ethnic Spatial MoE model saved to ./optuna_results/trial_27/model.pt
2025-04-24 19:04:55,129 - __mp_main__ - INFO - Running trial 28 on device cuda:0
2025-04-24 19:04:55,140 - __main__ - INFO - Trial 27 completed with value: 483.336899
2025-04-24 19:04:55,326 - __mp_main__ - INFO - Using adjusted dimensions - hidden_dims: [84, 45, 15], coord_embed_dim: 24
2025-04-24 19:04:55,513 - spatial_moe_trainer - INFO - Multi-Ethnic Spatial MoE model initialized on cuda:0
2025-04-24 19:04:55,513 - spatial_moe_trainer - INFO - Model will predict 5 ethnicities: ['China', 'India', 'Philippines', 'Portugal', 'Sri Lanka']
2025-04-24 19:04:55,533 - __mp_main__ - INFO - Testing model forward pass before training...
2025-04-24 19:04:55,691 - __mp_main__ - INFO - Test forward pass successful. Output shape: torch.Size([64, 5])
2025-04-24 19:04:55,691 - spatial_moe_trainer - INFO - Starting multi-ethnic spatial MoE model training with learnable expert router...
2025-04-24 19:04:55,691 - spatial_moe_trainer - INFO - Using colonization_weight=4.5253324391353855, jump_weight=5.3097978113639135, decline_weight=5.923140703651437, pde_weight=4.886754302944212
2025-04-24 19:05:18,178 - spatial_moe_trainer - INFO - Epoch 1/100 - Train Loss: 1896.3563 (Col: 2109.5753, Jump: 371.1930, Decline: 240.3909, PDE: 2342.4553, Reg: 8848.2243), Eth Losses: China: 3684.6085, India: 2366.8300, Philippines: 1447.5303... (more ethnicities), Val Loss: 1436.4545, Val MAE: 13.2852, Val R2: 0.4213
2025-04-24 19:05:40,796 - spatial_moe_trainer - INFO - Epoch 2/100 - Train Loss: 1611.4070 (Col: 1875.9138, Jump: 332.1897, Decline: 104.8572, PDE: 1904.7303, Reg: 6182.9851), Eth Losses: China: 3063.7005, India: 2127.3651, Philippines: 1236.4689... (more ethnicities), Val Loss: 1388.7364, Val MAE: 12.5717, Val R2: 0.4405
2025-04-24 19:06:03,405 - spatial_moe_trainer - INFO - Epoch 3/100 - Train Loss: 1507.3252 (Col: 1728.3046, Jump: 337.8259, Decline: 115.3549, PDE: 1591.2021, Reg: 7103.3088), Eth Losses: China: 2972.6553, India: 1996.1994, Philippines: 1071.7108... (more ethnicities), Val Loss: 1262.3211, Val MAE: 13.5072, Val R2: 0.4914
2025-04-24 19:06:25,981 - spatial_moe_trainer - INFO - Epoch 4/100 - Train Loss: 1425.3898 (Col: 1657.9119, Jump: 219.4019, Decline: 134.8791, PDE: 1422.3359, Reg: 6666.6998), Eth Losses: China: 2741.6923, India: 1925.8855, Philippines: 1014.1411... (more ethnicities), Val Loss: 1114.7026, Val MAE: 13.5430, Val R2: 0.5509
2025-04-24 19:06:48,416 - spatial_moe_trainer - INFO - Epoch 5/100 - Train Loss: 1366.1964 (Col: 1580.4385, Jump: 238.9544, Decline: 158.9242, PDE: 1275.9927, Reg: 6338.5783), Eth Losses: China: 2797.8697, India: 1753.7453, Philippines: 918.2195... (more ethnicities), Val Loss: 1158.3913, Val MAE: 14.0535, Val R2: 0.5333
2025-04-24 19:07:10,716 - spatial_moe_trainer - INFO - Epoch 6/100 - Train Loss: 1290.5090 (Col: 1505.3233, Jump: 180.8186, Decline: 179.8786, PDE: 1205.7857, Reg: 5225.3667), Eth Losses: China: 2650.1259, India: 1717.4457, Philippines: 828.8670... (more ethnicities), Val Loss: 1090.2830, Val MAE: 14.0831, Val R2: 0.5608
2025-04-24 19:07:33,279 - spatial_moe_trainer - INFO - Epoch 7/100 - Train Loss: 1299.5184 (Col: 1539.0197, Jump: 209.7201, Decline: 179.3756, PDE: 1330.7329, Reg: 4376.4649), Eth Losses: China: 2634.2668, India: 1779.5310, Philippines: 892.5157... (more ethnicities), Val Loss: 1136.5510, Val MAE: 13.6775, Val R2: 0.5421
2025-04-24 19:07:55,774 - spatial_moe_trainer - INFO - Epoch 8/100 - Train Loss: 1337.7334 (Col: 1554.9159, Jump: 180.5377, Decline: 176.2858, PDE: 1318.2891, Reg: 4930.0382), Eth Losses: China: 2920.3206, India: 1698.3179, Philippines: 894.0782... (more ethnicities), Val Loss: 1196.9062, Val MAE: 14.3502, Val R2: 0.5178
2025-04-24 19:08:18,205 - spatial_moe_trainer - INFO - Epoch 9/100 - Train Loss: 1305.5902 (Col: 1514.9692, Jump: 194.5799, Decline: 189.3601, PDE: 1171.2983, Reg: 5012.3539), Eth Losses: China: 2677.8066, India: 1727.0876, Philippines: 837.2148... (more ethnicities), Val Loss: 1141.8363, Val MAE: 13.1031, Val R2: 0.5400
2025-04-24 19:08:40,549 - spatial_moe_trainer - INFO - Epoch 10/100 - Train Loss: 1233.2756 (Col: 1440.0396, Jump: 195.7048, Decline: 170.0616, PDE: 1251.0657, Reg: 4074.1217), Eth Losses: China: 2562.9357, India: 1585.1042, Philippines: 874.3302... (more ethnicities), Val Loss: 1153.2538, Val MAE: 13.4586, Val R2: 0.5354
2025-04-24 19:08:42,527 - __mp_main__ - ERROR - Error in trial 28: CUDA error: device-side assert triggered
CUDA kernel errors might be asynchronously reported at some other API call, so the stacktrace below might be incorrect.
For debugging consider passing CUDA_LAUNCH_BLOCKING=1
Compile with `TORCH_USE_CUDA_DSA` to enable device-side assertions.
Traceback (most recent call last):
  File "/home/navid_m_moghadam/optuna_hyperparam_search.py", line 325, in objective
    history = trainer.train(
  File "/home/navid_m_moghadam/spatial_moe_trainer.py", line 257, in train
    total_loss.backward()
  File "/home/navid_m_moghadam/hpo_env/lib/python3.10/site-packages/torch/_tensor.py", line 581, in backward
    torch.autograd.backward(
  File "/home/navid_m_moghadam/hpo_env/lib/python3.10/site-packages/torch/autograd/__init__.py", line 347, in backward
    _engine_run_backward(
  File "/home/navid_m_moghadam/hpo_env/lib/python3.10/site-packages/torch/autograd/graph.py", line 825, in _engine_run_backward
    return Variable._execution_engine.run_backward(  # Calls into the C++ engine to run the backward pass
RuntimeError: CUDA error: device-side assert triggered
CUDA kernel errors might be asynchronously reported at some other API call, so the stacktrace below might be incorrect.
For debugging consider passing CUDA_LAUNCH_BLOCKING=1
Compile with `TORCH_USE_CUDA_DSA` to enable device-side assertions.

2025-04-24 19:08:42,582 - __mp_main__ - INFO - Running trial 29 on device cuda:0
2025-04-24 19:08:42,595 - __main__ - INFO - Trial 28 completed with value: inf
2025-04-24 19:08:42,781 - __mp_main__ - INFO - Using adjusted dimensions - hidden_dims: [138, 66, 42], coord_embed_dim: 42
2025-04-24 19:08:42,791 - __mp_main__ - ERROR - Error in trial 29: CUDA error: device-side assert triggered
CUDA kernel errors might be asynchronously reported at some other API call, so the stacktrace below might be incorrect.
For debugging consider passing CUDA_LAUNCH_BLOCKING=1
Compile with `TORCH_USE_CUDA_DSA` to enable device-side assertions.
Traceback (most recent call last):
  File "/home/navid_m_moghadam/optuna_hyperparam_search.py", line 254, in objective
    model = MultiEthnicSpatialMoEPredictor(
  File "/home/navid_m_moghadam/spatial_moe_model.py", line 298, in __init__
    self.colonization_expert = MultiEthnicColonizationExpert(
  File "/home/navid_m_moghadam/csrn/experts/colonization_expert.py", line 44, in __init__
    ).to(device)
  File "/home/navid_m_moghadam/hpo_env/lib/python3.10/site-packages/torch/nn/modules/module.py", line 1340, in to
    return self._apply(convert)
  File "/home/navid_m_moghadam/hpo_env/lib/python3.10/site-packages/torch/nn/modules/module.py", line 900, in _apply
    module._apply(fn)
  File "/home/navid_m_moghadam/hpo_env/lib/python3.10/site-packages/torch/nn/modules/module.py", line 927, in _apply
    param_applied = fn(param)
  File "/home/navid_m_moghadam/hpo_env/lib/python3.10/site-packages/torch/nn/modules/module.py", line 1326, in convert
    return t.to(
RuntimeError: CUDA error: device-side assert triggered
CUDA kernel errors might be asynchronously reported at some other API call, so the stacktrace below might be incorrect.
For debugging consider passing CUDA_LAUNCH_BLOCKING=1
Compile with `TORCH_USE_CUDA_DSA` to enable device-side assertions.

2025-04-24 19:08:42,825 - __mp_main__ - INFO - Running trial 30 on device cuda:0
2025-04-24 19:08:42,835 - __main__ - INFO - Trial 29 completed with value: inf
2025-04-24 19:08:43,025 - __mp_main__ - INFO - Using adjusted dimensions - hidden_dims: [145, 45, 15], coord_embed_dim: 30
2025-04-24 19:08:43,034 - __mp_main__ - ERROR - Error in trial 30: CUDA error: device-side assert triggered
CUDA kernel errors might be asynchronously reported at some other API call, so the stacktrace below might be incorrect.
For debugging consider passing CUDA_LAUNCH_BLOCKING=1
Compile with `TORCH_USE_CUDA_DSA` to enable device-side assertions.
Traceback (most recent call last):
  File "/home/navid_m_moghadam/optuna_hyperparam_search.py", line 254, in objective
    model = MultiEthnicSpatialMoEPredictor(
  File "/home/navid_m_moghadam/spatial_moe_model.py", line 298, in __init__
    self.colonization_expert = MultiEthnicColonizationExpert(
  File "/home/navid_m_moghadam/csrn/experts/colonization_expert.py", line 44, in __init__
    ).to(device)
  File "/home/navid_m_moghadam/hpo_env/lib/python3.10/site-packages/torch/nn/modules/module.py", line 1340, in to
    return self._apply(convert)
  File "/home/navid_m_moghadam/hpo_env/lib/python3.10/site-packages/torch/nn/modules/module.py", line 900, in _apply
    module._apply(fn)
  File "/home/navid_m_moghadam/hpo_env/lib/python3.10/site-packages/torch/nn/modules/module.py", line 927, in _apply
    param_applied = fn(param)
  File "/home/navid_m_moghadam/hpo_env/lib/python3.10/site-packages/torch/nn/modules/module.py", line 1326, in convert
    return t.to(
RuntimeError: CUDA error: device-side assert triggered
CUDA kernel errors might be asynchronously reported at some other API call, so the stacktrace below might be incorrect.
For debugging consider passing CUDA_LAUNCH_BLOCKING=1
Compile with `TORCH_USE_CUDA_DSA` to enable device-side assertions.

2025-04-24 19:08:43,066 - __mp_main__ - INFO - Running trial 31 on device cuda:0
2025-04-24 19:08:43,078 - __main__ - INFO - Trial 30 completed with value: inf
2025-04-24 19:08:43,265 - __mp_main__ - INFO - Using adjusted dimensions - hidden_dims: [135, 75, 25], coord_embed_dim: 35
2025-04-24 19:08:43,273 - __mp_main__ - ERROR - Error in trial 31: CUDA error: device-side assert triggered
CUDA kernel errors might be asynchronously reported at some other API call, so the stacktrace below might be incorrect.
For debugging consider passing CUDA_LAUNCH_BLOCKING=1
Compile with `TORCH_USE_CUDA_DSA` to enable device-side assertions.
Traceback (most recent call last):
  File "/home/navid_m_moghadam/optuna_hyperparam_search.py", line 254, in objective
    model = MultiEthnicSpatialMoEPredictor(
  File "/home/navid_m_moghadam/spatial_moe_model.py", line 298, in __init__
    self.colonization_expert = MultiEthnicColonizationExpert(
  File "/home/navid_m_moghadam/csrn/experts/colonization_expert.py", line 44, in __init__
    ).to(device)
  File "/home/navid_m_moghadam/hpo_env/lib/python3.10/site-packages/torch/nn/modules/module.py", line 1340, in to
    return self._apply(convert)
  File "/home/navid_m_moghadam/hpo_env/lib/python3.10/site-packages/torch/nn/modules/module.py", line 900, in _apply
    module._apply(fn)
  File "/home/navid_m_moghadam/hpo_env/lib/python3.10/site-packages/torch/nn/modules/module.py", line 927, in _apply
    param_applied = fn(param)
  File "/home/navid_m_moghadam/hpo_env/lib/python3.10/site-packages/torch/nn/modules/module.py", line 1326, in convert
    return t.to(
RuntimeError: CUDA error: device-side assert triggered
CUDA kernel errors might be asynchronously reported at some other API call, so the stacktrace below might be incorrect.
For debugging consider passing CUDA_LAUNCH_BLOCKING=1
Compile with `TORCH_USE_CUDA_DSA` to enable device-side assertions.

2025-04-24 19:08:43,304 - __mp_main__ - INFO - Running trial 32 on device cuda:0
2025-04-24 19:08:43,317 - __main__ - INFO - Trial 31 completed with value: inf
2025-04-24 19:08:43,499 - __mp_main__ - INFO - Using adjusted dimensions - hidden_dims: [145, 70, 25], coord_embed_dim: 40
2025-04-24 19:08:43,508 - __mp_main__ - ERROR - Error in trial 32: CUDA error: device-side assert triggered
CUDA kernel errors might be asynchronously reported at some other API call, so the stacktrace below might be incorrect.
For debugging consider passing CUDA_LAUNCH_BLOCKING=1
Compile with `TORCH_USE_CUDA_DSA` to enable device-side assertions.
Traceback (most recent call last):
  File "/home/navid_m_moghadam/optuna_hyperparam_search.py", line 254, in objective
    model = MultiEthnicSpatialMoEPredictor(
  File "/home/navid_m_moghadam/spatial_moe_model.py", line 298, in __init__
    self.colonization_expert = MultiEthnicColonizationExpert(
  File "/home/navid_m_moghadam/csrn/experts/colonization_expert.py", line 44, in __init__
    ).to(device)
  File "/home/navid_m_moghadam/hpo_env/lib/python3.10/site-packages/torch/nn/modules/module.py", line 1340, in to
    return self._apply(convert)
  File "/home/navid_m_moghadam/hpo_env/lib/python3.10/site-packages/torch/nn/modules/module.py", line 900, in _apply
    module._apply(fn)
  File "/home/navid_m_moghadam/hpo_env/lib/python3.10/site-packages/torch/nn/modules/module.py", line 927, in _apply
    param_applied = fn(param)
  File "/home/navid_m_moghadam/hpo_env/lib/python3.10/site-packages/torch/nn/modules/module.py", line 1326, in convert
    return t.to(
RuntimeError: CUDA error: device-side assert triggered
CUDA kernel errors might be asynchronously reported at some other API call, so the stacktrace below might be incorrect.
For debugging consider passing CUDA_LAUNCH_BLOCKING=1
Compile with `TORCH_USE_CUDA_DSA` to enable device-side assertions.

2025-04-24 19:08:43,540 - __mp_main__ - INFO - Running trial 33 on device cuda:0
2025-04-24 19:08:43,554 - __main__ - INFO - Trial 32 completed with value: inf
2025-04-24 19:08:43,736 - __mp_main__ - INFO - Using adjusted dimensions - hidden_dims: [175, 84, 28], coord_embed_dim: 49
2025-04-24 19:08:43,747 - __mp_main__ - ERROR - Error in trial 33: CUDA error: device-side assert triggered
CUDA kernel errors might be asynchronously reported at some other API call, so the stacktrace below might be incorrect.
For debugging consider passing CUDA_LAUNCH_BLOCKING=1
Compile with `TORCH_USE_CUDA_DSA` to enable device-side assertions.
Traceback (most recent call last):
  File "/home/navid_m_moghadam/optuna_hyperparam_search.py", line 254, in objective
    model = MultiEthnicSpatialMoEPredictor(
  File "/home/navid_m_moghadam/spatial_moe_model.py", line 298, in __init__
    self.colonization_expert = MultiEthnicColonizationExpert(
  File "/home/navid_m_moghadam/csrn/experts/colonization_expert.py", line 44, in __init__
    ).to(device)
  File "/home/navid_m_moghadam/hpo_env/lib/python3.10/site-packages/torch/nn/modules/module.py", line 1340, in to
    return self._apply(convert)
  File "/home/navid_m_moghadam/hpo_env/lib/python3.10/site-packages/torch/nn/modules/module.py", line 900, in _apply
    module._apply(fn)
  File "/home/navid_m_moghadam/hpo_env/lib/python3.10/site-packages/torch/nn/modules/module.py", line 927, in _apply
    param_applied = fn(param)
  File "/home/navid_m_moghadam/hpo_env/lib/python3.10/site-packages/torch/nn/modules/module.py", line 1326, in convert
    return t.to(
RuntimeError: CUDA error: device-side assert triggered
CUDA kernel errors might be asynchronously reported at some other API call, so the stacktrace below might be incorrect.
For debugging consider passing CUDA_LAUNCH_BLOCKING=1
Compile with `TORCH_USE_CUDA_DSA` to enable device-side assertions.

2025-04-24 19:08:43,790 - __main__ - INFO - Trial 33 completed with value: inf
2025-04-24 19:08:43,794 - __mp_main__ - INFO - Running trial 34 on device cuda:0
2025-04-24 19:08:43,988 - __mp_main__ - INFO - Using adjusted dimensions - hidden_dims: [87, 42, 15], coord_embed_dim: 24
2025-04-24 19:08:43,995 - __mp_main__ - ERROR - Error in trial 34: CUDA error: device-side assert triggered
CUDA kernel errors might be asynchronously reported at some other API call, so the stacktrace below might be incorrect.
For debugging consider passing CUDA_LAUNCH_BLOCKING=1
Compile with `TORCH_USE_CUDA_DSA` to enable device-side assertions.
Traceback (most recent call last):
  File "/home/navid_m_moghadam/optuna_hyperparam_search.py", line 254, in objective
    model = MultiEthnicSpatialMoEPredictor(
  File "/home/navid_m_moghadam/spatial_moe_model.py", line 298, in __init__
    self.colonization_expert = MultiEthnicColonizationExpert(
  File "/home/navid_m_moghadam/csrn/experts/colonization_expert.py", line 44, in __init__
    ).to(device)
  File "/home/navid_m_moghadam/hpo_env/lib/python3.10/site-packages/torch/nn/modules/module.py", line 1340, in to
    return self._apply(convert)
  File "/home/navid_m_moghadam/hpo_env/lib/python3.10/site-packages/torch/nn/modules/module.py", line 900, in _apply
    module._apply(fn)
  File "/home/navid_m_moghadam/hpo_env/lib/python3.10/site-packages/torch/nn/modules/module.py", line 927, in _apply
    param_applied = fn(param)
  File "/home/navid_m_moghadam/hpo_env/lib/python3.10/site-packages/torch/nn/modules/module.py", line 1326, in convert
    return t.to(
RuntimeError: CUDA error: device-side assert triggered
CUDA kernel errors might be asynchronously reported at some other API call, so the stacktrace below might be incorrect.
For debugging consider passing CUDA_LAUNCH_BLOCKING=1
Compile with `TORCH_USE_CUDA_DSA` to enable device-side assertions.

2025-04-24 19:08:44,027 - __mp_main__ - INFO - Running trial 35 on device cuda:0
2025-04-24 19:08:44,040 - __main__ - INFO - Trial 34 completed with value: inf
2025-04-24 19:08:44,224 - __mp_main__ - INFO - Using adjusted dimensions - hidden_dims: [138, 72, 24], coord_embed_dim: 42
2025-04-24 19:08:44,232 - __mp_main__ - ERROR - Error in trial 35: CUDA error: device-side assert triggered
CUDA kernel errors might be asynchronously reported at some other API call, so the stacktrace below might be incorrect.
For debugging consider passing CUDA_LAUNCH_BLOCKING=1
Compile with `TORCH_USE_CUDA_DSA` to enable device-side assertions.
Traceback (most recent call last):
  File "/home/navid_m_moghadam/optuna_hyperparam_search.py", line 254, in objective
    model = MultiEthnicSpatialMoEPredictor(
  File "/home/navid_m_moghadam/spatial_moe_model.py", line 298, in __init__
    self.colonization_expert = MultiEthnicColonizationExpert(
  File "/home/navid_m_moghadam/csrn/experts/colonization_expert.py", line 44, in __init__
    ).to(device)
  File "/home/navid_m_moghadam/hpo_env/lib/python3.10/site-packages/torch/nn/modules/module.py", line 1340, in to
    return self._apply(convert)
  File "/home/navid_m_moghadam/hpo_env/lib/python3.10/site-packages/torch/nn/modules/module.py", line 900, in _apply
    module._apply(fn)
  File "/home/navid_m_moghadam/hpo_env/lib/python3.10/site-packages/torch/nn/modules/module.py", line 927, in _apply
    param_applied = fn(param)
  File "/home/navid_m_moghadam/hpo_env/lib/python3.10/site-packages/torch/nn/modules/module.py", line 1326, in convert
    return t.to(
RuntimeError: CUDA error: device-side assert triggered
CUDA kernel errors might be asynchronously reported at some other API call, so the stacktrace below might be incorrect.
For debugging consider passing CUDA_LAUNCH_BLOCKING=1
Compile with `TORCH_USE_CUDA_DSA` to enable device-side assertions.

2025-04-24 19:08:44,265 - __mp_main__ - INFO - Running trial 36 on device cuda:0
2025-04-24 19:08:44,276 - __main__ - INFO - Trial 35 completed with value: inf
2025-04-24 19:08:44,461 - __mp_main__ - INFO - Using adjusted dimensions - hidden_dims: [135, 70, 20], coord_embed_dim: 30
2025-04-24 19:08:44,469 - __mp_main__ - ERROR - Error in trial 36: CUDA error: device-side assert triggered
CUDA kernel errors might be asynchronously reported at some other API call, so the stacktrace below might be incorrect.
For debugging consider passing CUDA_LAUNCH_BLOCKING=1
Compile with `TORCH_USE_CUDA_DSA` to enable device-side assertions.
Traceback (most recent call last):
  File "/home/navid_m_moghadam/optuna_hyperparam_search.py", line 254, in objective
    model = MultiEthnicSpatialMoEPredictor(
  File "/home/navid_m_moghadam/spatial_moe_model.py", line 298, in __init__
    self.colonization_expert = MultiEthnicColonizationExpert(
  File "/home/navid_m_moghadam/csrn/experts/colonization_expert.py", line 44, in __init__
    ).to(device)
  File "/home/navid_m_moghadam/hpo_env/lib/python3.10/site-packages/torch/nn/modules/module.py", line 1340, in to
    return self._apply(convert)
  File "/home/navid_m_moghadam/hpo_env/lib/python3.10/site-packages/torch/nn/modules/module.py", line 900, in _apply
    module._apply(fn)
  File "/home/navid_m_moghadam/hpo_env/lib/python3.10/site-packages/torch/nn/modules/module.py", line 927, in _apply
    param_applied = fn(param)
  File "/home/navid_m_moghadam/hpo_env/lib/python3.10/site-packages/torch/nn/modules/module.py", line 1326, in convert
    return t.to(
RuntimeError: CUDA error: device-side assert triggered
CUDA kernel errors might be asynchronously reported at some other API call, so the stacktrace below might be incorrect.
For debugging consider passing CUDA_LAUNCH_BLOCKING=1
Compile with `TORCH_USE_CUDA_DSA` to enable device-side assertions.

2025-04-24 19:08:44,502 - __mp_main__ - INFO - Running trial 37 on device cuda:0
2025-04-24 19:08:44,514 - __main__ - INFO - Trial 36 completed with value: inf
2025-04-24 19:08:44,695 - __mp_main__ - INFO - Using adjusted dimensions - hidden_dims: [174, 72, 18], coord_embed_dim: 48
2025-04-24 19:08:44,705 - __mp_main__ - ERROR - Error in trial 37: CUDA error: device-side assert triggered
CUDA kernel errors might be asynchronously reported at some other API call, so the stacktrace below might be incorrect.
For debugging consider passing CUDA_LAUNCH_BLOCKING=1
Compile with `TORCH_USE_CUDA_DSA` to enable device-side assertions.
Traceback (most recent call last):
  File "/home/navid_m_moghadam/optuna_hyperparam_search.py", line 254, in objective
    model = MultiEthnicSpatialMoEPredictor(
  File "/home/navid_m_moghadam/spatial_moe_model.py", line 298, in __init__
    self.colonization_expert = MultiEthnicColonizationExpert(
  File "/home/navid_m_moghadam/csrn/experts/colonization_expert.py", line 44, in __init__
    ).to(device)
  File "/home/navid_m_moghadam/hpo_env/lib/python3.10/site-packages/torch/nn/modules/module.py", line 1340, in to
    return self._apply(convert)
  File "/home/navid_m_moghadam/hpo_env/lib/python3.10/site-packages/torch/nn/modules/module.py", line 900, in _apply
    module._apply(fn)
  File "/home/navid_m_moghadam/hpo_env/lib/python3.10/site-packages/torch/nn/modules/module.py", line 927, in _apply
    param_applied = fn(param)
  File "/home/navid_m_moghadam/hpo_env/lib/python3.10/site-packages/torch/nn/modules/module.py", line 1326, in convert
    return t.to(
RuntimeError: CUDA error: device-side assert triggered
CUDA kernel errors might be asynchronously reported at some other API call, so the stacktrace below might be incorrect.
For debugging consider passing CUDA_LAUNCH_BLOCKING=1
Compile with `TORCH_USE_CUDA_DSA` to enable device-side assertions.

2025-04-24 19:08:44,738 - __mp_main__ - INFO - Running trial 38 on device cuda:0
2025-04-24 19:08:44,749 - __main__ - INFO - Trial 37 completed with value: inf
2025-04-24 19:08:44,936 - __mp_main__ - INFO - Using adjusted dimensions - hidden_dims: [33, 48, 15], coord_embed_dim: 21
2025-04-24 19:08:44,941 - __mp_main__ - ERROR - Error in trial 38: CUDA error: device-side assert triggered
CUDA kernel errors might be asynchronously reported at some other API call, so the stacktrace below might be incorrect.
For debugging consider passing CUDA_LAUNCH_BLOCKING=1
Compile with `TORCH_USE_CUDA_DSA` to enable device-side assertions.
Traceback (most recent call last):
  File "/home/navid_m_moghadam/optuna_hyperparam_search.py", line 254, in objective
    model = MultiEthnicSpatialMoEPredictor(
  File "/home/navid_m_moghadam/spatial_moe_model.py", line 298, in __init__
    self.colonization_expert = MultiEthnicColonizationExpert(
  File "/home/navid_m_moghadam/csrn/experts/colonization_expert.py", line 44, in __init__
    ).to(device)
  File "/home/navid_m_moghadam/hpo_env/lib/python3.10/site-packages/torch/nn/modules/module.py", line 1340, in to
    return self._apply(convert)
  File "/home/navid_m_moghadam/hpo_env/lib/python3.10/site-packages/torch/nn/modules/module.py", line 900, in _apply
    module._apply(fn)
  File "/home/navid_m_moghadam/hpo_env/lib/python3.10/site-packages/torch/nn/modules/module.py", line 927, in _apply
    param_applied = fn(param)
  File "/home/navid_m_moghadam/hpo_env/lib/python3.10/site-packages/torch/nn/modules/module.py", line 1326, in convert
    return t.to(
RuntimeError: CUDA error: device-side assert triggered
CUDA kernel errors might be asynchronously reported at some other API call, so the stacktrace below might be incorrect.
For debugging consider passing CUDA_LAUNCH_BLOCKING=1
Compile with `TORCH_USE_CUDA_DSA` to enable device-side assertions.

2025-04-24 19:08:44,972 - __mp_main__ - INFO - Running trial 39 on device cuda:0
2025-04-24 19:08:44,987 - __main__ - INFO - Trial 38 completed with value: inf
2025-04-24 19:08:45,168 - __mp_main__ - INFO - Using adjusted dimensions - hidden_dims: [182, 105, 35], coord_embed_dim: 42
2025-04-24 19:08:45,179 - __mp_main__ - ERROR - Error in trial 39: CUDA error: device-side assert triggered
CUDA kernel errors might be asynchronously reported at some other API call, so the stacktrace below might be incorrect.
For debugging consider passing CUDA_LAUNCH_BLOCKING=1
Compile with `TORCH_USE_CUDA_DSA` to enable device-side assertions.
Traceback (most recent call last):
  File "/home/navid_m_moghadam/optuna_hyperparam_search.py", line 254, in objective
    model = MultiEthnicSpatialMoEPredictor(
  File "/home/navid_m_moghadam/spatial_moe_model.py", line 298, in __init__
    self.colonization_expert = MultiEthnicColonizationExpert(
  File "/home/navid_m_moghadam/csrn/experts/colonization_expert.py", line 44, in __init__
    ).to(device)
  File "/home/navid_m_moghadam/hpo_env/lib/python3.10/site-packages/torch/nn/modules/module.py", line 1340, in to
    return self._apply(convert)
  File "/home/navid_m_moghadam/hpo_env/lib/python3.10/site-packages/torch/nn/modules/module.py", line 900, in _apply
    module._apply(fn)
  File "/home/navid_m_moghadam/hpo_env/lib/python3.10/site-packages/torch/nn/modules/module.py", line 927, in _apply
    param_applied = fn(param)
  File "/home/navid_m_moghadam/hpo_env/lib/python3.10/site-packages/torch/nn/modules/module.py", line 1326, in convert
    return t.to(
RuntimeError: CUDA error: device-side assert triggered
CUDA kernel errors might be asynchronously reported at some other API call, so the stacktrace below might be incorrect.
For debugging consider passing CUDA_LAUNCH_BLOCKING=1
Compile with `TORCH_USE_CUDA_DSA` to enable device-side assertions.

2025-04-24 19:08:45,211 - __mp_main__ - INFO - Running trial 40 on device cuda:0
2025-04-24 19:08:45,224 - __main__ - INFO - Trial 39 completed with value: inf
2025-04-24 19:08:45,410 - __mp_main__ - INFO - Using adjusted dimensions - hidden_dims: [150, 70, 20], coord_embed_dim: 20
2025-04-24 19:08:45,418 - __mp_main__ - ERROR - Error in trial 40: CUDA error: device-side assert triggered
CUDA kernel errors might be asynchronously reported at some other API call, so the stacktrace below might be incorrect.
For debugging consider passing CUDA_LAUNCH_BLOCKING=1
Compile with `TORCH_USE_CUDA_DSA` to enable device-side assertions.
Traceback (most recent call last):
  File "/home/navid_m_moghadam/optuna_hyperparam_search.py", line 254, in objective
    model = MultiEthnicSpatialMoEPredictor(
  File "/home/navid_m_moghadam/spatial_moe_model.py", line 298, in __init__
    self.colonization_expert = MultiEthnicColonizationExpert(
  File "/home/navid_m_moghadam/csrn/experts/colonization_expert.py", line 44, in __init__
    ).to(device)
  File "/home/navid_m_moghadam/hpo_env/lib/python3.10/site-packages/torch/nn/modules/module.py", line 1340, in to
    return self._apply(convert)
  File "/home/navid_m_moghadam/hpo_env/lib/python3.10/site-packages/torch/nn/modules/module.py", line 900, in _apply
    module._apply(fn)
  File "/home/navid_m_moghadam/hpo_env/lib/python3.10/site-packages/torch/nn/modules/module.py", line 927, in _apply
    param_applied = fn(param)
  File "/home/navid_m_moghadam/hpo_env/lib/python3.10/site-packages/torch/nn/modules/module.py", line 1326, in convert
    return t.to(
RuntimeError: CUDA error: device-side assert triggered
CUDA kernel errors might be asynchronously reported at some other API call, so the stacktrace below might be incorrect.
For debugging consider passing CUDA_LAUNCH_BLOCKING=1
Compile with `TORCH_USE_CUDA_DSA` to enable device-side assertions.

2025-04-24 19:08:45,464 - __main__ - INFO - Trial 40 completed with value: inf
2025-04-24 19:08:45,618 - __mp_main__ - INFO - Running trial 41 on device cuda:0
2025-04-24 19:08:45,815 - __mp_main__ - INFO - Using adjusted dimensions - hidden_dims: [108, 30, 24], coord_embed_dim: 42
2025-04-24 19:08:45,822 - __mp_main__ - ERROR - Error in trial 41: CUDA error: device-side assert triggered
CUDA kernel errors might be asynchronously reported at some other API call, so the stacktrace below might be incorrect.
For debugging consider passing CUDA_LAUNCH_BLOCKING=1
Compile with `TORCH_USE_CUDA_DSA` to enable device-side assertions.
Traceback (most recent call last):
  File "/home/navid_m_moghadam/optuna_hyperparam_search.py", line 254, in objective
    model = MultiEthnicSpatialMoEPredictor(
  File "/home/navid_m_moghadam/spatial_moe_model.py", line 298, in __init__
    self.colonization_expert = MultiEthnicColonizationExpert(
  File "/home/navid_m_moghadam/csrn/experts/colonization_expert.py", line 44, in __init__
    ).to(device)
  File "/home/navid_m_moghadam/hpo_env/lib/python3.10/site-packages/torch/nn/modules/module.py", line 1340, in to
    return self._apply(convert)
  File "/home/navid_m_moghadam/hpo_env/lib/python3.10/site-packages/torch/nn/modules/module.py", line 900, in _apply
    module._apply(fn)
  File "/home/navid_m_moghadam/hpo_env/lib/python3.10/site-packages/torch/nn/modules/module.py", line 927, in _apply
    param_applied = fn(param)
  File "/home/navid_m_moghadam/hpo_env/lib/python3.10/site-packages/torch/nn/modules/module.py", line 1326, in convert
    return t.to(
RuntimeError: CUDA error: device-side assert triggered
CUDA kernel errors might be asynchronously reported at some other API call, so the stacktrace below might be incorrect.
For debugging consider passing CUDA_LAUNCH_BLOCKING=1
Compile with `TORCH_USE_CUDA_DSA` to enable device-side assertions.

2025-04-24 19:08:45,854 - __mp_main__ - INFO - Running trial 42 on device cuda:0
2025-04-24 19:08:45,865 - __main__ - INFO - Trial 41 completed with value: inf
2025-04-24 19:08:46,049 - __mp_main__ - INFO - Using adjusted dimensions - hidden_dims: [108, 42, 24], coord_embed_dim: 42
2025-04-24 19:08:46,057 - __mp_main__ - ERROR - Error in trial 42: CUDA error: device-side assert triggered
CUDA kernel errors might be asynchronously reported at some other API call, so the stacktrace below might be incorrect.
For debugging consider passing CUDA_LAUNCH_BLOCKING=1
Compile with `TORCH_USE_CUDA_DSA` to enable device-side assertions.
Traceback (most recent call last):
  File "/home/navid_m_moghadam/optuna_hyperparam_search.py", line 254, in objective
    model = MultiEthnicSpatialMoEPredictor(
  File "/home/navid_m_moghadam/spatial_moe_model.py", line 298, in __init__
    self.colonization_expert = MultiEthnicColonizationExpert(
  File "/home/navid_m_moghadam/csrn/experts/colonization_expert.py", line 44, in __init__
    ).to(device)
  File "/home/navid_m_moghadam/hpo_env/lib/python3.10/site-packages/torch/nn/modules/module.py", line 1340, in to
    return self._apply(convert)
  File "/home/navid_m_moghadam/hpo_env/lib/python3.10/site-packages/torch/nn/modules/module.py", line 900, in _apply
    module._apply(fn)
  File "/home/navid_m_moghadam/hpo_env/lib/python3.10/site-packages/torch/nn/modules/module.py", line 927, in _apply
    param_applied = fn(param)
  File "/home/navid_m_moghadam/hpo_env/lib/python3.10/site-packages/torch/nn/modules/module.py", line 1326, in convert
    return t.to(
RuntimeError: CUDA error: device-side assert triggered
CUDA kernel errors might be asynchronously reported at some other API call, so the stacktrace below might be incorrect.
For debugging consider passing CUDA_LAUNCH_BLOCKING=1
Compile with `TORCH_USE_CUDA_DSA` to enable device-side assertions.

2025-04-24 19:08:46,089 - __mp_main__ - INFO - Running trial 43 on device cuda:0
2025-04-24 19:08:46,102 - __main__ - INFO - Trial 42 completed with value: inf
2025-04-24 19:08:46,287 - __mp_main__ - INFO - Using adjusted dimensions - hidden_dims: [90, 50, 15], coord_embed_dim: 40
2025-04-24 19:08:46,294 - __mp_main__ - ERROR - Error in trial 43: CUDA error: device-side assert triggered
CUDA kernel errors might be asynchronously reported at some other API call, so the stacktrace below might be incorrect.
For debugging consider passing CUDA_LAUNCH_BLOCKING=1
Compile with `TORCH_USE_CUDA_DSA` to enable device-side assertions.
Traceback (most recent call last):
  File "/home/navid_m_moghadam/optuna_hyperparam_search.py", line 254, in objective
    model = MultiEthnicSpatialMoEPredictor(
  File "/home/navid_m_moghadam/spatial_moe_model.py", line 298, in __init__
    self.colonization_expert = MultiEthnicColonizationExpert(
  File "/home/navid_m_moghadam/csrn/experts/colonization_expert.py", line 44, in __init__
    ).to(device)
  File "/home/navid_m_moghadam/hpo_env/lib/python3.10/site-packages/torch/nn/modules/module.py", line 1340, in to
    return self._apply(convert)
  File "/home/navid_m_moghadam/hpo_env/lib/python3.10/site-packages/torch/nn/modules/module.py", line 900, in _apply
    module._apply(fn)
  File "/home/navid_m_moghadam/hpo_env/lib/python3.10/site-packages/torch/nn/modules/module.py", line 927, in _apply
    param_applied = fn(param)
  File "/home/navid_m_moghadam/hpo_env/lib/python3.10/site-packages/torch/nn/modules/module.py", line 1326, in convert
    return t.to(
RuntimeError: CUDA error: device-side assert triggered
CUDA kernel errors might be asynchronously reported at some other API call, so the stacktrace below might be incorrect.
For debugging consider passing CUDA_LAUNCH_BLOCKING=1
Compile with `TORCH_USE_CUDA_DSA` to enable device-side assertions.

2025-04-24 19:08:46,327 - __mp_main__ - INFO - Running trial 44 on device cuda:0
2025-04-24 19:08:46,340 - __main__ - INFO - Trial 43 completed with value: inf
2025-04-24 19:08:46,527 - __mp_main__ - INFO - Using adjusted dimensions - hidden_dims: [120, 42, 30], coord_embed_dim: 42
2025-04-24 19:08:46,535 - __mp_main__ - ERROR - Error in trial 44: CUDA error: device-side assert triggered
CUDA kernel errors might be asynchronously reported at some other API call, so the stacktrace below might be incorrect.
For debugging consider passing CUDA_LAUNCH_BLOCKING=1
Compile with `TORCH_USE_CUDA_DSA` to enable device-side assertions.
Traceback (most recent call last):
  File "/home/navid_m_moghadam/optuna_hyperparam_search.py", line 254, in objective
    model = MultiEthnicSpatialMoEPredictor(
  File "/home/navid_m_moghadam/spatial_moe_model.py", line 298, in __init__
    self.colonization_expert = MultiEthnicColonizationExpert(
  File "/home/navid_m_moghadam/csrn/experts/colonization_expert.py", line 44, in __init__
    ).to(device)
  File "/home/navid_m_moghadam/hpo_env/lib/python3.10/site-packages/torch/nn/modules/module.py", line 1340, in to
    return self._apply(convert)
  File "/home/navid_m_moghadam/hpo_env/lib/python3.10/site-packages/torch/nn/modules/module.py", line 900, in _apply
    module._apply(fn)
  File "/home/navid_m_moghadam/hpo_env/lib/python3.10/site-packages/torch/nn/modules/module.py", line 927, in _apply
    param_applied = fn(param)
  File "/home/navid_m_moghadam/hpo_env/lib/python3.10/site-packages/torch/nn/modules/module.py", line 1326, in convert
    return t.to(
RuntimeError: CUDA error: device-side assert triggered
CUDA kernel errors might be asynchronously reported at some other API call, so the stacktrace below might be incorrect.
For debugging consider passing CUDA_LAUNCH_BLOCKING=1
Compile with `TORCH_USE_CUDA_DSA` to enable device-side assertions.

2025-04-24 19:08:46,568 - __mp_main__ - INFO - Running trial 45 on device cuda:0
2025-04-24 19:08:46,581 - __main__ - INFO - Trial 44 completed with value: inf
2025-04-24 19:08:46,761 - __mp_main__ - INFO - Using adjusted dimensions - hidden_dims: [210, 28, 28], coord_embed_dim: 42
2025-04-24 19:08:46,773 - __mp_main__ - ERROR - Error in trial 45: CUDA error: device-side assert triggered
CUDA kernel errors might be asynchronously reported at some other API call, so the stacktrace below might be incorrect.
For debugging consider passing CUDA_LAUNCH_BLOCKING=1
Compile with `TORCH_USE_CUDA_DSA` to enable device-side assertions.
Traceback (most recent call last):
  File "/home/navid_m_moghadam/optuna_hyperparam_search.py", line 254, in objective
    model = MultiEthnicSpatialMoEPredictor(
  File "/home/navid_m_moghadam/spatial_moe_model.py", line 298, in __init__
    self.colonization_expert = MultiEthnicColonizationExpert(
  File "/home/navid_m_moghadam/csrn/experts/colonization_expert.py", line 44, in __init__
    ).to(device)
  File "/home/navid_m_moghadam/hpo_env/lib/python3.10/site-packages/torch/nn/modules/module.py", line 1340, in to
    return self._apply(convert)
  File "/home/navid_m_moghadam/hpo_env/lib/python3.10/site-packages/torch/nn/modules/module.py", line 900, in _apply
    module._apply(fn)
  File "/home/navid_m_moghadam/hpo_env/lib/python3.10/site-packages/torch/nn/modules/module.py", line 927, in _apply
    param_applied = fn(param)
  File "/home/navid_m_moghadam/hpo_env/lib/python3.10/site-packages/torch/nn/modules/module.py", line 1326, in convert
    return t.to(
RuntimeError: CUDA error: device-side assert triggered
CUDA kernel errors might be asynchronously reported at some other API call, so the stacktrace below might be incorrect.
For debugging consider passing CUDA_LAUNCH_BLOCKING=1
Compile with `TORCH_USE_CUDA_DSA` to enable device-side assertions.

2025-04-24 19:08:46,805 - __mp_main__ - INFO - Running trial 46 on device cuda:0
2025-04-24 19:08:46,817 - __main__ - INFO - Trial 45 completed with value: inf
2025-04-24 19:08:47,004 - __mp_main__ - INFO - Using adjusted dimensions - hidden_dims: [135, 45, 30], coord_embed_dim: 35
2025-04-24 19:08:47,012 - __mp_main__ - ERROR - Error in trial 46: CUDA error: device-side assert triggered
CUDA kernel errors might be asynchronously reported at some other API call, so the stacktrace below might be incorrect.
For debugging consider passing CUDA_LAUNCH_BLOCKING=1
Compile with `TORCH_USE_CUDA_DSA` to enable device-side assertions.
Traceback (most recent call last):
  File "/home/navid_m_moghadam/optuna_hyperparam_search.py", line 254, in objective
    model = MultiEthnicSpatialMoEPredictor(
  File "/home/navid_m_moghadam/spatial_moe_model.py", line 298, in __init__
    self.colonization_expert = MultiEthnicColonizationExpert(
  File "/home/navid_m_moghadam/csrn/experts/colonization_expert.py", line 44, in __init__
    ).to(device)
  File "/home/navid_m_moghadam/hpo_env/lib/python3.10/site-packages/torch/nn/modules/module.py", line 1340, in to
    return self._apply(convert)
  File "/home/navid_m_moghadam/hpo_env/lib/python3.10/site-packages/torch/nn/modules/module.py", line 900, in _apply
    module._apply(fn)
  File "/home/navid_m_moghadam/hpo_env/lib/python3.10/site-packages/torch/nn/modules/module.py", line 927, in _apply
    param_applied = fn(param)
  File "/home/navid_m_moghadam/hpo_env/lib/python3.10/site-packages/torch/nn/modules/module.py", line 1326, in convert
    return t.to(
RuntimeError: CUDA error: device-side assert triggered
CUDA kernel errors might be asynchronously reported at some other API call, so the stacktrace below might be incorrect.
For debugging consider passing CUDA_LAUNCH_BLOCKING=1
Compile with `TORCH_USE_CUDA_DSA` to enable device-side assertions.

2025-04-24 19:08:47,044 - __mp_main__ - INFO - Running trial 47 on device cuda:0
2025-04-24 19:08:47,058 - __main__ - INFO - Trial 46 completed with value: inf
2025-04-24 19:08:47,244 - __mp_main__ - INFO - Using adjusted dimensions - hidden_dims: [150, 72, 30], coord_embed_dim: 48
2025-04-24 19:08:47,253 - __mp_main__ - ERROR - Error in trial 47: CUDA error: device-side assert triggered
CUDA kernel errors might be asynchronously reported at some other API call, so the stacktrace below might be incorrect.
For debugging consider passing CUDA_LAUNCH_BLOCKING=1
Compile with `TORCH_USE_CUDA_DSA` to enable device-side assertions.
Traceback (most recent call last):
  File "/home/navid_m_moghadam/optuna_hyperparam_search.py", line 254, in objective
    model = MultiEthnicSpatialMoEPredictor(
  File "/home/navid_m_moghadam/spatial_moe_model.py", line 298, in __init__
    self.colonization_expert = MultiEthnicColonizationExpert(
  File "/home/navid_m_moghadam/csrn/experts/colonization_expert.py", line 44, in __init__
    ).to(device)
  File "/home/navid_m_moghadam/hpo_env/lib/python3.10/site-packages/torch/nn/modules/module.py", line 1340, in to
    return self._apply(convert)
  File "/home/navid_m_moghadam/hpo_env/lib/python3.10/site-packages/torch/nn/modules/module.py", line 900, in _apply
    module._apply(fn)
  File "/home/navid_m_moghadam/hpo_env/lib/python3.10/site-packages/torch/nn/modules/module.py", line 927, in _apply
    param_applied = fn(param)
  File "/home/navid_m_moghadam/hpo_env/lib/python3.10/site-packages/torch/nn/modules/module.py", line 1326, in convert
    return t.to(
RuntimeError: CUDA error: device-side assert triggered
CUDA kernel errors might be asynchronously reported at some other API call, so the stacktrace below might be incorrect.
For debugging consider passing CUDA_LAUNCH_BLOCKING=1
Compile with `TORCH_USE_CUDA_DSA` to enable device-side assertions.

2025-04-24 19:08:47,285 - __mp_main__ - INFO - Running trial 48 on device cuda:0
2025-04-24 19:08:47,299 - __main__ - INFO - Trial 47 completed with value: inf
2025-04-24 19:08:47,484 - __mp_main__ - INFO - Using adjusted dimensions - hidden_dims: [120, 20, 24], coord_embed_dim: 28
2025-04-24 19:08:47,492 - __mp_main__ - ERROR - Error in trial 48: CUDA error: device-side assert triggered
CUDA kernel errors might be asynchronously reported at some other API call, so the stacktrace below might be incorrect.
For debugging consider passing CUDA_LAUNCH_BLOCKING=1
Compile with `TORCH_USE_CUDA_DSA` to enable device-side assertions.
Traceback (most recent call last):
  File "/home/navid_m_moghadam/optuna_hyperparam_search.py", line 254, in objective
    model = MultiEthnicSpatialMoEPredictor(
  File "/home/navid_m_moghadam/spatial_moe_model.py", line 298, in __init__
    self.colonization_expert = MultiEthnicColonizationExpert(
  File "/home/navid_m_moghadam/csrn/experts/colonization_expert.py", line 44, in __init__
    ).to(device)
  File "/home/navid_m_moghadam/hpo_env/lib/python3.10/site-packages/torch/nn/modules/module.py", line 1340, in to
    return self._apply(convert)
  File "/home/navid_m_moghadam/hpo_env/lib/python3.10/site-packages/torch/nn/modules/module.py", line 900, in _apply
    module._apply(fn)
  File "/home/navid_m_moghadam/hpo_env/lib/python3.10/site-packages/torch/nn/modules/module.py", line 927, in _apply
    param_applied = fn(param)
  File "/home/navid_m_moghadam/hpo_env/lib/python3.10/site-packages/torch/nn/modules/module.py", line 1326, in convert
    return t.to(
RuntimeError: CUDA error: device-side assert triggered
CUDA kernel errors might be asynchronously reported at some other API call, so the stacktrace below might be incorrect.
For debugging consider passing CUDA_LAUNCH_BLOCKING=1
Compile with `TORCH_USE_CUDA_DSA` to enable device-side assertions.

2025-04-24 19:08:47,525 - __mp_main__ - INFO - Running trial 49 on device cuda:0
2025-04-24 19:08:47,677 - __main__ - INFO - Trial 48 completed with value: inf
2025-04-24 19:08:47,723 - __mp_main__ - INFO - Using adjusted dimensions - hidden_dims: [120, 20, 24], coord_embed_dim: 28
2025-04-24 19:08:47,731 - __mp_main__ - ERROR - Error in trial 49: CUDA error: device-side assert triggered
CUDA kernel errors might be asynchronously reported at some other API call, so the stacktrace below might be incorrect.
For debugging consider passing CUDA_LAUNCH_BLOCKING=1
Compile with `TORCH_USE_CUDA_DSA` to enable device-side assertions.
Traceback (most recent call last):
  File "/home/navid_m_moghadam/optuna_hyperparam_search.py", line 254, in objective
    model = MultiEthnicSpatialMoEPredictor(
  File "/home/navid_m_moghadam/spatial_moe_model.py", line 298, in __init__
    self.colonization_expert = MultiEthnicColonizationExpert(
  File "/home/navid_m_moghadam/csrn/experts/colonization_expert.py", line 44, in __init__
    ).to(device)
  File "/home/navid_m_moghadam/hpo_env/lib/python3.10/site-packages/torch/nn/modules/module.py", line 1340, in to
    return self._apply(convert)
  File "/home/navid_m_moghadam/hpo_env/lib/python3.10/site-packages/torch/nn/modules/module.py", line 900, in _apply
    module._apply(fn)
  File "/home/navid_m_moghadam/hpo_env/lib/python3.10/site-packages/torch/nn/modules/module.py", line 927, in _apply
    param_applied = fn(param)
  File "/home/navid_m_moghadam/hpo_env/lib/python3.10/site-packages/torch/nn/modules/module.py", line 1326, in convert
    return t.to(
RuntimeError: CUDA error: device-side assert triggered
CUDA kernel errors might be asynchronously reported at some other API call, so the stacktrace below might be incorrect.
For debugging consider passing CUDA_LAUNCH_BLOCKING=1
Compile with `TORCH_USE_CUDA_DSA` to enable device-side assertions.

2025-04-24 19:08:47,774 - __main__ - INFO - Trial 49 completed with value: inf
2025-04-24 19:08:48,657 - __main__ - INFO - Hyperparameter optimization completed
2025-04-24 19:08:48,657 - __main__ - INFO - Best trial: 18
2025-04-24 19:08:48,657 - __main__ - INFO - Best value: 444.597411
2025-04-24 19:08:48,658 - __main__ - INFO - Best parameters: {'attention_heads': 6, 'hidden_dim_1_base': 27, 'hidden_dim_2_base': 11, 'hidden_dim_3_base': 4, 'coord_embed_base': 7, 'dropout_rate': 0.11549007998447319, 'colonization_threshold': 0.12211010989323141, 'colonization_expert_weight': 0.5561910237863912, 'colonization_weight': 4.013156586009125, 'jump_threshold': 76.02602681139794, 'jump_expert_weight': 0.5709098241179948, 'jump_weight': 8.428747610454728, 'decline_threshold': 75.54437608969272, 'decline_expert_weight': 0.7488347084633729, 'decline_weight': 6.361538367632025, 'pde_expert_weight': 0.529750818372629, 'pde_weight': 5.172326697890094, 'learning_rate': 0.0005555268811326451, 'weight_decay': 0.0005639821283459794}
